{
  "best_trial": 19,
  "best_value": -1.5,
  "best_params": {
    "lr": 0.0024063972842750707,
    "momentum": 0.982554506671941,
    "weight_decay": 6.936427467767516e-07,
    "grad_clip": 0.9646682314598818,
    "entropy_coeff": 0.008393372112938328,
    "value_coeff": 0.16285661534676296,
    "miss_penalty": 0.21556770049096702,
    "mini_batch_size": 256,
    "updates_per_round": 15,
    "corpus_fraction": 0.5124710699028718,
    "threshold": 0.5355934495495241
  }
}