kernel,class,arm,class_cap,app_cap,tier_nodes,inserted_classes,stop,iterations,applications,classes_at_stop,live_classes,objective,shared_pass_bytes,input_nodes,compiled_nodes,bytes,dag_cost,schedule,selects,guarded,exclusive,spill_slots,hoisted,same_form_nan_mismatch,same_form_max_abs,packed_mismatch_same,optimize_ms,emit_ms,sat_wall_ms,peak_alloc_mb,git_sha
cellgrid_80x24_d2,cellgrid,cap10000-app200000,10000,200000,667,-,class_cap,3,12749,9059,2057,shared,427208,667,117,2576,428,217,0,0,0,6,19,0,0,0,27.584,0.588,26.627,4.67,8ecdc098
chrome_packed,chrome,cap10000-app200000,10000,200000,390815,-,class_cap,2,11528,9495,2933,shared,573144,335411,404,3600,1673,388,17,612,614,28,9,0,0,0,193.262,4.335,37.815,34.88,8ecdc098
chrome_R,chrome_channel,cap10000-app200000,10000,200000,133101,-,class_cap,2,11432,9413,2850,shared,544036,114633,294,2704,1384,281,9,404,406,24,8,0,0.000017881393432617188,0,70.381,2.777,33.092,12.00,8ecdc098
glyph16_U0020,glyph16,cap10000-app200000,10000,200000,1,-,quiesced,1,0,1,1,tree_cheaper,4,1,1,164,0,1,0,0,0,0,0,0,0,0,0.452,0.245,0.015,0.00,a1d56ee4
glyph16_U0021,glyph16,cap10000-app200000,10000,200000,267,-,class_cap,5,34662,7498,1103,tree_cheaper,30688,283,91,1104,275,56,7,48,54,0,15,0,0.00000095367431640625,0,867.431,2.045,866.831,3.66,a1d56ee4
glyph16_U0022,glyph16,cap10000-app200000,10000,200000,191,-,quiesced,7,17694,1642,151,tree_cheaper,2276,207,62,736,175,46,5,31,49,0,8,0,0.000000476837158203125,0,118.474,1.084,118.019,0.84,a1d56ee4
glyph16_U0023,glyph16,cap10000-app200000,10000,200000,647,-,class_cap,3,17063,6079,940,tree_cheaper,44316,663,276,2720,1071,144,17,143,207,0,39,0,0.0000018477439880371096,0,209.533,3.017,208.805,2.91,a1d56ee4
glyph16_U0024,glyph16,cap10000-app200000,10000,200000,6151,-,class_cap,1,6451,9939,5014,shared,552712,3363,2850,26752,12604,680,83,1574,1602,0,329,0,0.000002294778823852539,0,36.534,19.034,31.873,5.57,a1d56ee4
glyph16_U0025,glyph16,cap10000-app200000,10000,200000,8791,-,class_cap,1,5403,9988,5462,shared,588820,4599,3870,35024,17563,982,113,2442,2442,0,391,0,0.0000019371509552001953,0,41.001,27.046,33.643,6.02,a1d56ee4
glyph16_U0026,glyph16,cap10000-app200000,10000,200000,7719,-,class_cap,1,6117,9971,5282,shared,594640,4103,3522,34064,15751,859,101,2076,2093,0,370,0,0.0000020265579223632813,0,38.805,24.795,32.561,5.89,a1d56ee4
glyph16_U0027,glyph16,cap10000-app200000,10000,200000,123,-,quiesced,7,12774,1153,108,tree_cheaper,1208,131,46,592,124,33,3,18,28,0,6,0,0.00000095367431640625,0,71.831,0.987,71.450,0.64,a1d56ee4
glyph16_U0028,glyph16,cap10000-app200000,10000,200000,1959,-,class_cap,2,12387,9583,2616,shared,252472,1031,732,8048,3138,210,25,490,490,0,75,0,0.0000013113021850585938,0,62.893,14.841,60.971,4.89,a1d56ee4
glyph16_U0029,glyph16,cap10000-app200000,10000,200000,1777,-,class_cap,2,12038,9562,2783,shared,261800,953,674,7440,2903,197,23,448,448,0,72,0,0.0000015348196029663086,0,54.970,6.476,53.617,4.88,a1d56ee4
glyph16_U002A,glyph16,cap10000-app200000,10000,200000,647,-,class_cap,3,18399,7293,1154,tree_cheaper,48208,663,304,3072,1236,142,17,155,197,0,45,0,0.0000021457672119140625,0,226.423,3.044,225.500,3.79,a1d56ee4
glyph16_U002B,glyph16,cap10000-app200000,10000,200000,259,-,class_cap,28,161545,5448,324,tree_cheaper,7744,283,73,816,205,52,7,37,46,0,10,0,0.000000476837158203125,0,1147.454,1.942,1146.875,2.63,a1d56ee4
glyph16_U002C,glyph16,cap10000-app200000,10000,200000,199,-,quiesced,7,28182,2752,268,tree_cheaper,5252,207,88,1072,276,51,5,43,58,0,15,0,0.0000011920928955078125,0,219.166,1.292,218.381,1.33,a1d56ee4
glyph16_U002D,glyph16,cap10000-app200000,10000,200000,123,-,quiesced,7,12610,1138,110,tree_cheaper,1232,131,47,624,124,33,3,18,28,0,6,0,0.0000019073486328125,0,67.710,0.839,67.351,0.59,a1d56ee4
glyph16_U002E,glyph16,cap10000-app200000,10000,200000,123,-,class_cap,6,36511,7497,1073,tree_cheaper,32688,131,43,544,120,33,3,18,28,0,6,0,0.0000019073486328125,0,1319.550,0.781,1318.963,3.65,a1d56ee4
glyph16_U002F,glyph16,cap10000-app200000,10000,200000,131,-,class_cap,6,37598,7891,1177,tree_cheaper,29128,131,61,816,184,35,3,28,34,0,11,0,0.000000476837158203125,0,695.545,0.829,694.953,3.70,a1d56ee4
glyph16_U0030,glyph16,cap10000-app200000,10000,200000,5767,-,class_cap,1,6851,9924,4697,shared,502084,2983,2491,24256,11351,591,73,1463,1463,11,300,0,0.000001132488250732422,0,34.873,16.743,30.770,5.49,a1d56ee4
glyph16_U0031,glyph16,cap10000-app200000,10000,200000,301,-,class_cap,4,22547,5255,713,tree_cheaper,23504,321,122,1344,407,75,8,67,96,0,24,0,0.0000011920928955078125,0,305.417,1.646,304.819,2.68,a1d56ee4
glyph16_U0032,glyph16,cap10000-app200000,10000,200000,3827,-,class_cap,1,7766,9763,3953,shared,417008,2043,1508,16032,6829,414,50,965,976,0,195,0,0.0000007152557373046875,0,27.803,11.894,25.253,5.23,a1d56ee4
glyph16_U0033,glyph16,cap10000-app200000,10000,200000,5901,-,class_cap,1,6721,9917,4797,shared,521432,3097,2630,24784,11845,621,76,1495,1510,1,307,0,0.0000010132789611816406,0,35.170,17.763,30.966,5.51,a1d56ee4
glyph16_U0034,glyph16,cap10000-app200000,10000,200000,335,-,class_cap,4,22555,5176,707,tree_cheaper,25584,359,119,1360,398,72,9,64,79,0,23,0,0.0000015497207641601563,0,306.762,1.679,306.097,2.67,a1d56ee4
glyph16_U0035,glyph16,cap10000-app200000,10000,200000,4031,-,class_cap,1,7793,9757,3996,shared,388216,2159,1581,16688,7141,437,53,1025,1035,6,197,0,0.0000017881393432617188,0,28.839,12.915,26.158,5.22,a1d56ee4
glyph16_U0036,glyph16,cap10000-app200000,10000,200000,5793,-,class_cap,1,6721,9936,4801,shared,508612,3021,2607,24288,11784,604,74,1478,1484,0,311,0,0.000002384185791015625,0,34.511,16.458,30.358,5.50,a1d56ee4
glyph16_U0037,glyph16,cap10000-app200000,10000,200000,199,-,class_cap,5,31862,7128,974,tree_cheaper,23740,207,90,1088,280,53,5,45,60,0,17,0,0.000000476837158203125,0,775.536,1.240,774.927,3.41,a1d56ee4
glyph16_U0038,glyph16,cap10000-app200000,10000,200000,7671,-,class_cap,1,6362,9974,5147,shared,589948,3959,3368,31056,15261,812,97,2036,2036,3,355,0,0.000002205371856689453,0,39.439,22.813,33.515,5.84,a1d56ee4
glyph16_U0039,glyph16,cap10000-app200000,10000,200000,5833,-,class_cap,1,6752,9921,4780,shared,515980,3021,2634,24352,11905,606,74,1488,1488,0,307,0,0.00000286102294921875,0,34.923,17.987,30.696,5.49,a1d56ee4
glyph16_U003A,glyph16,cap10000-app200000,10000,200000,191,-,class_cap,6,40061,8279,1050,tree_cheaper,38708,207,52,624,143,38,5,23,23,0,7,0,0.000000476837158203125,0,1942.959,1.023,1942.300,4.34,a1d56ee4
glyph16_U003B,glyph16,cap10000-app200000,10000,200000,267,-,quiesced,12,49487,3722,363,tree_cheaper,8848,283,108,1312,334,65,7,57,81,0,18,0,0.000000476837158203125,0,547.736,6.728,545.734,1.82,a1d56ee4
glyph16_U003C,glyph16,cap10000-app200000,10000,200000,309,-,class_cap,5,31303,4645,524,tree_cheaper,17468,321,147,1744,474,77,8,76,93,2,28,0,0.0000014901161193847656,0,260.969,1.638,260.356,2.47,a1d56ee4
glyph16_U003D,glyph16,cap10000-app200000,10000,200000,191,-,class_cap,5,27694,7608,1119,tree_cheaper,26752,207,54,656,148,40,5,25,25,0,7,0,0,0,466.592,1.134,466.041,3.69,a1d56ee4
glyph16_U003E,glyph16,cap10000-app200000,10000,200000,309,-,class_cap,5,31208,4657,531,tree_cheaper,17736,321,147,1744,474,77,8,76,92,0,28,0,0.0000013113021850585938,0,283.411,1.609,282.845,2.48,a1d56ee4
glyph16_U003F,glyph16,cap10000-app200000,10000,200000,4159,-,class_cap,1,7579,9759,4142,shared,442012,2311,1683,18800,7502,471,57,1068,1091,1,212,0,0.0000012516975402832031,0,30.713,13.130,27.754,5.27,a1d56ee4
glyph16_U0040,glyph16,cap10000-app200000,10000,200000,7803,-,class_cap,1,6257,9962,5189,shared,586908,4111,3444,32496,15567,854,101,2097,2107,0,364,0,0.0000018477439880371096,0,39.555,22.488,33.295,5.88,a1d56ee4
glyph16_U0041,glyph16,cap10000-app200000,10000,200000,283,-,class_cap,4,24717,6007,782,tree_cheaper,25360,283,150,1760,609,71,7,77,95,0,35,0,0.000001430511474609375,0,488.226,1.709,487.604,2.79,a1d56ee4
glyph16_U0042,glyph16,cap10000-app200000,10000,200000,3965,-,class_cap,1,7791,9750,3981,shared,426244,2121,1541,16080,6988,427,52,1010,1016,0,192,0,0.0000012516975402832031,0,29.963,12.803,27.237,5.22,a1d56ee4
glyph16_U0043,glyph16,cap10000-app200000,10000,200000,3963,-,class_cap,1,7797,9756,3966,shared,385936,2083,1539,15696,7044,416,51,992,996,0,189,0,0.0000019073486328125,0,28.585,12.042,25.979,5.21,a1d56ee4
glyph16_U0044,glyph16,cap10000-app200000,10000,200000,2027,-,class_cap,2,13505,9371,2213,shared,182092,1107,752,8352,3235,229,27,516,521,0,79,0,0.0000026226043701171875,0,175.570,7.361,173.976,4.84,a1d56ee4
glyph16_U0045,glyph16,cap10000-app200000,10000,200000,259,-,class_cap,5,31722,7146,969,tree_cheaper,28352,283,83,928,226,58,7,43,61,0,14,0,0.00000095367431640625,0,677.320,1.334,676.641,3.40,a1d56ee4
glyph16_U0046,glyph16,cap10000-app200000,10000,200000,225,-,class_cap,5,29586,6855,934,tree_cheaper,23836,245,72,784,196,51,6,36,50,0,12,0,0.0000011920928955078125,0,622.390,1.362,621.761,3.45,a1d56ee4
glyph16_U0047,glyph16,cap10000-app200000,10000,200000,4031,-,class_cap,1,7743,9758,4028,shared,390476,2159,1593,16608,7195,438,53,1026,1036,0,197,0,0.0000017881393432617188,0,29.450,15.575,26.623,5.22,a1d56ee4
glyph16_U0048,glyph16,cap10000-app200000,10000,200000,259,-,class_cap,5,29752,6671,880,tree_cheaper,25092,283,68,752,195,52,7,37,46,0,10,0,0.00000095367431640625,0,657.507,1.494,656.829,2.90,a1d56ee4
glyph16_U0049,glyph16,cap10000-app200000,10000,200000,259,-,class_cap,5,30071,6682,884,tree_cheaper,25180,283,70,768,201,52,7,37,46,0,10,0,0.00000095367431640625,0,687.568,1.396,686.805,2.90,a1d56ee4
glyph16_U004A,glyph16,cap10000-app200000,10000,200000,2111,-,class_cap,2,13268,9414,2250,shared,206052,1183,794,8976,3349,247,29,545,550,0,84,0,0.0000013709068298339844,0,95.627,8.065,93.977,4.87,a1d56ee4
glyph16_U004B,glyph16,cap10000-app200000,10000,200000,347,-,class_cap,4,26202,6284,832,tree_cheaper,29472,359,160,1872,612,83,9,82,105,2,37,0,0.0000016689300537109375,0,544.241,1.958,543.518,2.86,a1d56ee4
glyph16_U004C,glyph16,cap10000-app200000,10000,200000,157,-,class_cap,6,39589,7929,1025,tree_cheaper,35532,169,55,656,151,41,4,26,40,0,9,0,0.00000095367431640625,0,1616.078,1.038,1615.227,3.71,a1d56ee4
glyph16_U004D,glyph16,cap10000-app200000,10000,200000,343,-,class_cap,4,25362,6023,793,tree_cheaper,27624,359,147,1680,553,83,9,82,112,0,31,0,0.00000095367431640625,0,403.163,2.021,402.540,2.82,a1d56ee4
glyph16_U004E,glyph16,cap10000-app200000,10000,200000,267,-,class_cap,5,34035,7447,1049,tree_cheaper,30420,283,93,1072,284,63,7,48,75,0,15,0,0.000001430511474609375,0,770.222,1.497,769.577,3.65,a1d56ee4
glyph16_U004F,glyph16,cap10000-app200000,10000,200000,3863,-,class_cap,1,7985,9760,3819,shared,369336,2007,1467,15408,6722,400,49,976,976,0,188,0,0.000002205371856689453,0,27.676,12.682,25.201,5.22,a1d56ee4
glyph16_U0050,glyph16,cap10000-app200000,10000,200000,2061,-,class_cap,2,13534,9367,2208,shared,182100,1145,765,8464,3260,233,28,520,522,0,80,0,0.0000018477439880371096,0,179.935,7.987,178.410,4.84,a1d56ee4
glyph16_U0051,glyph16,cap10000-app200000,10000,200000,4461,-,class_cap,1,7654,9803,4180,shared,418212,2365,1823,18816,8307,478,58,1138,1150,0,234,0,0.0000020265579223632813,0,30.613,14.744,27.560,5.30,a1d56ee4
glyph16_U0052,glyph16,cap10000-app200000,10000,200000,3105,-,class_cap,2,10711,9859,3081,shared,286660,1709,1172,13248,4995,348,42,789,797,0,122,0,0.0000008940696716308594,0,115.127,9.954,112.934,5.15,a1d56ee4
glyph16_U0053,glyph16,cap10000-app200000,10000,200000,5943,-,class_cap,1,6607,9943,4896,shared,530492,3135,2728,25776,12233,632,77,1517,1528,0,319,0,0.0000016689300537109375,0,34.819,17.814,30.467,5.52,a1d56ee4
glyph16_U0054,glyph16,cap10000-app200000,10000,200000,191,-,class_cap,5,27254,6085,744,tree_cheaper,17928,207,62,704,178,47,5,32,50,0,9,0,0.000001430511474609375,0,562.500,1.160,561.902,2.79,a1d56ee4
glyph16_U0055,glyph16,cap10000-app200000,10000,200000,4031,-,class_cap,1,7810,9745,3950,shared,393860,2159,1500,16624,6815,435,53,1023,1033,6,184,0,0.0000020265579223632813,0,28.142,13.568,25.439,5.24,a1d56ee4
glyph16_U0056,glyph16,cap10000-app200000,10000,200000,207,-,class_cap,5,34680,6710,850,tree_cheaper,23596,207,97,1184,302,51,5,43,58,0,17,0,0.000003337860107421875,0,882.806,1.645,881.916,2.88,a1d56ee4
glyph16_U0057,glyph16,cap10000-app200000,10000,200000,359,-,class_cap,4,27866,6892,1040,tree_cheaper,35184,359,185,2144,756,89,9,104,128,0,40,0,0.000002384185791015625,0,844.347,1.819,843.606,3.37,a1d56ee4
glyph16_U0058,glyph16,cap10000-app200000,10000,200000,359,-,class_cap,4,28325,7262,997,tree_cheaper,36460,359,203,2320,838,89,9,102,126,0,46,0,0.0000026226043701171875,0,700.457,1.847,699.616,3.63,a1d56ee4
glyph16_U0059,glyph16,cap10000-app200000,10000,200000,275,-,class_cap,4,23234,5344,674,tree_cheaper,21300,283,131,1520,501,69,7,68,89,0,28,0,0.000003337860107421875,0,348.194,1.672,347.563,2.68,a1d56ee4
glyph16_U005A,glyph16,cap10000-app200000,10000,200000,267,-,class_cap,5,36346,7610,1106,tree_cheaper,30908,283,113,1296,345,68,7,60,84,1,21,0,0.000001430511474609375,0,1061.958,2.187,1061.342,3.68,a1d56ee4
glyph16_U005B,glyph16,cap10000-app200000,10000,200000,191,-,quiesced,7,16687,1526,152,tree_cheaper,2372,207,64,752,170,44,5,29,39,0,10,0,0.000000476837158203125,0,101.839,1.354,101.403,0.71,a1d56ee4
glyph16_U005C,glyph16,cap10000-app200000,10000,200000,131,-,class_cap,6,37505,7873,1210,tree_cheaper,29964,131,65,864,192,35,3,28,34,0,11,0,0.000000476837158203125,0,698.885,0.905,698.307,3.70,a1d56ee4
glyph16_U005D,glyph16,cap10000-app200000,10000,200000,191,-,quiesced,7,16993,1557,153,tree_cheaper,2360,207,65,752,175,45,5,30,39,0,10,0,0.000000476837158203125,0,112.984,1.347,112.584,0.72,a1d56ee4
glyph16_U005E,glyph16,cap10000-app200000,10000,200000,207,-,class_cap,4,21381,6394,978,tree_cheaper,22816,207,111,1344,409,53,5,52,64,0,20,0,0.000000476837158203125,0,228.827,1.789,228.294,2.84,a1d56ee4
glyph16_U005F,glyph16,cap10000-app200000,10000,200000,123,-,class_cap,6,33484,5177,522,tree_cheaper,13244,131,44,576,115,31,3,18,28,0,5,0,0.00000286102294921875,0,865.385,1.096,864.884,2.56,a1d56ee4
glyph16_U0060,glyph16,cap10000-app200000,10000,200000,131,-,class_cap,5,29135,7890,1383,tree_cheaper,22096,131,69,912,200,35,3,28,34,0,11,0,0.0000007152557373046875,0,390.177,0.949,389.670,3.73,a1d56ee4
glyph16_U0061,glyph16,cap10000-app200000,10000,200000,5517,-,class_cap,1,6862,9912,4681,shared,493348,2929,2454,23184,10999,589,72,1400,1413,1,290,0,0.0000019073486328125,0,33.962,17.905,29.917,5.47,a1d56ee4
glyph16_U0062,glyph16,cap10000-app200000,10000,200000,3981,-,class_cap,1,7796,9753,3974,shared,385384,2121,1550,15904,7055,426,52,1009,1013,0,192,0,0.0000023245811462402344,0,28.843,13.271,26.127,5.22,a1d56ee4
glyph16_U0063,glyph16,cap10000-app200000,10000,200000,3963,-,class_cap,1,7772,9762,3989,shared,387264,2083,1547,15760,7067,416,51,992,996,0,192,0,0.000002384185791015625,0,28.993,12.682,26.310,5.21,a1d56ee4
glyph16_U0064,glyph16,cap10000-app200000,10000,200000,3981,-,class_cap,1,7807,9753,3975,shared,384784,2121,1550,15968,7072,428,52,1004,1017,0,195,0,0.000002384185791015625,0,28.710,12.630,25.946,5.22,a1d56ee4
glyph16_U0065,glyph16,cap10000-app200000,10000,200000,4035,-,class_cap,1,7714,9757,4045,shared,392120,2159,1611,16608,7275,439,53,1025,1040,0,199,0,0.000001430511474609375,0,28.673,13.907,25.903,5.22,a1d56ee4
glyph16_U0066,glyph16,cap10000-app200000,10000,200000,1245,-,class_cap,2,14204,8800,2242,shared,189200,809,456,4944,1875,157,20,289,302,0,52,0,0.0000006556510925292969,0,118.463,5.129,117.239,4.68,a1d56ee4
glyph16_U0067,glyph16,cap10000-app200000,10000,200000,5969,-,class_cap,1,6733,9935,4808,shared,520648,3173,2666,25824,11990,636,78,1510,1534,3,318,0,0.0000033676624298095703,0,35.096,18.559,30.611,5.52,a1d56ee4
glyph16_U0068,glyph16,cap10000-app200000,10000,200000,2145,-,class_cap,2,13396,9450,2188,shared,186948,1221,792,8928,3341,249,30,541,548,0,83,0,0.0000013113021850585938,0,177.602,7.886,176.031,4.87,a1d56ee4
glyph16_U0069,glyph16,cap10000-app200000,10000,200000,293,-,class_cap,5,33099,7438,1050,tree_cheaper,34440,321,84,960,237,61,8,46,60,0,13,0,0.000000476837158203125,0,780.670,1.639,779.740,3.66,a1d56ee4
glyph16_U006A,glyph16,cap10000-app200000,10000,200000,1211,-,class_cap,2,13812,8784,2306,shared,201816,771,473,4992,1958,155,19,287,303,0,55,0,0.0000030994415283203125,0,63.911,4.893,62.866,4.68,a1d56ee4
glyph16_U006B,glyph16,cap10000-app200000,10000,200000,347,-,class_cap,4,26316,6313,838,tree_cheaper,30108,359,163,1920,616,84,9,83,106,2,38,0,0.0000016689300537109375,0,476.157,1.936,475.559,2.87,a1d56ee4
glyph16_U006C,glyph16,cap10000-app200000,10000,200000,1143,-,class_cap,2,13771,8892,2298,shared,190088,695,437,4688,1827,146,17,278,296,0,53,0,0.0000015497207641601563,0,78.481,4.783,77.444,4.68,a1d56ee4
glyph16_U006D,glyph16,cap10000-app200000,10000,200000,4133,-,class_cap,1,7822,9769,3903,shared,416728,2273,1519,17248,6884,447,56,1017,1031,22,196,0,0.0000015497207641601563,0,28.485,13.708,25.635,5.26,a1d56ee4
glyph16_U006E,glyph16,cap10000-app200000,10000,200000,2145,-,class_cap,2,13401,9447,2185,shared,183972,1221,788,8832,3344,249,30,541,548,0,83,0,0.0000025033950805664063,0,178.485,7.932,176.920,4.87,a1d56ee4
glyph16_U006F,glyph16,cap10000-app200000,10000,200000,3863,-,class_cap,1,8095,9763,3731,shared,364936,2007,1391,15712,6402,398,49,974,974,13,178,0,0.0000021457672119140625,0,27.556,12.144,25.084,5.23,a1d56ee4
glyph16_U0070,glyph16,cap10000-app200000,10000,200000,3981,-,class_cap,1,7802,9757,3980,shared,385288,2121,1545,16016,7066,427,52,1010,1016,0,194,0,0.0000023245811462402344,0,28.608,13.250,25.931,5.22,a1d56ee4
glyph16_U0071,glyph16,cap10000-app200000,10000,200000,3981,-,class_cap,1,7789,9757,3981,shared,386320,2121,1546,15792,7065,427,52,1003,1014,0,193,0,0.0000021457672119140625,0,29.484,13.094,26.789,5.22,a1d56ee4
glyph16_U0072,glyph16,cap10000-app200000,10000,200000,2127,-,class_cap,2,13154,9505,2251,shared,192112,1183,799,8928,3349,241,29,528,535,0,82,0,0.0000010728836059570313,0,149.041,8.114,147.111,4.88,a1d56ee4
glyph16_U0073,glyph16,cap10000-app200000,10000,200000,5739,-,class_cap,1,6674,9931,4821,shared,514500,3051,2615,25136,11687,618,75,1475,1486,1,310,0,0.0000017136335372924805,0,35.383,19.103,31.114,5.51,a1d56ee4
glyph16_U0074,glyph16,cap10000-app200000,10000,200000,1245,-,class_cap,2,14085,8777,2218,shared,191496,809,460,4864,1907,156,20,288,301,0,57,0,0.000000476837158203125,0,87.836,5.144,86.735,4.68,a1d56ee4
glyph16_U0075,glyph16,cap10000-app200000,10000,200000,2145,-,class_cap,2,13292,9410,2229,shared,204812,1221,800,8944,3367,250,30,536,550,0,84,0,0.000001728534698486328,0,96.166,9.218,94.557,4.87,a1d56ee4
glyph16_U0076,glyph16,cap10000-app200000,10000,200000,207,-,class_cap,5,34668,6721,885,tree_cheaper,24772,207,103,1296,337,53,5,52,64,0,20,0,0.00000095367431640625,0,882.731,1.244,882.163,2.88,a1d56ee4
glyph16_U0077,glyph16,cap10000-app200000,10000,200000,359,-,class_cap,4,26280,6195,813,tree_cheaper,29256,359,181,2096,751,87,9,102,126,0,38,0,0.000001430511474609375,0,571.316,1.952,570.677,2.85,a1d56ee4
glyph16_U0078,glyph16,cap10000-app200000,10000,200000,359,-,class_cap,4,28471,7311,996,tree_cheaper,36328,359,202,2304,838,89,9,102,126,0,46,0,0.00000095367431640625,0,703.359,1.901,702.709,3.64,a1d56ee4
glyph16_U0079,glyph16,cap10000-app200000,10000,200000,1693,-,class_cap,2,12769,9370,2601,shared,240536,977,670,7600,2818,210,24,437,449,0,71,0,0.0000011920928955078125,0,51.555,6.717,49.722,4.84,a1d56ee4
glyph16_U007A,glyph16,cap10000-app200000,10000,200000,267,-,class_cap,5,35641,7587,1116,tree_cheaper,30988,283,108,1296,330,64,7,56,72,1,20,0,0.000003337860107421875,0,982.670,1.519,981.957,3.68,a1d56ee4
glyph16_U007B,glyph16,cap10000-app200000,10000,200000,4101,-,class_cap,1,7718,9732,4041,shared,395052,2273,1598,16656,7145,455,56,1037,1053,0,194,0,0.0000013113021850585938,0,29.450,14.099,26.435,5.24,a1d56ee4
glyph16_U007C,glyph16,cap10000-app200000,10000,200000,123,-,class_cap,5,24237,7269,983,tree_cheaper,24364,131,45,576,125,35,3,20,30,0,6,0,0.0000002980232238769531,0,493.050,0.909,492.169,3.63,a1d56ee4
glyph16_U007D,glyph16,cap10000-app200000,10000,200000,4101,-,class_cap,1,7717,9739,4040,shared,394104,2273,1597,16528,7176,456,56,1032,1055,0,196,0,0.0000012516975402832031,0,30.921,14.745,27.964,5.24,a1d56ee4
glyph16_U007E,glyph16,cap10000-app200000,10000,200000,3995,-,class_cap,1,7827,9753,3986,shared,395180,2083,1563,16160,7098,421,51,1004,1009,0,192,0,0,0,47.838,21.029,45.024,5.21,a1d56ee4
glyph32_U0020,glyph32,cap10000-app200000,10000,200000,1,-,quiesced,1,0,1,1,tree_cheaper,4,1,1,164,0,1,0,0,0,0,0,0,0,0,0.383,0.216,0.013,0.00,a1d56ee4
glyph32_U0021,glyph32,cap10000-app200000,10000,200000,267,-,class_cap,5,34659,7498,1103,tree_cheaper,30688,283,91,1104,275,56,7,48,54,0,15,0,0,0,877.172,2.036,876.573,3.66,a1d56ee4
glyph32_U0022,glyph32,cap10000-app200000,10000,200000,191,-,quiesced,7,17694,1642,151,tree_cheaper,2276,207,62,736,175,46,5,31,49,0,8,0,0,0,120.047,1.191,119.448,0.84,a1d56ee4
glyph32_U0023,glyph32,cap10000-app200000,10000,200000,647,-,class_cap,3,17063,6079,940,tree_cheaper,44316,663,276,2720,1071,144,17,143,207,0,39,0,0.0000019073486328125,0,210.673,3.337,209.794,2.91,a1d56ee4
glyph32_U0024,glyph32,cap10000-app200000,10000,200000,6151,-,class_cap,1,6451,9939,5014,shared,552712,3363,2850,26752,12604,680,83,1574,1602,0,329,0,0.0000030994415283203125,0,35.944,22.028,31.233,5.57,a1d56ee4
glyph32_U0025,glyph32,cap10000-app200000,10000,200000,8791,-,class_cap,1,5403,9988,5462,shared,588820,4599,3870,35024,17563,982,113,2442,2442,0,391,0,0.00000196695327758789,0,42.016,29.077,34.411,6.02,a1d56ee4
glyph32_U0026,glyph32,cap10000-app200000,10000,200000,7719,-,class_cap,1,6117,9971,5282,shared,594640,4103,3522,34064,15751,859,101,2076,2093,0,370,0,0.000002384185791015625,0,39.414,25.995,33.072,5.89,a1d56ee4
glyph32_U0027,glyph32,cap10000-app200000,10000,200000,123,-,quiesced,7,12774,1152,108,tree_cheaper,1208,131,46,592,124,33,3,18,28,0,6,0,0,0,73.768,1.052,73.311,0.64,a1d56ee4
glyph32_U0028,glyph32,cap10000-app200000,10000,200000,1959,-,class_cap,2,12387,9583,2616,shared,252472,1031,732,8048,3138,210,25,490,490,0,75,0,0.0000006556510925292969,0,55.385,7.575,53.946,4.89,a1d56ee4
glyph32_U0029,glyph32,cap10000-app200000,10000,200000,1777,-,class_cap,2,12038,9562,2783,shared,261800,953,674,7440,2903,197,23,448,448,0,72,0,0.0000015497207641601563,0,51.443,6.974,49.796,4.88,a1d56ee4
glyph32_U002A,glyph32,cap10000-app200000,10000,200000,647,-,class_cap,3,18399,7293,1154,tree_cheaper,48208,663,304,3072,1236,142,17,155,197,0,45,0,0.0000019073486328125,0,222.401,3.319,221.569,3.79,a1d56ee4
glyph32_U002B,glyph32,cap10000-app200000,10000,200000,259,-,class_cap,28,161545,5448,324,tree_cheaper,7744,283,73,816,205,52,7,37,46,0,10,0,0,0,1128.560,1.428,1127.930,2.63,a1d56ee4
glyph32_U002C,glyph32,cap10000-app200000,10000,200000,199,-,quiesced,7,28182,2752,268,tree_cheaper,5252,207,88,1072,276,51,5,43,58,0,15,0,0.000000476837158203125,0,188.595,1.253,188.045,1.33,a1d56ee4
glyph32_U002D,glyph32,cap10000-app200000,10000,200000,123,-,quiesced,7,12610,1138,110,tree_cheaper,1232,131,47,624,124,33,3,18,28,0,6,0,0,0,66.786,0.850,66.476,0.59,a1d56ee4
glyph32_U002E,glyph32,cap10000-app200000,10000,200000,123,-,class_cap,6,36512,7496,1073,tree_cheaper,32708,131,43,544,120,33,3,18,28,0,6,0,0,0,1259.312,0.876,1258.658,3.65,a1d56ee4
glyph32_U002F,glyph32,cap10000-app200000,10000,200000,131,-,class_cap,6,37598,7891,1177,tree_cheaper,29128,131,61,816,184,35,3,28,34,0,11,0,0.0000019073486328125,0,697.447,0.926,696.826,3.70,a1d56ee4
glyph32_U0030,glyph32,cap10000-app200000,10000,200000,5767,-,class_cap,1,6851,9924,4697,shared,502084,2983,2491,24256,11351,591,73,1463,1463,11,300,0,0.0000019073486328125,0,34.722,18.917,30.601,5.49,a1d56ee4
glyph32_U0031,glyph32,cap10000-app200000,10000,200000,301,-,class_cap,4,22547,5256,713,tree_cheaper,23504,321,122,1344,407,75,8,67,96,0,24,0,0.0000010728836059570313,0,304.561,1.793,303.894,2.68,a1d56ee4
glyph32_U0032,glyph32,cap10000-app200000,10000,200000,3827,-,class_cap,1,7766,9763,3953,shared,417008,2043,1508,16032,6829,414,50,965,976,0,195,0,0.0000012516975402832031,0,29.426,13.155,26.731,5.23,a1d56ee4
glyph32_U0033,glyph32,cap10000-app200000,10000,200000,5901,-,class_cap,1,6721,9917,4797,shared,521432,3097,2630,24784,11845,621,76,1495,1510,1,307,0,0.0000007748603820800781,0,34.650,18.982,30.508,5.51,a1d56ee4
glyph32_U0034,glyph32,cap10000-app200000,10000,200000,335,-,class_cap,4,22555,5177,707,tree_cheaper,25584,359,119,1360,398,72,9,64,79,0,23,0,0.000000476837158203125,0,305.094,1.788,304.445,2.67,a1d56ee4
glyph32_U0035,glyph32,cap10000-app200000,10000,200000,4031,-,class_cap,1,7793,9757,3996,shared,388216,2159,1581,16688,7141,437,53,1025,1035,6,197,0,0.0000016689300537109375,0,28.536,13.428,25.894,5.22,a1d56ee4
glyph32_U0036,glyph32,cap10000-app200000,10000,200000,5793,-,class_cap,1,6721,9936,4801,shared,508612,3021,2607,24288,11784,604,74,1478,1484,0,311,0,0.000002205371856689453,0,34.956,20.414,30.717,5.50,a1d56ee4
glyph32_U0037,glyph32,cap10000-app200000,10000,200000,199,-,class_cap,5,31862,7129,974,tree_cheaper,23740,207,90,1088,280,53,5,45,60,0,17,0,0.000000476837158203125,0,766.892,1.453,766.301,3.41,a1d56ee4
glyph32_U0038,glyph32,cap10000-app200000,10000,200000,7671,-,class_cap,1,6362,9974,5147,shared,589948,3959,3368,31056,15261,812,97,2036,2036,3,355,0,0.0000012516975402832031,0,39.205,24.275,33.244,5.84,a1d56ee4
glyph32_U0039,glyph32,cap10000-app200000,10000,200000,5833,-,class_cap,1,6752,9921,4780,shared,515980,3021,2634,24352,11905,606,74,1488,1488,0,307,0,0.000003337860107421875,0,35.209,19.643,30.885,5.49,a1d56ee4
glyph32_U003A,glyph32,cap10000-app200000,10000,200000,191,-,class_cap,6,40061,8279,1050,tree_cheaper,38708,207,52,624,143,38,5,23,23,0,7,0,0,0,1956.826,1.125,1956.135,4.34,a1d56ee4
glyph32_U003B,glyph32,cap10000-app200000,10000,200000,267,-,quiesced,12,49487,3723,363,tree_cheaper,8848,283,108,1312,334,65,7,57,81,0,18,0,0.000000476837158203125,0,537.543,1.633,537.038,1.82,a1d56ee4
glyph32_U003C,glyph32,cap10000-app200000,10000,200000,309,-,class_cap,5,31303,4646,524,tree_cheaper,17468,321,147,1744,474,77,8,76,93,2,28,0,0.0000019073486328125,0,259.264,1.759,258.748,2.47,a1d56ee4
glyph32_U003D,glyph32,cap10000-app200000,10000,200000,191,-,class_cap,5,27694,7609,1119,tree_cheaper,26752,207,54,656,148,40,5,25,25,0,7,0,0,0,465.099,1.208,464.540,3.69,a1d56ee4
glyph32_U003E,glyph32,cap10000-app200000,10000,200000,309,-,class_cap,5,31208,4658,531,tree_cheaper,17736,321,147,1744,474,77,8,76,92,0,28,0,0.0000021457672119140625,0,282.942,1.679,282.254,2.48,a1d56ee4
glyph32_U003F,glyph32,cap10000-app200000,10000,200000,4159,-,class_cap,1,7579,9759,4142,shared,442012,2311,1683,18800,7502,471,57,1068,1091,1,212,0,0.0000029802322387695313,0,30.501,13.794,27.506,5.27,a1d56ee4
glyph32_U0040,glyph32,cap10000-app200000,10000,200000,7803,-,class_cap,1,6255,9962,5190,shared,586852,4111,3445,32512,15567,854,101,2097,2107,0,364,0,0.00000095367431640625,0,40.783,24.587,34.503,5.88,a1d56ee4
glyph32_U0041,glyph32,cap10000-app200000,10000,200000,283,-,class_cap,4,24717,6007,782,tree_cheaper,25360,283,150,1760,609,71,7,77,95,0,35,0,0.00000095367431640625,0,482.194,1.657,481.570,2.79,a1d56ee4
glyph32_U0042,glyph32,cap10000-app200000,10000,200000,3965,-,class_cap,1,7791,9750,3981,shared,426244,2121,1541,16080,6988,427,52,1010,1016,0,192,0,0.0000019073486328125,0,29.092,14.065,26.353,5.22,a1d56ee4
glyph32_U0043,glyph32,cap10000-app200000,10000,200000,3963,-,class_cap,1,7797,9756,3966,shared,385936,2083,1539,15696,7044,416,51,992,996,0,189,0,0.00000095367431640625,0,29.295,13.387,26.302,5.21,a1d56ee4
glyph32_U0044,glyph32,cap10000-app200000,10000,200000,2027,-,class_cap,2,13505,9371,2213,shared,182092,1107,752,8352,3235,229,27,516,521,0,79,0,0.0000008344650268554688,0,175.663,8.187,174.094,4.84,a1d56ee4
glyph32_U0045,glyph32,cap10000-app200000,10000,200000,259,-,class_cap,5,31722,7147,969,tree_cheaper,28352,283,83,928,226,58,7,43,61,0,14,0,0,0,695.233,1.501,694.556,3.40,a1d56ee4
glyph32_U0046,glyph32,cap10000-app200000,10000,200000,225,-,class_cap,5,29584,6855,934,tree_cheaper,23836,245,72,784,196,51,6,36,50,0,12,0,0,0,638.760,1.461,638.145,3.45,a1d56ee4
glyph32_U0047,glyph32,cap10000-app200000,10000,200000,4031,-,class_cap,1,7743,9758,4028,shared,390476,2159,1593,16608,7195,438,53,1026,1036,0,197,0,0.00000196695327758789,0,28.439,13.240,25.773,5.22,a1d56ee4
glyph32_U0048,glyph32,cap10000-app200000,10000,200000,259,-,class_cap,5,29750,6672,880,tree_cheaper,25092,283,68,752,195,52,7,37,46,0,10,0,0.000000476837158203125,0,656.200,1.544,655.634,2.90,a1d56ee4
glyph32_U0049,glyph32,cap10000-app200000,10000,200000,259,-,class_cap,5,30069,6683,885,tree_cheaper,25184,283,70,768,201,52,7,37,46,0,10,0,0,0,675.420,1.669,674.488,2.90,a1d56ee4
glyph32_U004A,glyph32,cap10000-app200000,10000,200000,2111,-,class_cap,2,13272,9412,2252,shared,206224,1183,795,8992,3349,247,29,545,550,0,84,0,0.0000004731118679046631,0,94.933,8.138,93.460,4.87,a1d56ee4
glyph32_U004B,glyph32,cap10000-app200000,10000,200000,347,-,class_cap,4,26202,6285,832,tree_cheaper,29472,359,160,1872,612,83,9,82,105,2,37,0,0.000003814697265625,0,476.809,1.959,476.162,2.86,a1d56ee4
glyph32_U004C,glyph32,cap10000-app200000,10000,200000,157,-,class_cap,6,39586,7930,1025,tree_cheaper,35532,169,55,656,151,41,4,26,40,0,9,0,0,0,1699.831,0.991,1699.232,3.71,a1d56ee4
glyph32_U004D,glyph32,cap10000-app200000,10000,200000,343,-,class_cap,4,25360,6024,793,tree_cheaper,27624,359,147,1680,553,83,9,82,112,0,31,0,0.00000095367431640625,0,409.313,2.075,408.715,2.82,a1d56ee4
glyph32_U004E,glyph32,cap10000-app200000,10000,200000,267,-,class_cap,5,34033,7446,1049,tree_cheaper,30420,283,93,1072,284,63,7,48,75,0,15,0,0.0000019073486328125,0,768.669,1.543,768.004,3.65,a1d56ee4
glyph32_U004F,glyph32,cap10000-app200000,10000,200000,3863,-,class_cap,1,7985,9760,3819,shared,369336,2007,1467,15408,6722,400,49,976,976,0,188,0,0.000004112720489501953,0,28.384,12.775,25.833,5.22,a1d56ee4
glyph32_U0050,glyph32,cap10000-app200000,10000,200000,2061,-,class_cap,2,13534,9367,2208,shared,182100,1145,765,8464,3260,233,28,520,522,0,80,0,0.000002205371856689453,0,183.449,9.708,181.514,4.84,a1d56ee4
glyph32_U0051,glyph32,cap10000-app200000,10000,200000,4461,-,class_cap,1,7654,9803,4180,shared,418212,2365,1823,18816,8307,478,58,1138,1150,0,234,0,0.0000013113021850585938,0,37.687,16.849,32.747,5.30,a1d56ee4
glyph32_U0052,glyph32,cap10000-app200000,10000,200000,3105,-,class_cap,2,10711,9859,3081,shared,286660,1709,1172,13248,4995,348,42,789,797,0,122,0,0.000001132488250732422,0,114.535,10.637,112.389,5.15,a1d56ee4
glyph32_U0053,glyph32,cap10000-app200000,10000,200000,5943,-,class_cap,1,6607,9943,4896,shared,530492,3135,2728,25776,12233,632,77,1517,1528,0,319,0,0.0000021457672119140625,0,34.954,19.374,30.602,5.52,a1d56ee4
glyph32_U0054,glyph32,cap10000-app200000,10000,200000,191,-,class_cap,5,27253,6089,744,tree_cheaper,17928,207,62,704,178,47,5,32,50,0,9,0,0,0,638.804,1.132,638.198,2.79,a1d56ee4
glyph32_U0055,glyph32,cap10000-app200000,10000,200000,4031,-,class_cap,1,7810,9745,3950,shared,393860,2159,1500,16624,6815,435,53,1023,1033,6,184,0,0.0000023245811462402344,0,28.085,14.822,25.290,5.24,a1d56ee4
glyph32_U0056,glyph32,cap10000-app200000,10000,200000,207,-,class_cap,5,34680,6710,850,tree_cheaper,23596,207,97,1184,302,51,5,43,58,0,17,0,0.00000095367431640625,0,882.862,1.582,881.626,2.88,a1d56ee4
glyph32_U0057,glyph32,cap10000-app200000,10000,200000,359,-,class_cap,4,27866,6892,1040,tree_cheaper,35184,359,185,2144,756,89,9,104,128,0,40,0,0.00000095367431640625,0,836.125,1.987,835.483,3.37,a1d56ee4
glyph32_U0058,glyph32,cap10000-app200000,10000,200000,359,-,class_cap,4,28325,7262,997,tree_cheaper,36460,359,203,2320,838,89,9,102,126,0,46,0,0.00000286102294921875,0,694.894,1.990,693.781,3.63,a1d56ee4
glyph32_U0059,glyph32,cap10000-app200000,10000,200000,275,-,class_cap,4,23234,5345,674,tree_cheaper,21300,283,131,1520,501,69,7,68,89,0,28,0,0.00000095367431640625,0,346.232,1.764,345.718,2.68,a1d56ee4
glyph32_U005A,glyph32,cap10000-app200000,10000,200000,267,-,class_cap,5,36344,7609,1106,tree_cheaper,30908,283,113,1296,345,68,7,60,84,1,21,0,0.0000019073486328125,0,1040.845,1.484,1040.179,3.68,a1d56ee4
glyph32_U005B,glyph32,cap10000-app200000,10000,200000,191,-,quiesced,7,16687,1527,152,tree_cheaper,2372,207,64,752,170,44,5,29,39,0,10,0,0,0,154.960,1.160,153.947,0.71,a1d56ee4
glyph32_U005C,glyph32,cap10000-app200000,10000,200000,131,-,class_cap,6,37505,7873,1210,tree_cheaper,29964,131,65,864,192,35,3,28,34,0,11,0,0.00000095367431640625,0,714.732,0.869,713.859,3.70,a1d56ee4
glyph32_U005D,glyph32,cap10000-app200000,10000,200000,191,-,quiesced,7,16993,1558,153,tree_cheaper,2360,207,65,752,175,45,5,30,39,0,10,0,0,0,113.087,1.282,112.227,0.72,a1d56ee4
glyph32_U005E,glyph32,cap10000-app200000,10000,200000,207,-,class_cap,4,21381,6394,978,tree_cheaper,22816,207,111,1344,409,53,5,52,64,0,20,0,0.000000476837158203125,0,241.996,1.146,241.364,2.84,a1d56ee4
glyph32_U005F,glyph32,cap10000-app200000,10000,200000,123,-,class_cap,6,33484,5176,522,tree_cheaper,13244,131,44,576,115,31,3,18,28,0,5,0,0.000001728534698486328,0,843.213,0.783,842.729,2.56,a1d56ee4
glyph32_U0060,glyph32,cap10000-app200000,10000,200000,131,-,class_cap,5,29135,7890,1383,tree_cheaper,22152,131,69,912,200,35,3,28,34,0,11,0,0.00000286102294921875,0,393.678,0.845,393.101,3.73,a1d56ee4
glyph32_U0061,glyph32,cap10000-app200000,10000,200000,5517,-,class_cap,1,6862,9912,4681,shared,493348,2929,2454,23184,10999,589,72,1400,1413,1,290,0,0.0000013113021850585938,0,33.458,16.293,29.565,5.47,a1d56ee4
glyph32_U0062,glyph32,cap10000-app200000,10000,200000,3981,-,class_cap,1,7796,9753,3974,shared,385384,2121,1550,15904,7055,426,52,1009,1013,0,192,0,0.0000013113021850585938,0,29.092,12.344,26.284,5.22,a1d56ee4
glyph32_U0063,glyph32,cap10000-app200000,10000,200000,3963,-,class_cap,1,7772,9762,3989,shared,387264,2083,1547,15760,7067,416,51,992,996,0,192,0,0.0000017881393432617188,0,28.328,11.817,25.774,5.21,a1d56ee4
glyph32_U0064,glyph32,cap10000-app200000,10000,200000,3981,-,class_cap,1,7807,9753,3975,shared,384784,2121,1550,15968,7072,428,52,1004,1017,0,195,0,0.0000013113021850585938,0,28.837,11.559,26.144,5.22,a1d56ee4
glyph32_U0065,glyph32,cap10000-app200000,10000,200000,4035,-,class_cap,1,7714,9757,4045,shared,392120,2159,1611,16608,7275,439,53,1025,1040,0,199,0,0.0000012516975402832031,0,28.656,16.172,25.975,5.22,a1d56ee4
glyph32_U0066,glyph32,cap10000-app200000,10000,200000,1245,-,class_cap,2,14204,8800,2242,shared,189200,809,456,4944,1875,157,20,289,302,0,52,0,0.000000476837158203125,0,117.952,5.373,116.691,4.68,a1d56ee4
glyph32_U0067,glyph32,cap10000-app200000,10000,200000,5969,-,class_cap,1,6733,9935,4808,shared,520648,3173,2666,25824,11990,636,78,1510,1534,3,318,0,0.000001728534698486328,0,34.558,17.830,30.317,5.52,a1d56ee4
glyph32_U0068,glyph32,cap10000-app200000,10000,200000,2145,-,class_cap,2,13396,9450,2188,shared,186948,1221,792,8928,3341,249,30,541,548,0,83,0,0.0000024437904357910156,0,180.168,7.495,178.609,4.87,a1d56ee4
glyph32_U0069,glyph32,cap10000-app200000,10000,200000,293,-,class_cap,5,33099,7438,1050,tree_cheaper,34440,321,84,960,237,61,8,46,60,0,13,0,0,0,796.116,1.519,795.493,3.66,a1d56ee4
glyph32_U006A,glyph32,cap10000-app200000,10000,200000,1211,-,class_cap,2,13812,8784,2306,shared,201816,771,473,4992,1958,155,19,287,303,0,55,0,0.000001430511474609375,0,64.391,4.533,63.370,4.68,a1d56ee4
glyph32_U006B,glyph32,cap10000-app200000,10000,200000,347,-,class_cap,4,26316,6313,838,tree_cheaper,30108,359,163,1920,616,84,9,83,106,2,38,0,0.00000095367431640625,0,477.592,1.879,477.001,2.87,a1d56ee4
glyph32_U006C,glyph32,cap10000-app200000,10000,200000,1143,-,class_cap,2,13771,8892,2298,shared,190088,695,437,4688,1827,146,17,278,296,0,53,0,0.000000476837158203125,0,77.743,5.380,76.728,4.68,a1d56ee4
glyph32_U006D,glyph32,cap10000-app200000,10000,200000,4133,-,class_cap,1,7822,9769,3903,shared,416728,2273,1519,17248,6884,447,56,1017,1031,22,196,0,0.0000027418136596679688,0,27.749,15.485,24.917,5.26,a1d56ee4
glyph32_U006E,glyph32,cap10000-app200000,10000,200000,2145,-,class_cap,2,13401,9447,2185,shared,183972,1221,788,8832,3344,249,30,541,548,0,83,0,0.000000476837158203125,0,183.871,8.072,182.182,4.87,a1d56ee4
glyph32_U006F,glyph32,cap10000-app200000,10000,200000,3863,-,class_cap,1,8095,9763,3731,shared,364936,2007,1391,15712,6402,398,49,974,974,13,178,0,0.000002562999725341797,0,27.822,13.155,25.315,5.23,a1d56ee4
glyph32_U0070,glyph32,cap10000-app200000,10000,200000,3981,-,class_cap,1,7802,9757,3980,shared,385288,2121,1545,16016,7066,427,52,1010,1016,0,194,0,0.000001728534698486328,0,28.947,13.849,26.131,5.22,a1d56ee4
glyph32_U0071,glyph32,cap10000-app200000,10000,200000,3981,-,class_cap,1,7789,9757,3981,shared,386320,2121,1546,15792,7065,427,52,1003,1014,0,193,0,0.0000027865171432495117,0,29.549,12.723,26.783,5.22,a1d56ee4
glyph32_U0072,glyph32,cap10000-app200000,10000,200000,2127,-,class_cap,2,13154,9505,2251,shared,192112,1183,799,8928,3349,241,29,528,535,0,82,0,0.000005245208740234375,0,148.209,7.776,146.575,4.88,a1d56ee4
glyph32_U0073,glyph32,cap10000-app200000,10000,200000,5739,-,class_cap,1,6674,9931,4821,shared,514500,3051,2615,25136,11687,618,75,1475,1486,1,310,0,0.00000095367431640625,0,34.847,17.313,30.551,5.51,a1d56ee4
glyph32_U0074,glyph32,cap10000-app200000,10000,200000,1245,-,class_cap,2,14085,8777,2218,shared,191496,809,460,4864,1907,156,20,288,301,0,57,0,0.0000003129243850708008,0,88.471,5.017,87.309,4.68,a1d56ee4
glyph32_U0075,glyph32,cap10000-app200000,10000,200000,2145,-,class_cap,2,13292,9410,2229,shared,204812,1221,800,8944,3367,250,30,536,550,0,84,0,0.000000476837158203125,0,96.728,7.661,95.024,4.87,a1d56ee4
glyph32_U0076,glyph32,cap10000-app200000,10000,200000,207,-,class_cap,5,34668,6721,885,tree_cheaper,24772,207,103,1296,337,53,5,52,64,0,20,0,0.00000095367431640625,0,883.366,1.153,882.783,2.88,a1d56ee4
glyph32_U0077,glyph32,cap10000-app200000,10000,200000,359,-,class_cap,4,26280,6195,813,tree_cheaper,29256,359,181,2096,751,87,9,102,126,0,38,0,0.00000095367431640625,0,574.403,1.811,573.801,2.85,a1d56ee4
glyph32_U0078,glyph32,cap10000-app200000,10000,200000,359,-,class_cap,4,28471,7311,996,tree_cheaper,36328,359,202,2304,838,89,9,102,126,0,46,0,0.0000019073486328125,0,709.378,1.808,708.665,3.64,a1d56ee4
glyph32_U0079,glyph32,cap10000-app200000,10000,200000,1693,-,class_cap,2,12769,9370,2601,shared,240536,977,670,7600,2818,210,24,437,449,0,71,0,0.0000015497207641601563,0,51.456,6.118,50.205,4.84,a1d56ee4
glyph32_U007A,glyph32,cap10000-app200000,10000,200000,267,-,class_cap,5,35641,7587,1116,tree_cheaper,30988,283,108,1296,330,64,7,56,72,1,20,0,0.0000002384185791015625,0,992.819,1.444,992.163,3.68,a1d56ee4
glyph32_U007B,glyph32,cap10000-app200000,10000,200000,4101,-,class_cap,1,7718,9732,4041,shared,395052,2273,1598,16656,7145,455,56,1037,1053,0,194,0,0.0000012516975402832031,0,29.649,12.942,26.752,5.24,a1d56ee4
glyph32_U007C,glyph32,cap10000-app200000,10000,200000,123,-,class_cap,5,24237,7269,983,tree_cheaper,24376,131,45,576,125,35,3,20,30,0,6,0,0,0,496.971,0.784,496.384,3.63,a1d56ee4
glyph32_U007D,glyph32,cap10000-app200000,10000,200000,4101,-,class_cap,1,7717,9739,4040,shared,394104,2273,1597,16528,7176,456,56,1032,1055,0,196,0,0.0000019073486328125,0,29.394,12.576,26.566,5.24,a1d56ee4
glyph32_U007E,glyph32,cap10000-app200000,10000,200000,3995,-,class_cap,1,7827,9753,3986,shared,395180,2083,1563,16160,7098,421,51,1004,1009,0,192,0,0.00000095367431640625,0,28.441,12.396,25.760,5.21,a1d56ee4
psychedelic_packed,psychedelic,cap10000-app200000,10000,200000,1246,-,class_cap,3,11318,7141,1732,tree_cheaper,49680,1246,111,2368,826,127,1,29,30,0,13,0,0,0,25.065,0.945,24.328,3.42,8ecdc098
shader_cosine_palette,shader,cap10000-app200000,10000,200000,40,-,class_cap,4,13676,8852,1863,tree_cheaper,122000,40,25,1232,292,133,3,99,102,0,1,0,0,0,30.074,0.973,29.363,4.52,a1d56ee4
shader_smooth_min_scene,shader,cap10000-app200000,10000,200000,43,-,class_cap,12,69343,4077,314,tree_cheaper,8152,43,39,448,132,34,0,0,0,0,2,0,0,0,147.858,0.350,147.497,1.89,a1d56ee4
shader_mandelbrot_distance,shader,cap10000-app200000,10000,200000,152,-,class_cap,5,33555,5735,302,tree_cheaper,7540,152,105,1456,558,150,19,18,48,0,5,0,0,0,733.072,4.363,732.538,2.64,a1d56ee4
shader_star_sdf,shader,cap10000-app200000,10000,200000,66,-,class_cap,5,17555,7826,1134,tree_cheaper,154208,66,58,640,172,56,1,0,2,0,2,0,0,0,39.571,0.560,39.050,3.75,a1d56ee4
shader_gyroid_slice,shader,cap10000-app200000,10000,200000,40,-,quiesced,9,4675,775,102,tree_cheaper,1520,40,33,2768,932,163,4,124,128,0,8,0,0,0,12.506,2.097,12.105,0.35,a1d56ee4
shader_plasma,shader,cap10000-app200000,10000,200000,37,-,class_cap,5,15454,6909,902,tree_cheaper,84496,37,29,1376,359,122,3,87,90,0,4,0,0,0,29.451,1.069,28.977,2.92,a1d56ee4
shader_domain_warp_fbm,shader,cap10000-app200000,10000,200000,84,-,class_cap,3,12210,8634,2044,shared,205292,84,56,1648,431,180,4,116,120,0,4,0,0,0,27.088,1.404,26.549,4.62,a1d56ee4
shader_kaleidoscope_fold,shader,cap10000-app200000,10000,200000,46,-,quiesced,5,319,131,57,tree_cheaper,412,46,40,2032,560,238,10,156,174,0,8,0,0.000006109476089477539,0,1.340,3.278,1.151,0.09,a1d56ee4
shader_metaballs,shader,cap10000-app200000,10000,200000,62,-,class_cap,6,35591,8034,1073,tree_cheaper,20028,62,46,464,140,39,1,0,0,0,3,0,0,0,382.676,0.602,382.059,3.70,a1d56ee4
shader_julia_set,shader,cap10000-app200000,10000,200000,122,-,class_cap,5,20357,8475,1477,shared,53548,122,140,1952,791,227,14,47,63,0,3,0,0,0,38.100,4.148,37.567,4.58,a1d56ee4
shader_smoothstep_vignette,shader,cap10000-app200000,10000,200000,64,-,quiesced,5,1074,283,82,tree_cheaper,1064,64,49,544,194,41,0,0,0,0,7,0,0.0000012069940567016602,0,3.228,0.327,3.017,0.15,a1d56ee4
shader_torus_slice,shader,cap10000-app200000,10000,200000,38,-,quiesced,15,28932,3005,198,shared,5336,38,31,368,130,25,0,0,0,0,3,0,0,0,115.873,0.349,115.455,1.33,a1d56ee4
cellgrid_80x24_d2,cellgrid,cap10000-app400000,10000,400000,667,-,class_cap,3,12749,9059,2057,shared,427208,667,117,2576,428,217,0,0,0,6,19,0,0,0,27.644,0.598,26.686,4.67,8ecdc098
chrome_packed,chrome,cap10000-app400000,10000,400000,390815,-,class_cap,2,11528,9495,2933,shared,573144,335411,404,3600,1673,388,17,612,614,28,9,0,0,0,195.542,4.862,37.236,34.88,8ecdc098
chrome_R,chrome_channel,cap10000-app400000,10000,400000,133101,-,class_cap,2,11432,9413,2850,shared,544036,114633,294,2704,1384,281,9,404,406,24,8,0,0.000017881393432617188,0,70.259,2.763,32.971,12.00,8ecdc098
glyph16_U0020,glyph16,cap10000-app400000,10000,400000,1,-,quiesced,1,0,1,1,tree_cheaper,4,1,1,164,0,1,0,0,0,0,0,0,0,0,0.560,0.226,0.014,0.00,8ecdc098
glyph16_U0021,glyph16,cap10000-app400000,10000,400000,267,-,class_cap,5,34662,7498,1103,tree_cheaper,30688,283,91,1104,275,56,7,48,54,0,15,0,0.00000095367431640625,0,894.229,1.664,893.602,3.66,8ecdc098
glyph16_U0022,glyph16,cap10000-app400000,10000,400000,191,-,quiesced,7,17694,1642,151,tree_cheaper,2276,207,62,736,175,46,5,31,49,0,8,0,0.000000476837158203125,0,118.147,1.208,117.657,0.84,8ecdc098
glyph16_U0023,glyph16,cap10000-app400000,10000,400000,647,-,class_cap,3,17063,6079,940,tree_cheaper,44316,663,276,2720,1071,144,17,143,207,0,39,0,0.0000018477439880371096,0,209.405,2.935,208.628,2.91,8ecdc098
glyph16_U0024,glyph16,cap10000-app400000,10000,400000,6151,-,class_cap,1,6451,9939,5014,shared,552712,3363,2850,26752,12604,680,83,1574,1602,0,329,0,0.000002294778823852539,0,37.357,18.550,32.680,5.57,8ecdc098
glyph16_U0025,glyph16,cap10000-app400000,10000,400000,8791,-,class_cap,1,5403,9988,5462,shared,588820,4599,3870,35024,17563,982,113,2442,2442,0,391,0,0.0000019371509552001953,0,42.049,26.780,34.706,6.02,8ecdc098
glyph16_U0026,glyph16,cap10000-app400000,10000,400000,7719,-,class_cap,1,6117,9971,5282,shared,594640,4103,3522,34064,15751,859,101,2076,2093,0,370,0,0.0000020265579223632813,0,40.066,23.423,33.802,5.89,8ecdc098
glyph16_U0027,glyph16,cap10000-app400000,10000,400000,123,-,quiesced,7,12774,1153,108,tree_cheaper,1208,131,46,592,124,33,3,18,28,0,6,0,0.00000095367431640625,0,74.886,1.041,74.467,0.64,8ecdc098
glyph16_U0028,glyph16,cap10000-app400000,10000,400000,1959,-,class_cap,2,12387,9583,2616,shared,252472,1031,732,8048,3138,210,25,490,490,0,75,0,0.0000013113021850585938,0,57.651,6.956,56.225,4.89,8ecdc098
glyph16_U0029,glyph16,cap10000-app400000,10000,400000,1777,-,class_cap,2,12038,9562,2783,shared,261800,953,674,7440,2903,197,23,448,448,0,72,0,0.0000015348196029663086,0,53.787,6.779,52.321,4.88,8ecdc098
glyph16_U002A,glyph16,cap10000-app400000,10000,400000,647,-,class_cap,3,18399,7293,1154,tree_cheaper,48208,663,304,3072,1236,142,17,155,197,0,45,0,0.0000021457672119140625,0,230.138,2.947,229.264,3.79,8ecdc098
glyph16_U002B,glyph16,cap10000-app400000,10000,400000,259,-,class_cap,28,161545,5448,324,tree_cheaper,7744,283,73,816,205,52,7,37,46,0,10,0,0.000000476837158203125,0,1138.885,1.434,1138.331,2.63,8ecdc098
glyph16_U002C,glyph16,cap10000-app400000,10000,400000,199,-,quiesced,7,28182,2752,268,tree_cheaper,5252,207,88,1072,276,51,5,43,58,0,15,0,0.0000011920928955078125,0,187.626,1.168,187.181,1.33,8ecdc098
glyph16_U002D,glyph16,cap10000-app400000,10000,400000,123,-,quiesced,7,12610,1138,110,tree_cheaper,1232,131,47,624,124,33,3,18,28,0,6,0,0.0000019073486328125,0,66.675,0.770,66.324,0.59,8ecdc098
glyph16_U002E,glyph16,cap10000-app400000,10000,400000,123,-,class_cap,6,36511,7497,1073,tree_cheaper,32688,131,43,544,120,33,3,18,28,0,6,0,0.0000019073486328125,0,1221.123,0.818,1220.542,3.65,8ecdc098
glyph16_U002F,glyph16,cap10000-app400000,10000,400000,131,-,class_cap,6,37598,7891,1177,tree_cheaper,29128,131,61,816,184,35,3,28,34,0,11,0,0.000000476837158203125,0,698.054,0.847,697.494,3.70,8ecdc098
glyph16_U0030,glyph16,cap10000-app400000,10000,400000,5767,-,class_cap,1,6851,9924,4697,shared,502084,2983,2491,24256,11351,591,73,1463,1463,11,300,0,0.000001132488250732422,0,34.539,17.221,30.522,5.49,8ecdc098
glyph16_U0031,glyph16,cap10000-app400000,10000,400000,301,-,class_cap,4,22547,5255,713,tree_cheaper,23504,321,122,1344,407,75,8,67,96,0,24,0,0.0000011920928955078125,0,305.265,1.572,304.652,2.68,8ecdc098
glyph16_U0032,glyph16,cap10000-app400000,10000,400000,3827,-,class_cap,1,7766,9763,3953,shared,417008,2043,1508,16032,6829,414,50,965,976,0,195,0,0.0000007152557373046875,0,27.558,11.713,25.041,5.23,8ecdc098
glyph16_U0033,glyph16,cap10000-app400000,10000,400000,5901,-,class_cap,1,6721,9917,4797,shared,521432,3097,2630,24784,11845,621,76,1495,1510,1,307,0,0.0000010132789611816406,0,34.728,17.600,30.420,5.51,8ecdc098
glyph16_U0034,glyph16,cap10000-app400000,10000,400000,335,-,class_cap,4,22555,5176,707,tree_cheaper,25584,359,119,1360,398,72,9,64,79,0,23,0,0.0000015497207641601563,0,308.285,1.725,307.596,2.67,8ecdc098
glyph16_U0035,glyph16,cap10000-app400000,10000,400000,4031,-,class_cap,1,7793,9757,3996,shared,388216,2159,1581,16688,7141,437,53,1025,1035,6,197,0,0.0000017881393432617188,0,29.660,12.663,26.701,5.22,8ecdc098
glyph16_U0036,glyph16,cap10000-app400000,10000,400000,5793,-,class_cap,1,6721,9936,4801,shared,508612,3021,2607,24288,11784,604,74,1478,1484,0,311,0,0.000002384185791015625,0,34.826,16.855,30.636,5.50,8ecdc098
glyph16_U0037,glyph16,cap10000-app400000,10000,400000,199,-,class_cap,5,31862,7128,974,tree_cheaper,23740,207,90,1088,280,53,5,45,60,0,17,0,0.000000476837158203125,0,773.721,2.517,773.092,3.41,8ecdc098
glyph16_U0038,glyph16,cap10000-app400000,10000,400000,7671,-,class_cap,1,6362,9974,5147,shared,589948,3959,3368,31056,15261,812,97,2036,2036,3,355,0,0.000002205371856689453,0,39.175,23.404,33.404,5.84,8ecdc098
glyph16_U0039,glyph16,cap10000-app400000,10000,400000,5833,-,class_cap,1,6752,9921,4780,shared,515980,3021,2634,24352,11905,606,74,1488,1488,0,307,0,0.00000286102294921875,0,33.849,17.914,29.831,5.49,8ecdc098
glyph16_U003A,glyph16,cap10000-app400000,10000,400000,191,-,class_cap,6,40061,8279,1050,tree_cheaper,38708,207,52,624,143,38,5,23,23,0,7,0,0.000000476837158203125,0,1977.272,1.024,1976.748,4.34,8ecdc098
glyph16_U003B,glyph16,cap10000-app400000,10000,400000,267,-,quiesced,12,49487,3722,363,tree_cheaper,8848,283,108,1312,334,65,7,57,81,0,18,0,0.000000476837158203125,0,537.928,1.487,537.316,1.82,8ecdc098
glyph16_U003C,glyph16,cap10000-app400000,10000,400000,309,-,class_cap,5,31303,4645,524,tree_cheaper,17468,321,147,1744,474,77,8,76,93,2,28,0,0.0000014901161193847656,0,258.816,1.713,258.154,2.47,8ecdc098
glyph16_U003D,glyph16,cap10000-app400000,10000,400000,191,-,class_cap,5,27694,7608,1119,tree_cheaper,26752,207,54,656,148,40,5,25,25,0,7,0,0,0,462.827,1.050,462.273,3.69,8ecdc098
glyph16_U003E,glyph16,cap10000-app400000,10000,400000,309,-,class_cap,5,31208,4657,531,tree_cheaper,17736,321,147,1744,474,77,8,76,92,0,28,0,0.0000013113021850585938,0,282.195,1.630,281.686,2.48,8ecdc098
glyph16_U003F,glyph16,cap10000-app400000,10000,400000,4159,-,class_cap,1,7579,9759,4142,shared,442012,2311,1683,18800,7502,471,57,1068,1091,1,212,0,0.0000012516975402832031,0,29.707,18.091,26.853,5.27,8ecdc098
glyph16_U0040,glyph16,cap10000-app400000,10000,400000,7803,-,class_cap,1,6257,9962,5189,shared,586908,4111,3444,32496,15567,854,101,2097,2107,0,364,0,0.0000018477439880371096,0,38.537,31.023,32.460,5.88,8ecdc098
glyph16_U0041,glyph16,cap10000-app400000,10000,400000,283,-,class_cap,4,24717,6007,782,tree_cheaper,25360,283,150,1760,609,71,7,77,95,0,35,0,0.000001430511474609375,0,481.344,1.522,480.789,2.79,8ecdc098
glyph16_U0042,glyph16,cap10000-app400000,10000,400000,3965,-,class_cap,1,7791,9750,3981,shared,426244,2121,1541,16080,6988,427,52,1010,1016,0,192,0,0.0000012516975402832031,0,28.193,12.619,25.638,5.22,8ecdc098
glyph16_U0043,glyph16,cap10000-app400000,10000,400000,3963,-,class_cap,1,7797,9756,3966,shared,385936,2083,1539,15696,7044,416,51,992,996,0,189,0,0.0000019073486328125,0,30.211,12.338,27.393,5.21,8ecdc098
glyph16_U0044,glyph16,cap10000-app400000,10000,400000,2027,-,class_cap,2,13505,9371,2213,shared,182092,1107,752,8352,3235,229,27,516,521,0,79,0,0.0000026226043701171875,0,174.932,7.383,173.521,4.84,8ecdc098
glyph16_U0045,glyph16,cap10000-app400000,10000,400000,259,-,class_cap,5,31722,7146,969,tree_cheaper,28352,283,83,928,226,58,7,43,61,0,14,0,0.00000095367431640625,0,675.444,1.427,674.832,3.40,8ecdc098
glyph16_U0046,glyph16,cap10000-app400000,10000,400000,225,-,class_cap,5,29586,6855,934,tree_cheaper,23836,245,72,784,196,51,6,36,50,0,12,0,0.0000011920928955078125,0,626.087,1.368,625.582,3.45,8ecdc098
glyph16_U0047,glyph16,cap10000-app400000,10000,400000,4031,-,class_cap,1,7743,9758,4028,shared,390476,2159,1593,16608,7195,438,53,1026,1036,0,197,0,0.0000017881393432617188,0,29.816,15.300,26.927,5.22,8ecdc098
glyph16_U0048,glyph16,cap10000-app400000,10000,400000,259,-,class_cap,5,29752,6671,880,tree_cheaper,25092,283,68,752,195,52,7,37,46,0,10,0,0.00000095367431640625,0,658.800,1.379,658.290,2.90,8ecdc098
glyph16_U0049,glyph16,cap10000-app400000,10000,400000,259,-,class_cap,5,30071,6682,884,tree_cheaper,25180,283,70,768,201,52,7,37,46,0,10,0,0.00000095367431640625,0,687.205,1.336,686.703,2.90,8ecdc098
glyph16_U004A,glyph16,cap10000-app400000,10000,400000,2111,-,class_cap,2,13268,9414,2250,shared,206052,1183,794,8976,3349,247,29,545,550,0,84,0,0.0000013709068298339844,0,95.468,7.583,94.006,4.87,8ecdc098
glyph16_U004B,glyph16,cap10000-app400000,10000,400000,347,-,class_cap,4,26202,6284,832,tree_cheaper,29472,359,160,1872,612,83,9,82,105,2,37,0,0.0000016689300537109375,0,477.743,2.102,477.176,2.86,8ecdc098
glyph16_U004C,glyph16,cap10000-app400000,10000,400000,157,-,class_cap,6,39589,7929,1025,tree_cheaper,35532,169,55,656,151,41,4,26,40,0,9,0,0.00000095367431640625,0,1623.069,2.375,1622.480,3.71,8ecdc098
glyph16_U004D,glyph16,cap10000-app400000,10000,400000,343,-,class_cap,4,25362,6023,793,tree_cheaper,27624,359,147,1680,553,83,9,82,112,0,31,0,0.00000095367431640625,0,404.594,1.865,404.017,2.82,8ecdc098
glyph16_U004E,glyph16,cap10000-app400000,10000,400000,267,-,class_cap,5,34035,7447,1049,tree_cheaper,30420,283,93,1072,284,63,7,48,75,0,15,0,0.000001430511474609375,0,773.470,1.544,772.753,3.65,8ecdc098
glyph16_U004F,glyph16,cap10000-app400000,10000,400000,3863,-,class_cap,1,7985,9760,3819,shared,369336,2007,1467,15408,6722,400,49,976,976,0,188,0,0.000002205371856689453,0,27.886,11.973,25.427,5.22,8ecdc098
glyph16_U0050,glyph16,cap10000-app400000,10000,400000,2061,-,class_cap,2,13534,9367,2208,shared,182100,1145,765,8464,3260,233,28,520,522,0,80,0,0.0000018477439880371096,0,183.172,15.391,179.598,4.84,8ecdc098
glyph16_U0051,glyph16,cap10000-app400000,10000,400000,4461,-,class_cap,1,7654,9803,4180,shared,418212,2365,1823,18816,8307,478,58,1138,1150,0,234,0,0.0000020265579223632813,0,30.512,23.620,27.511,5.30,8ecdc098
glyph16_U0052,glyph16,cap10000-app400000,10000,400000,3105,-,class_cap,2,10711,9859,3081,shared,286660,1709,1172,13248,4995,348,42,789,797,0,122,0,0.0000008940696716308594,0,114.706,10.891,112.486,5.15,8ecdc098
glyph16_U0053,glyph16,cap10000-app400000,10000,400000,5943,-,class_cap,1,6607,9943,4896,shared,530492,3135,2728,25776,12233,632,77,1517,1528,0,319,0,0.0000016689300537109375,0,38.784,18.812,34.308,5.52,8ecdc098
glyph16_U0054,glyph16,cap10000-app400000,10000,400000,191,-,class_cap,5,27254,6085,744,tree_cheaper,17928,207,62,704,178,47,5,32,50,0,9,0,0.000001430511474609375,0,563.423,1.222,562.841,2.79,8ecdc098
glyph16_U0055,glyph16,cap10000-app400000,10000,400000,4031,-,class_cap,1,7810,9745,3950,shared,393860,2159,1500,16624,6815,435,53,1023,1033,6,184,0,0.0000020265579223632813,0,29.154,13.325,26.362,5.24,8ecdc098
glyph16_U0056,glyph16,cap10000-app400000,10000,400000,207,-,class_cap,5,34680,6710,850,tree_cheaper,23596,207,97,1184,302,51,5,43,58,0,17,0,0.000003337860107421875,0,880.599,1.197,880.036,2.88,8ecdc098
glyph16_U0057,glyph16,cap10000-app400000,10000,400000,359,-,class_cap,4,27866,6892,1040,tree_cheaper,35184,359,185,2144,756,89,9,104,128,0,40,0,0.000002384185791015625,0,833.633,1.922,832.972,3.37,8ecdc098
glyph16_U0058,glyph16,cap10000-app400000,10000,400000,359,-,class_cap,4,28325,7262,997,tree_cheaper,36460,359,203,2320,838,89,9,102,126,0,46,0,0.0000026226043701171875,0,694.184,1.929,693.585,3.63,8ecdc098
glyph16_U0059,glyph16,cap10000-app400000,10000,400000,275,-,class_cap,4,23234,5344,674,tree_cheaper,21300,283,131,1520,501,69,7,68,89,0,28,0,0.000003337860107421875,0,349.488,1.836,348.532,2.68,8ecdc098
glyph16_U005A,glyph16,cap10000-app400000,10000,400000,267,-,class_cap,5,36346,7610,1106,tree_cheaper,30908,283,113,1296,345,68,7,60,84,1,21,0,0.000001430511474609375,0,1042.988,1.633,1042.396,3.68,8ecdc098
glyph16_U005B,glyph16,cap10000-app400000,10000,400000,191,-,quiesced,7,16687,1526,152,tree_cheaper,2372,207,64,752,170,44,5,29,39,0,10,0,0.000000476837158203125,0,98.785,1.211,98.367,0.71,8ecdc098
glyph16_U005C,glyph16,cap10000-app400000,10000,400000,131,-,class_cap,6,37505,7873,1210,tree_cheaper,29964,131,65,864,192,35,3,28,34,0,11,0,0.000000476837158203125,0,700.019,0.922,699.478,3.70,8ecdc098
glyph16_U005D,glyph16,cap10000-app400000,10000,400000,191,-,quiesced,7,16993,1557,153,tree_cheaper,2360,207,65,752,175,45,5,30,39,0,10,0,0.000000476837158203125,0,113.149,1.909,112.621,0.72,8ecdc098
glyph16_U005E,glyph16,cap10000-app400000,10000,400000,207,-,class_cap,4,21381,6394,978,tree_cheaper,22816,207,111,1344,409,53,5,52,64,0,20,0,0.000000476837158203125,0,228.738,1.585,228.195,2.84,8ecdc098
glyph16_U005F,glyph16,cap10000-app400000,10000,400000,123,-,class_cap,6,33484,5177,522,tree_cheaper,13244,131,44,576,115,31,3,18,28,0,5,0,0.00000286102294921875,0,842.793,0.912,842.301,2.56,8ecdc098
glyph16_U0060,glyph16,cap10000-app400000,10000,400000,131,-,class_cap,5,29135,7890,1383,tree_cheaper,22096,131,69,912,200,35,3,28,34,0,11,0,0.0000007152557373046875,0,387.902,0.964,387.318,3.73,8ecdc098
glyph16_U0061,glyph16,cap10000-app400000,10000,400000,5517,-,class_cap,1,6862,9912,4681,shared,493348,2929,2454,23184,10999,589,72,1400,1413,1,290,0,0.0000019073486328125,0,33.150,18.002,29.287,5.47,8ecdc098
glyph16_U0062,glyph16,cap10000-app400000,10000,400000,3981,-,class_cap,1,7796,9753,3974,shared,385384,2121,1550,15904,7055,426,52,1009,1013,0,192,0,0.0000023245811462402344,0,28.626,13.879,25.843,5.22,8ecdc098
glyph16_U0063,glyph16,cap10000-app400000,10000,400000,3963,-,class_cap,1,7772,9762,3989,shared,387264,2083,1547,15760,7067,416,51,992,996,0,192,0,0.000002384185791015625,0,29.934,13.489,27.329,5.21,8ecdc098
glyph16_U0064,glyph16,cap10000-app400000,10000,400000,3981,-,class_cap,1,7807,9753,3975,shared,384784,2121,1550,15968,7072,428,52,1004,1017,0,195,0,0.000002384185791015625,0,30.775,13.223,27.790,5.22,8ecdc098
glyph16_U0065,glyph16,cap10000-app400000,10000,400000,4035,-,class_cap,1,7714,9757,4045,shared,392120,2159,1611,16608,7275,439,53,1025,1040,0,199,0,0.000001430511474609375,0,31.530,13.815,28.117,5.22,8ecdc098
glyph16_U0066,glyph16,cap10000-app400000,10000,400000,1245,-,class_cap,2,14204,8800,2242,shared,189200,809,456,4944,1875,157,20,289,302,0,52,0,0.0000006556510925292969,0,120.675,5.647,119.267,4.68,8ecdc098
glyph16_U0067,glyph16,cap10000-app400000,10000,400000,5969,-,class_cap,1,6733,9935,4808,shared,520648,3173,2666,25824,11990,636,78,1510,1534,3,318,0,0.0000033676624298095703,0,36.903,20.261,32.501,5.52,8ecdc098
glyph16_U0068,glyph16,cap10000-app400000,10000,400000,2145,-,class_cap,2,13396,9450,2188,shared,186948,1221,792,8928,3341,249,30,541,548,0,83,0,0.0000013113021850585938,0,181.835,8.243,180.016,4.87,8ecdc098
glyph16_U0069,glyph16,cap10000-app400000,10000,400000,293,-,class_cap,5,33099,7438,1050,tree_cheaper,34440,321,84,960,237,61,8,46,60,0,13,0,0.000000476837158203125,0,785.349,1.647,784.728,3.66,8ecdc098
glyph16_U006A,glyph16,cap10000-app400000,10000,400000,1211,-,class_cap,2,13812,8784,2306,shared,201816,771,473,4992,1958,155,19,287,303,0,55,0,0.0000030994415283203125,0,64.640,5.079,63.519,4.68,8ecdc098
glyph16_U006B,glyph16,cap10000-app400000,10000,400000,347,-,class_cap,4,26316,6313,838,tree_cheaper,30108,359,163,1920,616,84,9,83,106,2,38,0,0.0000016689300537109375,0,475.200,2.490,474.371,2.87,8ecdc098
glyph16_U006C,glyph16,cap10000-app400000,10000,400000,1143,-,class_cap,2,13771,8892,2298,shared,190088,695,437,4688,1827,146,17,278,296,0,53,0,0.0000015497207641601563,0,79.893,4.803,78.780,4.68,8ecdc098
glyph16_U006D,glyph16,cap10000-app400000,10000,400000,4133,-,class_cap,1,7822,9769,3903,shared,416728,2273,1519,17248,6884,447,56,1017,1031,22,196,0,0.0000015497207641601563,0,29.423,14.540,26.458,5.26,8ecdc098
glyph16_U006E,glyph16,cap10000-app400000,10000,400000,2145,-,class_cap,2,13401,9447,2185,shared,183972,1221,788,8832,3344,249,30,541,548,0,83,0,0.0000025033950805664063,0,179.206,8.422,177.084,4.87,8ecdc098
glyph16_U006F,glyph16,cap10000-app400000,10000,400000,3863,-,class_cap,1,8095,9763,3731,shared,364936,2007,1391,15712,6402,398,49,974,974,13,178,0,0.0000021457672119140625,0,28.524,13.068,25.795,5.23,8ecdc098
glyph16_U0070,glyph16,cap10000-app400000,10000,400000,3981,-,class_cap,1,7802,9757,3980,shared,385288,2121,1545,16016,7066,427,52,1010,1016,0,194,0,0.0000023245811462402344,0,30.143,13.065,26.742,5.22,8ecdc098
glyph16_U0071,glyph16,cap10000-app400000,10000,400000,3981,-,class_cap,1,7789,9757,3981,shared,386320,2121,1546,15792,7065,427,52,1003,1014,0,193,0,0.0000021457672119140625,0,28.792,13.608,25.873,5.22,8ecdc098
glyph16_U0072,glyph16,cap10000-app400000,10000,400000,2127,-,class_cap,2,13154,9505,2251,shared,192112,1183,799,8928,3349,241,29,528,535,0,82,0,0.0000010728836059570313,0,151.645,8.903,149.875,4.88,8ecdc098
glyph16_U0073,glyph16,cap10000-app400000,10000,400000,5739,-,class_cap,1,6674,9931,4821,shared,514500,3051,2615,25136,11687,618,75,1475,1486,1,310,0,0.0000017136335372924805,0,36.470,21.960,32.127,5.51,8ecdc098
glyph16_U0074,glyph16,cap10000-app400000,10000,400000,1245,-,class_cap,2,14085,8777,2218,shared,191496,809,460,4864,1907,156,20,288,301,0,57,0,0.000000476837158203125,0,88.978,5.486,87.816,4.68,8ecdc098
glyph16_U0075,glyph16,cap10000-app400000,10000,400000,2145,-,class_cap,2,13292,9410,2229,shared,204812,1221,800,8944,3367,250,30,536,550,0,84,0,0.000001728534698486328,0,94.309,8.694,92.771,4.87,8ecdc098
glyph16_U0076,glyph16,cap10000-app400000,10000,400000,207,-,class_cap,5,34668,6721,885,tree_cheaper,24772,207,103,1296,337,53,5,52,64,0,20,0,0.00000095367431640625,0,875.870,1.366,874.924,2.88,8ecdc098
glyph16_U0077,glyph16,cap10000-app400000,10000,400000,359,-,class_cap,4,26280,6195,813,tree_cheaper,29256,359,181,2096,751,87,9,102,126,0,38,0,0.000001430511474609375,0,570.141,2.093,569.372,2.85,8ecdc098
glyph16_U0078,glyph16,cap10000-app400000,10000,400000,359,-,class_cap,4,28471,7311,996,tree_cheaper,36328,359,202,2304,838,89,9,102,126,0,46,0,0.00000095367431640625,0,714.168,1.847,713.453,3.64,8ecdc098
glyph16_U0079,glyph16,cap10000-app400000,10000,400000,1693,-,class_cap,2,12769,9370,2601,shared,240536,977,670,7600,2818,210,24,437,449,0,71,0,0.0000011920928955078125,0,55.727,6.585,54.381,4.84,8ecdc098
glyph16_U007A,glyph16,cap10000-app400000,10000,400000,267,-,class_cap,5,35641,7587,1116,tree_cheaper,30988,283,108,1296,330,64,7,56,72,1,20,0,0.000003337860107421875,0,1024.407,1.655,1023.701,3.68,8ecdc098
glyph16_U007B,glyph16,cap10000-app400000,10000,400000,4101,-,class_cap,1,7718,9732,4041,shared,395052,2273,1598,16656,7145,455,56,1037,1053,0,194,0,0.0000013113021850585938,0,30.353,13.643,27.355,5.24,8ecdc098
glyph16_U007C,glyph16,cap10000-app400000,10000,400000,123,-,class_cap,5,24237,7269,983,tree_cheaper,24364,131,45,576,125,35,3,20,30,0,6,0,0.0000002980232238769531,0,498.984,0.830,498.371,3.63,8ecdc098
glyph16_U007D,glyph16,cap10000-app400000,10000,400000,4101,-,class_cap,1,7717,9739,4040,shared,394104,2273,1597,16528,7176,456,56,1032,1055,0,196,0,0.0000012516975402832031,0,29.930,13.593,27.061,5.24,8ecdc098
glyph16_U007E,glyph16,cap10000-app400000,10000,400000,3995,-,class_cap,1,7827,9753,3986,shared,395180,2083,1563,16160,7098,421,51,1004,1009,0,192,0,0,0,28.132,13.543,25.614,5.21,8ecdc098
glyph32_U0020,glyph32,cap10000-app400000,10000,400000,1,-,quiesced,1,0,1,1,tree_cheaper,4,1,1,164,0,1,0,0,0,0,0,0,0,0,0.361,0.257,0.014,0.00,8ecdc098
glyph32_U0021,glyph32,cap10000-app400000,10000,400000,267,-,class_cap,5,34659,7498,1103,tree_cheaper,30688,283,91,1104,275,56,7,48,54,0,15,0,0,0,866.178,1.629,865.551,3.66,8ecdc098
glyph32_U0022,glyph32,cap10000-app400000,10000,400000,191,-,quiesced,7,17694,1642,151,tree_cheaper,2276,207,62,736,175,46,5,31,49,0,8,0,0,0,121.154,1.307,120.396,0.84,8ecdc098
glyph32_U0023,glyph32,cap10000-app400000,10000,400000,647,-,class_cap,3,17063,6079,940,tree_cheaper,44316,663,276,2720,1071,144,17,143,207,0,39,0,0.0000019073486328125,0,208.235,3.061,207.440,2.91,8ecdc098
glyph32_U0024,glyph32,cap10000-app400000,10000,400000,6151,-,class_cap,1,6451,9939,5014,shared,552712,3363,2850,26752,12604,680,83,1574,1602,0,329,0,0.0000030994415283203125,0,35.926,19.633,31.329,5.57,8ecdc098
glyph32_U0025,glyph32,cap10000-app400000,10000,400000,8791,-,class_cap,1,5403,9988,5462,shared,588820,4599,3870,35024,17563,982,113,2442,2442,0,391,0,0.00000196695327758789,0,40.823,25.187,33.388,6.02,8ecdc098
glyph32_U0026,glyph32,cap10000-app400000,10000,400000,7719,-,class_cap,1,6117,9971,5282,shared,594640,4103,3522,34064,15751,859,101,2076,2093,0,370,0,0.000002384185791015625,0,40.450,21.897,34.400,5.89,8ecdc098
glyph32_U0027,glyph32,cap10000-app400000,10000,400000,123,-,quiesced,7,12774,1152,108,tree_cheaper,1208,131,46,592,124,33,3,18,28,0,6,0,0,0,72.066,0.839,71.738,0.64,8ecdc098
glyph32_U0028,glyph32,cap10000-app400000,10000,400000,1959,-,class_cap,2,12387,9583,2616,shared,252472,1031,732,8048,3138,210,25,490,490,0,75,0,0.0000006556510925292969,0,55.668,6.905,54.166,4.89,8ecdc098
glyph32_U0029,glyph32,cap10000-app400000,10000,400000,1777,-,class_cap,2,12038,9562,2783,shared,261800,953,674,7440,2903,197,23,448,448,0,72,0,0.0000015497207641601563,0,52.180,6.590,50.477,4.88,8ecdc098
glyph32_U002A,glyph32,cap10000-app400000,10000,400000,647,-,class_cap,3,18399,7293,1154,tree_cheaper,48208,663,304,3072,1236,142,17,155,197,0,45,0,0.0000019073486328125,0,221.256,2.957,220.400,3.79,8ecdc098
glyph32_U002B,glyph32,cap10000-app400000,10000,400000,259,-,class_cap,28,161545,5448,324,tree_cheaper,7744,283,73,816,205,52,7,37,46,0,10,0,0,0,1126.298,1.461,1125.716,2.63,8ecdc098
glyph32_U002C,glyph32,cap10000-app400000,10000,400000,199,-,quiesced,7,28182,2752,268,tree_cheaper,5252,207,88,1072,276,51,5,43,58,0,15,0,0.000000476837158203125,0,190.595,1.185,190.101,1.33,8ecdc098
glyph32_U002D,glyph32,cap10000-app400000,10000,400000,123,-,quiesced,7,12610,1138,110,tree_cheaper,1232,131,47,624,124,33,3,18,28,0,6,0,0,0,66.948,0.851,66.511,0.59,8ecdc098
glyph32_U002E,glyph32,cap10000-app400000,10000,400000,123,-,class_cap,6,36512,7496,1073,tree_cheaper,32708,131,43,544,120,33,3,18,28,0,6,0,0,0,1222.326,0.851,1221.789,3.65,8ecdc098
glyph32_U002F,glyph32,cap10000-app400000,10000,400000,131,-,class_cap,6,37598,7891,1177,tree_cheaper,29128,131,61,816,184,35,3,28,34,0,11,0,0.0000019073486328125,0,733.081,0.861,732.487,3.70,8ecdc098
glyph32_U0030,glyph32,cap10000-app400000,10000,400000,5767,-,class_cap,1,6851,9924,4697,shared,502084,2983,2491,24256,11351,591,73,1463,1463,11,300,0,0.0000019073486328125,0,34.167,16.515,30.210,5.49,8ecdc098
glyph32_U0031,glyph32,cap10000-app400000,10000,400000,301,-,class_cap,4,22547,5256,713,tree_cheaper,23504,321,122,1344,407,75,8,67,96,0,24,0,0.0000010728836059570313,0,307.174,1.562,306.569,2.68,8ecdc098
glyph32_U0032,glyph32,cap10000-app400000,10000,400000,3827,-,class_cap,1,7766,9763,3953,shared,417008,2043,1508,16032,6829,414,50,965,976,0,195,0,0.0000012516975402832031,0,29.406,11.661,26.922,5.23,8ecdc098
glyph32_U0033,glyph32,cap10000-app400000,10000,400000,5901,-,class_cap,1,6721,9917,4797,shared,521432,3097,2630,24784,11845,621,76,1495,1510,1,307,0,0.0000007748603820800781,0,35.689,17.591,31.620,5.51,8ecdc098
glyph32_U0034,glyph32,cap10000-app400000,10000,400000,335,-,class_cap,4,22555,5177,707,tree_cheaper,25584,359,119,1360,398,72,9,64,79,0,23,0,0.000000476837158203125,0,305.972,1.695,305.401,2.67,8ecdc098
glyph32_U0035,glyph32,cap10000-app400000,10000,400000,4031,-,class_cap,1,7793,9757,3996,shared,388216,2159,1581,16688,7141,437,53,1025,1035,6,197,0,0.0000016689300537109375,0,29.497,12.288,26.862,5.22,8ecdc098
glyph32_U0036,glyph32,cap10000-app400000,10000,400000,5793,-,class_cap,1,6721,9936,4801,shared,508612,3021,2607,24288,11784,604,74,1478,1484,0,311,0,0.000002205371856689453,0,34.474,16.570,30.201,5.50,8ecdc098
glyph32_U0037,glyph32,cap10000-app400000,10000,400000,199,-,class_cap,5,31862,7129,974,tree_cheaper,23740,207,90,1088,280,53,5,45,60,0,17,0,0.000000476837158203125,0,769.370,1.183,768.616,3.41,8ecdc098
glyph32_U0038,glyph32,cap10000-app400000,10000,400000,7671,-,class_cap,1,6362,9974,5147,shared,589948,3959,3368,31056,15261,812,97,2036,2036,3,355,0,0.0000012516975402832031,0,39.604,22.106,33.696,5.84,8ecdc098
glyph32_U0039,glyph32,cap10000-app400000,10000,400000,5833,-,class_cap,1,6752,9921,4780,shared,515980,3021,2634,24352,11905,606,74,1488,1488,0,307,0,0.000003337860107421875,0,34.643,19.102,30.452,5.49,8ecdc098
glyph32_U003A,glyph32,cap10000-app400000,10000,400000,191,-,class_cap,6,40061,8279,1050,tree_cheaper,38708,207,52,624,143,38,5,23,23,0,7,0,0,0,1957.274,1.225,1956.590,4.34,8ecdc098
glyph32_U003B,glyph32,cap10000-app400000,10000,400000,267,-,quiesced,12,49487,3723,363,tree_cheaper,8848,283,108,1312,334,65,7,57,81,0,18,0,0.000000476837158203125,0,537.440,1.546,536.911,1.82,8ecdc098
glyph32_U003C,glyph32,cap10000-app400000,10000,400000,309,-,class_cap,5,31303,4646,524,tree_cheaper,17468,321,147,1744,474,77,8,76,93,2,28,0,0.0000019073486328125,0,259.425,1.559,258.824,2.47,8ecdc098
glyph32_U003D,glyph32,cap10000-app400000,10000,400000,191,-,class_cap,5,27694,7609,1119,tree_cheaper,26752,207,54,656,148,40,5,25,25,0,7,0,0,0,473.352,1.057,472.746,3.69,8ecdc098
glyph32_U003E,glyph32,cap10000-app400000,10000,400000,309,-,class_cap,5,31208,4658,531,tree_cheaper,17736,321,147,1744,474,77,8,76,92,0,28,0,0.0000021457672119140625,0,281.974,1.544,281.431,2.48,8ecdc098
glyph32_U003F,glyph32,cap10000-app400000,10000,400000,4159,-,class_cap,1,7579,9759,4142,shared,442012,2311,1683,18800,7502,471,57,1068,1091,1,212,0,0.0000029802322387695313,0,30.891,13.195,27.976,5.27,8ecdc098
glyph32_U0040,glyph32,cap10000-app400000,10000,400000,7803,-,class_cap,1,6255,9962,5190,shared,586852,4111,3445,32512,15567,854,101,2097,2107,0,364,0,0.00000095367431640625,0,39.501,22.790,33.336,5.88,8ecdc098
glyph32_U0041,glyph32,cap10000-app400000,10000,400000,283,-,class_cap,4,24717,6007,782,tree_cheaper,25360,283,150,1760,609,71,7,77,95,0,35,0,0.00000095367431640625,0,477.161,1.575,476.541,2.79,8ecdc098
glyph32_U0042,glyph32,cap10000-app400000,10000,400000,3965,-,class_cap,1,7791,9750,3981,shared,426244,2121,1541,16080,6988,427,52,1010,1016,0,192,0,0.0000019073486328125,0,28.956,12.595,26.225,5.22,8ecdc098
glyph32_U0043,glyph32,cap10000-app400000,10000,400000,3963,-,class_cap,1,7797,9756,3966,shared,385936,2083,1539,15696,7044,416,51,992,996,0,189,0,0.00000095367431640625,0,28.011,12.088,25.389,5.21,8ecdc098
glyph32_U0044,glyph32,cap10000-app400000,10000,400000,2027,-,class_cap,2,13505,9371,2213,shared,182092,1107,752,8352,3235,229,27,516,521,0,79,0,0.0000008344650268554688,0,174.234,7.395,172.731,4.84,8ecdc098
glyph32_U0045,glyph32,cap10000-app400000,10000,400000,259,-,class_cap,5,31722,7147,969,tree_cheaper,28352,283,83,928,226,58,7,43,61,0,14,0,0,0,682.494,1.353,681.849,3.40,8ecdc098
glyph32_U0046,glyph32,cap10000-app400000,10000,400000,225,-,class_cap,5,29584,6855,934,tree_cheaper,23836,245,72,784,196,51,6,36,50,0,12,0,0,0,628.745,1.401,628.097,3.45,8ecdc098
glyph32_U0047,glyph32,cap10000-app400000,10000,400000,4031,-,class_cap,1,7743,9758,4028,shared,390476,2159,1593,16608,7195,438,53,1026,1036,0,197,0,0.00000196695327758789,0,30.597,12.396,27.766,5.22,8ecdc098
glyph32_U0048,glyph32,cap10000-app400000,10000,400000,259,-,class_cap,5,29750,6672,880,tree_cheaper,25092,283,68,752,195,52,7,37,46,0,10,0,0.000000476837158203125,0,652.011,1.416,651.354,2.90,8ecdc098
glyph32_U0049,glyph32,cap10000-app400000,10000,400000,259,-,class_cap,5,30069,6683,885,tree_cheaper,25184,283,70,768,201,52,7,37,46,0,10,0,0,0,678.453,1.433,677.807,2.90,8ecdc098
glyph32_U004A,glyph32,cap10000-app400000,10000,400000,2111,-,class_cap,2,13272,9412,2252,shared,206224,1183,795,8992,3349,247,29,545,550,0,84,0,0.0000004731118679046631,0,96.310,7.734,94.705,4.87,8ecdc098
glyph32_U004B,glyph32,cap10000-app400000,10000,400000,347,-,class_cap,4,26202,6285,832,tree_cheaper,29472,359,160,1872,612,83,9,82,105,2,37,0,0.000003814697265625,0,488.104,1.827,487.471,2.86,8ecdc098
glyph32_U004C,glyph32,cap10000-app400000,10000,400000,157,-,class_cap,6,39586,7930,1025,tree_cheaper,35532,169,55,656,151,41,4,26,40,0,9,0,0,0,1662.072,1.109,1661.390,3.71,8ecdc098
glyph32_U004D,glyph32,cap10000-app400000,10000,400000,343,-,class_cap,4,25360,6024,793,tree_cheaper,27624,359,147,1680,553,83,9,82,112,0,31,0,0.00000095367431640625,0,415.932,1.758,415.245,2.82,8ecdc098
glyph32_U004E,glyph32,cap10000-app400000,10000,400000,267,-,class_cap,5,34033,7446,1049,tree_cheaper,30420,283,93,1072,284,63,7,48,75,0,15,0,0.0000019073486328125,0,765.779,1.638,765.164,3.65,8ecdc098
glyph32_U004F,glyph32,cap10000-app400000,10000,400000,3863,-,class_cap,1,7985,9760,3819,shared,369336,2007,1467,15408,6722,400,49,976,976,0,188,0,0.000004112720489501953,0,27.954,12.196,25.460,5.22,8ecdc098
glyph32_U0050,glyph32,cap10000-app400000,10000,400000,2061,-,class_cap,2,13534,9367,2208,shared,182100,1145,765,8464,3260,233,28,520,522,0,80,0,0.000002205371856689453,0,178.649,7.833,177.139,4.84,8ecdc098
glyph32_U0051,glyph32,cap10000-app400000,10000,400000,4461,-,class_cap,1,7654,9803,4180,shared,418212,2365,1823,18816,8307,478,58,1138,1150,0,234,0,0.0000013113021850585938,0,30.455,14.656,27.270,5.30,8ecdc098
glyph32_U0052,glyph32,cap10000-app400000,10000,400000,3105,-,class_cap,2,10711,9859,3081,shared,286660,1709,1172,13248,4995,348,42,789,797,0,122,0,0.000001132488250732422,0,116.398,10.180,114.001,5.15,8ecdc098
glyph32_U0053,glyph32,cap10000-app400000,10000,400000,5943,-,class_cap,1,6607,9943,4896,shared,530492,3135,2728,25776,12233,632,77,1517,1528,0,319,0,0.0000021457672119140625,0,34.177,19.273,29.765,5.52,8ecdc098
glyph32_U0054,glyph32,cap10000-app400000,10000,400000,191,-,class_cap,5,27253,6089,744,tree_cheaper,17928,207,62,704,178,47,5,32,50,0,9,0,0,0,562.911,1.144,562.316,2.79,8ecdc098
glyph32_U0055,glyph32,cap10000-app400000,10000,400000,4031,-,class_cap,1,7810,9745,3950,shared,393860,2159,1500,16624,6815,435,53,1023,1033,6,184,0,0.0000023245811462402344,0,29.380,12.283,26.550,5.24,8ecdc098
glyph32_U0056,glyph32,cap10000-app400000,10000,400000,207,-,class_cap,5,34680,6710,850,tree_cheaper,23596,207,97,1184,302,51,5,43,58,0,17,0,0.00000095367431640625,0,882.449,1.157,881.879,2.88,8ecdc098
glyph32_U0057,glyph32,cap10000-app400000,10000,400000,359,-,class_cap,4,27866,6892,1040,tree_cheaper,35184,359,185,2144,756,89,9,104,128,0,40,0,0.00000095367431640625,0,844.115,1.872,843.420,3.37,8ecdc098
glyph32_U0058,glyph32,cap10000-app400000,10000,400000,359,-,class_cap,4,28325,7262,997,tree_cheaper,36460,359,203,2320,838,89,9,102,126,0,46,0,0.00000286102294921875,0,700.339,2.038,699.566,3.63,8ecdc098
glyph32_U0059,glyph32,cap10000-app400000,10000,400000,275,-,class_cap,4,23234,5345,674,tree_cheaper,21300,283,131,1520,501,69,7,68,89,0,28,0,0.00000095367431640625,0,346.423,1.607,345.733,2.68,8ecdc098
glyph32_U005A,glyph32,cap10000-app400000,10000,400000,267,-,class_cap,5,36344,7609,1106,tree_cheaper,30908,283,113,1296,345,68,7,60,84,1,21,0,0.0000019073486328125,0,1028.786,1.954,1028.125,3.68,8ecdc098
glyph32_U005B,glyph32,cap10000-app400000,10000,400000,191,-,quiesced,7,16687,1527,152,tree_cheaper,2372,207,64,752,170,44,5,29,39,0,10,0,0,0,98.225,1.188,97.773,0.71,8ecdc098
glyph32_U005C,glyph32,cap10000-app400000,10000,400000,131,-,class_cap,6,37505,7873,1210,tree_cheaper,29964,131,65,864,192,35,3,28,34,0,11,0,0.00000095367431640625,0,693.132,0.854,692.509,3.70,8ecdc098
glyph32_U005D,glyph32,cap10000-app400000,10000,400000,191,-,quiesced,7,16993,1558,153,tree_cheaper,2360,207,65,752,175,45,5,30,39,0,10,0,0,0,114.248,1.143,113.845,0.72,8ecdc098
glyph32_U005E,glyph32,cap10000-app400000,10000,400000,207,-,class_cap,4,21381,6394,978,tree_cheaper,22816,207,111,1344,409,53,5,52,64,0,20,0,0.000000476837158203125,0,224.454,1.149,223.865,2.84,8ecdc098
glyph32_U005F,glyph32,cap10000-app400000,10000,400000,123,-,class_cap,6,33484,5176,522,tree_cheaper,13244,131,44,576,115,31,3,18,28,0,5,0,0.000001728534698486328,0,835.233,0.802,834.803,2.56,8ecdc098
glyph32_U0060,glyph32,cap10000-app400000,10000,400000,131,-,class_cap,5,29135,7890,1383,tree_cheaper,22152,131,69,912,200,35,3,28,34,0,11,0,0.00000286102294921875,0,391.054,0.846,390.510,3.73,8ecdc098
glyph32_U0061,glyph32,cap10000-app400000,10000,400000,5517,-,class_cap,1,6862,9912,4681,shared,493348,2929,2454,23184,10999,589,72,1400,1413,1,290,0,0.0000013113021850585938,0,35.383,16.522,31.182,5.47,8ecdc098
glyph32_U0062,glyph32,cap10000-app400000,10000,400000,3981,-,class_cap,1,7796,9753,3974,shared,385384,2121,1550,15904,7055,426,52,1009,1013,0,192,0,0.0000013113021850585938,0,31.238,13.071,28.507,5.22,8ecdc098
glyph32_U0063,glyph32,cap10000-app400000,10000,400000,3963,-,class_cap,1,7772,9762,3989,shared,387264,2083,1547,15760,7067,416,51,992,996,0,192,0,0.0000017881393432617188,0,28.120,12.791,25.468,5.21,8ecdc098
glyph32_U0064,glyph32,cap10000-app400000,10000,400000,3981,-,class_cap,1,7807,9753,3975,shared,384784,2121,1550,15968,7072,428,52,1004,1017,0,195,0,0.0000013113021850585938,0,30.747,21.499,27.763,5.22,8ecdc098
glyph32_U0065,glyph32,cap10000-app400000,10000,400000,4035,-,class_cap,1,7714,9757,4045,shared,392120,2159,1611,16608,7275,439,53,1025,1040,0,199,0,0.0000012516975402832031,0,33.993,13.355,29.052,5.22,8ecdc098
glyph32_U0066,glyph32,cap10000-app400000,10000,400000,1245,-,class_cap,2,14204,8800,2242,shared,189200,809,456,4944,1875,157,20,289,302,0,52,0,0.000000476837158203125,0,147.139,7.421,145.655,4.68,8ecdc098
glyph32_U0067,glyph32,cap10000-app400000,10000,400000,5969,-,class_cap,1,6733,9935,4808,shared,520648,3173,2666,25824,11990,636,78,1510,1534,3,318,0,0.000001728534698486328,0,36.767,20.610,32.122,5.52,8ecdc098
glyph32_U0068,glyph32,cap10000-app400000,10000,400000,2145,-,class_cap,2,13396,9450,2188,shared,186948,1221,792,8928,3341,249,30,541,548,0,83,0,0.0000024437904357910156,0,179.688,8.357,178.074,4.87,8ecdc098
glyph32_U0069,glyph32,cap10000-app400000,10000,400000,293,-,class_cap,5,33099,7438,1050,tree_cheaper,34440,321,84,960,237,61,8,46,60,0,13,0,0,0,801.101,1.662,800.457,3.66,8ecdc098
glyph32_U006A,glyph32,cap10000-app400000,10000,400000,1211,-,class_cap,2,13812,8784,2306,shared,201816,771,473,4992,1958,155,19,287,303,0,55,0,0.000001430511474609375,0,63.600,4.800,62.470,4.68,8ecdc098
glyph32_U006B,glyph32,cap10000-app400000,10000,400000,347,-,class_cap,4,26316,6313,838,tree_cheaper,30108,359,163,1920,616,84,9,83,106,2,38,0,0.00000095367431640625,0,482.935,1.927,482.314,2.87,8ecdc098
glyph32_U006C,glyph32,cap10000-app400000,10000,400000,1143,-,class_cap,2,13771,8892,2298,shared,190088,695,437,4688,1827,146,17,278,296,0,53,0,0.000000476837158203125,0,78.112,4.789,77.026,4.68,8ecdc098
glyph32_U006D,glyph32,cap10000-app400000,10000,400000,4133,-,class_cap,1,7822,9769,3903,shared,416728,2273,1519,17248,6884,447,56,1017,1031,22,196,0,0.0000027418136596679688,0,28.659,14.118,25.864,5.26,8ecdc098
glyph32_U006E,glyph32,cap10000-app400000,10000,400000,2145,-,class_cap,2,13401,9447,2185,shared,183972,1221,788,8832,3344,249,30,541,548,0,83,0,0.000000476837158203125,0,179.051,8.008,177.189,4.87,8ecdc098
glyph32_U006F,glyph32,cap10000-app400000,10000,400000,3863,-,class_cap,1,8095,9763,3731,shared,364936,2007,1391,15712,6402,398,49,974,974,13,178,0,0.000002562999725341797,0,27.740,12.641,25.256,5.23,8ecdc098
glyph32_U0070,glyph32,cap10000-app400000,10000,400000,3981,-,class_cap,1,7802,9757,3980,shared,385288,2121,1545,16016,7066,427,52,1010,1016,0,194,0,0.000001728534698486328,0,29.280,12.777,26.519,5.22,8ecdc098
glyph32_U0071,glyph32,cap10000-app400000,10000,400000,3981,-,class_cap,1,7789,9757,3981,shared,386320,2121,1546,15792,7065,427,52,1003,1014,0,193,0,0.0000027865171432495117,0,29.262,13.621,26.529,5.22,8ecdc098
glyph32_U0072,glyph32,cap10000-app400000,10000,400000,2127,-,class_cap,2,13154,9505,2251,shared,192112,1183,799,8928,3349,241,29,528,535,0,82,0,0.000005245208740234375,0,145.696,8.240,144.155,4.88,8ecdc098
glyph32_U0073,glyph32,cap10000-app400000,10000,400000,5739,-,class_cap,1,6674,9931,4821,shared,514500,3051,2615,25136,11687,618,75,1475,1486,1,310,0,0.00000095367431640625,0,34.598,18.589,30.578,5.51,8ecdc098
glyph32_U0074,glyph32,cap10000-app400000,10000,400000,1245,-,class_cap,2,14085,8777,2218,shared,191496,809,460,4864,1907,156,20,288,301,0,57,0,0.0000003129243850708008,0,89.291,5.482,88.056,4.68,8ecdc098
glyph32_U0075,glyph32,cap10000-app400000,10000,400000,2145,-,class_cap,2,13292,9410,2229,shared,204812,1221,800,8944,3367,250,30,536,550,0,84,0,0.000000476837158203125,0,96.916,8.663,95.275,4.87,8ecdc098
glyph32_U0076,glyph32,cap10000-app400000,10000,400000,207,-,class_cap,5,34668,6721,885,tree_cheaper,24772,207,103,1296,337,53,5,52,64,0,20,0,0.00000095367431640625,0,891.893,1.378,891.282,2.88,8ecdc098
glyph32_U0077,glyph32,cap10000-app400000,10000,400000,359,-,class_cap,4,26280,6195,813,tree_cheaper,29256,359,181,2096,751,87,9,102,126,0,38,0,0.00000095367431640625,0,567.267,2.133,566.295,2.85,8ecdc098
glyph32_U0078,glyph32,cap10000-app400000,10000,400000,359,-,class_cap,4,28471,7311,996,tree_cheaper,36328,359,202,2304,838,89,9,102,126,0,46,0,0.0000019073486328125,0,704.101,1.966,703.402,3.64,8ecdc098
glyph32_U0079,glyph32,cap10000-app400000,10000,400000,1693,-,class_cap,2,12769,9370,2601,shared,240536,977,670,7600,2818,210,24,437,449,0,71,0,0.0000015497207641601563,0,52.630,6.880,50.980,4.84,8ecdc098
glyph32_U007A,glyph32,cap10000-app400000,10000,400000,267,-,class_cap,5,35641,7587,1116,tree_cheaper,30988,283,108,1296,330,64,7,56,72,1,20,0,0.0000002384185791015625,0,976.716,1.480,976.046,3.68,8ecdc098
glyph32_U007B,glyph32,cap10000-app400000,10000,400000,4101,-,class_cap,1,7718,9732,4041,shared,395052,2273,1598,16656,7145,455,56,1037,1053,0,194,0,0.0000012516975402832031,0,29.345,13.406,26.543,5.24,8ecdc098
glyph32_U007C,glyph32,cap10000-app400000,10000,400000,123,-,class_cap,5,24237,7269,983,tree_cheaper,24376,131,45,576,125,35,3,20,30,0,6,0,0,0,498.815,0.848,498.220,3.63,8ecdc098
glyph32_U007D,glyph32,cap10000-app400000,10000,400000,4101,-,class_cap,1,7717,9739,4040,shared,394104,2273,1597,16528,7176,456,56,1032,1055,0,196,0,0.0000019073486328125,0,30.271,13.437,27.397,5.24,8ecdc098
glyph32_U007E,glyph32,cap10000-app400000,10000,400000,3995,-,class_cap,1,7827,9753,3986,shared,395180,2083,1563,16160,7098,421,51,1004,1009,0,192,0,0.00000095367431640625,0,29.056,12.973,26.355,5.21,8ecdc098
psychedelic_packed,psychedelic,cap10000-app400000,10000,400000,1246,-,class_cap,3,11318,7141,1732,tree_cheaper,49680,1246,111,2368,826,127,1,29,30,0,13,0,0,0,25.777,0.851,24.302,3.42,8ecdc098
shader_cosine_palette,shader,cap10000-app400000,10000,400000,40,-,class_cap,4,13676,8852,1863,tree_cheaper,122000,40,25,1232,292,133,3,99,102,0,1,0,0,0,31.879,0.969,31.145,4.52,a1d56ee4
shader_smooth_min_scene,shader,cap10000-app400000,10000,400000,43,-,class_cap,12,69343,4077,314,tree_cheaper,8152,43,39,448,132,34,0,0,0,0,2,0,0,0,143.010,0.373,142.631,1.89,a1d56ee4
shader_mandelbrot_distance,shader,cap10000-app400000,10000,400000,152,-,class_cap,5,33555,5735,302,tree_cheaper,7540,152,105,1456,558,150,19,18,48,0,5,0,0,0,723.467,4.460,722.905,2.64,a1d56ee4
shader_star_sdf,shader,cap10000-app400000,10000,400000,66,-,class_cap,5,17555,7826,1134,tree_cheaper,154208,66,58,640,172,56,1,0,2,0,2,0,0,0,39.308,0.572,38.775,3.75,a1d56ee4
shader_gyroid_slice,shader,cap10000-app400000,10000,400000,40,-,quiesced,9,4675,775,102,tree_cheaper,1520,40,33,2768,932,163,4,124,128,0,8,0,0,0,12.574,1.959,12.161,0.35,a1d56ee4
shader_plasma,shader,cap10000-app400000,10000,400000,37,-,class_cap,5,15454,6909,902,tree_cheaper,84496,37,29,1376,359,122,3,87,90,0,4,0,0,0,29.381,1.013,28.937,2.92,a1d56ee4
shader_domain_warp_fbm,shader,cap10000-app400000,10000,400000,84,-,class_cap,3,12210,8634,2044,shared,205292,84,56,1648,431,180,4,116,120,0,4,0,0,0,27.789,1.359,27.296,4.62,a1d56ee4
shader_kaleidoscope_fold,shader,cap10000-app400000,10000,400000,46,-,quiesced,5,319,131,57,tree_cheaper,412,46,40,2032,560,238,10,156,174,0,8,0,0.000006109476089477539,0,1.355,3.001,1.121,0.09,a1d56ee4
shader_metaballs,shader,cap10000-app400000,10000,400000,62,-,class_cap,6,35591,8034,1073,tree_cheaper,20028,62,46,464,140,39,1,0,0,0,3,0,0,0,376.156,0.465,375.635,3.70,a1d56ee4
shader_julia_set,shader,cap10000-app400000,10000,400000,122,-,class_cap,5,20357,8475,1477,shared,53548,122,140,1952,791,227,14,47,63,0,3,0,0,0,37.825,4.098,37.346,4.58,a1d56ee4
shader_smoothstep_vignette,shader,cap10000-app400000,10000,400000,64,-,quiesced,5,1074,283,82,tree_cheaper,1064,64,49,544,194,41,0,0,0,0,7,0,0.0000012069940567016602,0,3.106,0.315,2.925,0.15,a1d56ee4
shader_torus_slice,shader,cap10000-app400000,10000,400000,38,-,quiesced,15,28932,3005,198,shared,5336,38,31,368,130,25,0,0,0,0,3,0,0,0,113.898,0.414,113.544,1.33,a1d56ee4
cellgrid_80x24_d2,cellgrid,cap100000-app200000,100000,200000,667,-,class_cap,5,165997,90816,15172,shared,3525984,667,117,2560,427,217,0,0,0,5,19,0,0,0,469.988,0.689,465.886,43.09,8ecdc098
chrome_packed,chrome,cap100000-app200000,100000,200000,390815,-,class_cap,3,142134,85977,16021,tree_cheaper,530296,335411,568,4768,2374,547,17,888,890,57,13,0,0,1,3625.345,6.269,3463.710,64.27,8ecdc098
chrome_R,chrome_channel,cap100000-app200000,100000,200000,133101,-,class_cap,3,137787,84136,15535,tree_cheaper,510984,114633,405,3456,1860,389,9,596,598,41,13,0,0.00001800060272216797,0,3495.200,3.858,3453.574,49.83,8ecdc098
psychedelic_packed,psychedelic,cap100000-app200000,100000,200000,1246,-,class_cap,5,170242,92102,20207,tree_cheaper,490488,1246,111,2352,829,127,1,29,30,0,12,0,0,0,512.446,0.973,508.366,43.54,8ecdc098
shader_cosine_palette,shader,cap100000-app200000,100000,200000,40,-,class_cap,6,170829,92378,12477,tree_cheaper,442104,40,25,1232,292,133,3,99,102,0,1,0,0,0,957.413,1.012,953.984,42.90,3f714e09
shader_smooth_min_scene,shader,cap100000-app200000,100000,200000,43,-,application_budget,20,200000,7828,412,tree_cheaper,13476,43,39,448,132,34,0,0,0,0,2,0,0,0,533.151,0.374,532.656,3.79,3f714e09
shader_mandelbrot_distance,shader,cap100000-app200000,100000,200000,152,-,quiesced,8,96495,6287,237,tree_cheaper,6208,152,115,1616,595,160,19,31,57,0,5,0,0,0,4869.546,4.307,4868.974,2.73,3f714e09
shader_star_sdf,shader,cap100000-app200000,100000,200000,66,-,class_cap,7,177332,69418,8155,tree_cheaper,1626172,66,58,640,172,56,1,0,2,0,2,0,0,0,344.705,0.509,342.126,35.86,3f714e09
shader_gyroid_slice,shader,cap100000-app200000,100000,200000,40,-,quiesced,9,4675,775,102,tree_cheaper,1520,40,33,2768,932,163,4,124,128,0,8,0,0,0,12.213,2.019,11.988,0.35,3f714e09
shader_plasma,shader,cap100000-app200000,100000,200000,37,-,application_budget,10,200000,42692,2114,tree_cheaper,234524,37,29,1376,359,122,3,87,90,0,4,0,0,0,341.813,1.032,340.207,20.62,3f714e09
shader_domain_warp_fbm,shader,cap100000-app200000,100000,200000,84,-,class_cap,5,148026,96399,18772,tree_cheaper,706776,84,58,1680,436,183,4,116,120,0,4,0,0,0,537.019,1.578,533.858,44.06,3f714e09
shader_kaleidoscope_fold,shader,cap100000-app200000,100000,200000,46,-,quiesced,5,319,131,57,tree_cheaper,412,46,40,2032,560,238,10,156,174,0,8,0,0.000006109476089477539,0,1.469,3.130,1.215,0.09,3f714e09
shader_metaballs,shader,cap100000-app200000,100000,200000,62,-,application_budget,8,200000,54826,5689,tree_cheaper,59548,62,77,704,248,57,1,0,0,0,5,0,0,0,13500.656,0.524,13498.928,22.79,3f714e09
shader_julia_set,shader,cap100000-app200000,100000,200000,122,-,class_cap,7,184207,77831,9029,tree_cheaper,189432,122,174,2368,948,262,14,113,117,0,3,0,0,0,22117.495,4.770,22114.615,40.58,3f714e09
shader_smoothstep_vignette,shader,cap100000-app200000,100000,200000,64,-,quiesced,5,1074,283,82,tree_cheaper,1064,64,49,544,194,41,0,0,0,0,7,0,0.0000012069940567016602,0,3.330,0.388,3.059,0.15,3f714e09
shader_torus_slice,shader,cap100000-app200000,100000,200000,38,-,quiesced,15,28932,3005,198,shared,5336,38,31,368,130,25,0,0,0,0,3,0,0,0,114.002,0.325,113.657,1.33,3f714e09
cellgrid_80x24_d2,cellgrid,cap100000-app4000000,100000,4000000,667,-,class_cap,5,165997,90816,15172,shared,3525984,667,117,2560,427,217,0,0,0,5,19,0,0,0,453.699,0.624,449.737,43.09,8ecdc098
chrome_packed,chrome,cap100000-app4000000,100000,4000000,390815,-,class_cap,3,142134,85977,16021,tree_cheaper,530296,335411,568,4768,2374,547,17,888,890,57,13,0,0,1,3618.186,6.133,3457.107,64.27,8ecdc098
chrome_R,chrome_channel,cap100000-app4000000,100000,4000000,133101,-,class_cap,3,137787,84136,15535,tree_cheaper,510984,114633,405,3456,1860,389,9,596,598,41,13,0,0.00001800060272216797,0,3550.852,4.242,3511.212,49.83,8ecdc098
psychedelic_packed,psychedelic,cap100000-app4000000,100000,4000000,1246,-,class_cap,5,170242,92102,20207,tree_cheaper,490488,1246,111,2352,829,127,1,29,30,0,12,0,0,0,386.336,1.266,382.709,43.54,8ecdc098
shader_cosine_palette,shader,cap100000-app4000000,100000,4000000,40,-,class_cap,6,170829,92378,12477,tree_cheaper,442104,40,25,1232,292,133,3,99,102,0,1,0,0,0,955.883,1.021,952.502,42.90,3f714e09
shader_smooth_min_scene,shader,cap100000-app4000000,100000,4000000,43,-,class_cap,44,1515517,29704,924,shared,31960,43,39,448,144,33,0,0,0,0,3,0,0.0000021457672119140625,0,7501.607,0.366,7500.173,15.00,3f714e09
shader_mandelbrot_distance,shader,cap100000-app4000000,100000,4000000,152,-,quiesced,8,96495,6287,237,tree_cheaper,6208,152,115,1616,595,160,19,31,57,0,5,0,0,0,4839.516,4.311,4838.933,2.73,3f714e09
shader_star_sdf,shader,cap100000-app4000000,100000,4000000,66,-,class_cap,7,177332,69418,8155,tree_cheaper,1626172,66,58,640,172,56,1,0,2,0,2,0,0,0,341.209,0.560,338.671,35.86,3f714e09
shader_gyroid_slice,shader,cap100000-app4000000,100000,4000000,40,-,quiesced,9,4675,775,102,tree_cheaper,1520,40,33,2768,932,163,4,124,128,0,8,0,0,0,12.620,2.015,12.374,0.35,3f714e09
shader_plasma,shader,cap100000-app4000000,100000,4000000,37,-,class_cap,10,292631,52533,2369,tree_cheaper,267904,37,29,1376,359,122,3,87,90,0,4,0,0,0,484.328,1.195,481.943,22.39,3f714e09
shader_domain_warp_fbm,shader,cap100000-app4000000,100000,4000000,84,-,class_cap,5,148026,96399,18772,tree_cheaper,706776,84,58,1680,436,183,4,116,120,0,4,0,0,0,532.921,1.516,529.238,44.06,3f714e09
shader_kaleidoscope_fold,shader,cap100000-app4000000,100000,4000000,46,-,quiesced,5,319,131,57,tree_cheaper,412,46,40,2032,560,238,10,156,174,0,8,0,0.000006109476089477539,0,1.454,3.215,1.172,0.09,3f714e09
shader_metaballs,shader,cap100000-app4000000,100000,4000000,62,-,class_cap,8,272259,82413,10441,tree_cheaper,123804,62,73,672,270,63,1,0,0,0,3,0,0,0,101528.246,0.531,101524.817,41.73,3f714e09
shader_julia_set,shader,cap100000-app4000000,100000,4000000,122,-,class_cap,7,184207,77831,9029,tree_cheaper,189432,122,174,2368,948,262,14,113,117,0,3,0,0,0,22498.426,4.832,22495.304,40.58,3f714e09
shader_smoothstep_vignette,shader,cap100000-app4000000,100000,4000000,64,-,quiesced,5,1074,283,82,tree_cheaper,1064,64,49,544,194,41,0,0,0,0,7,0,0.0000012069940567016602,0,3.415,0.322,3.129,0.15,3f714e09
shader_torus_slice,shader,cap100000-app4000000,100000,4000000,38,-,quiesced,15,28932,3005,198,shared,5336,38,31,368,130,25,0,0,0,0,3,0,0,0,116.067,0.393,115.722,1.33,3f714e09
cellgrid_80x24_d2,cellgrid,cap20000-app200000,20000,200000,667,-,class_cap,4,29932,18425,3998,shared,869900,667,117,2560,427,217,0,0,0,5,19,0,0,0,80.857,0.632,79.818,9.20,8ecdc098
chrome_packed,chrome,cap20000-app200000,20000,200000,390815,-,class_cap,2,22744,17886,4054,shared,900052,335411,403,3584,1681,384,17,604,606,30,11,0,0,0,211.118,4.357,54.809,34.88,8ecdc098
chrome_R,chrome_channel,cap20000-app200000,20000,200000,133101,-,class_cap,2,21309,17003,3829,shared,795596,114633,294,2816,1391,280,9,416,418,34,12,0,0.000017702579498291016,0,85.091,2.779,47.483,16.36,8ecdc098
glyph16_U0020,glyph16,cap20000-app200000,20000,200000,1,-,quiesced,1,0,1,1,tree_cheaper,4,1,1,164,0,1,0,0,0,0,0,0,0,0,0.593,0.262,0.014,0.00,a1d56ee4
glyph16_U0021,glyph16,cap20000-app200000,20000,200000,267,-,class_cap,6,69303,14430,2153,tree_cheaper,67536,283,86,960,256,54,7,39,48,0,13,0,0.00000095367431640625,0,5955.219,1.771,5954.199,7.17,a1d56ee4
glyph16_U0022,glyph16,cap20000-app200000,20000,200000,191,-,quiesced,7,17694,1642,151,tree_cheaper,2276,207,62,736,175,46,5,31,49,0,8,0,0.000000476837158203125,0,118.390,1.185,117.633,0.84,a1d56ee4
glyph16_U0023,glyph16,cap20000-app200000,20000,200000,647,-,class_cap,4,40740,9804,1422,tree_cheaper,95196,663,260,2816,1013,144,17,143,207,2,52,0,0.0000019073486328125,0,1059.321,3.193,1058.317,5.17,a1d56ee4
glyph16_U0024,glyph16,cap20000-app200000,20000,200000,6151,-,class_cap,2,21299,19617,6262,tree_cheaper,658856,3363,2301,27312,9848,671,83,1556,1581,0,239,0,0.000002294778823852539,0,180.269,18.577,175.051,10.26,a1d56ee4
glyph16_U0025,glyph16,cap20000-app200000,20000,200000,8791,-,class_cap,1,15282,19525,8358,shared,843192,4599,3587,35792,16475,922,113,2254,2266,0,437,0,0.0000019073486328125,0,65.365,26.643,57.501,10.56,a1d56ee4
glyph16_U0026,glyph16,cap20000-app200000,20000,200000,7719,-,class_cap,1,15565,19496,7900,shared,813828,4103,3019,32384,13757,828,101,1980,2002,0,382,0,0.0000020265579223632813,0,58.535,22.721,52.038,10.47,a1d56ee4
glyph16_U0027,glyph16,cap20000-app200000,20000,200000,123,-,quiesced,7,12774,1153,108,tree_cheaper,1208,131,46,592,124,33,3,18,28,0,6,0,0.00000095367431640625,0,72.630,0.818,72.217,0.64,a1d56ee4
glyph16_U0028,glyph16,cap20000-app200000,20000,200000,1959,-,class_cap,2,25380,18010,4732,shared,467652,1031,749,7008,3285,192,25,329,441,0,94,0,0.000001430511474609375,0,218.528,11.830,214.762,9.43,a1d56ee4
glyph16_U0029,glyph16,cap20000-app200000,20000,200000,1777,-,class_cap,2,24607,17772,4491,shared,442780,953,694,6528,3053,180,23,298,403,0,89,0,0.0000017657876014709473,0,68.469,6.953,66.567,9.36,a1d56ee4
glyph16_U002A,glyph16,cap20000-app200000,20000,200000,647,-,class_cap,4,44467,9885,1190,tree_cheaper,61984,663,296,3296,1157,142,17,155,197,3,55,0,0.0000026226043701171875,0,638.260,3.257,637.172,5.14,a1d56ee4
glyph16_U002B,glyph16,cap20000-app200000,20000,200000,259,-,application_budget,31,200000,6032,336,tree_cheaper,7884,283,73,816,205,52,7,37,46,0,10,0,0.000000476837158203125,0,1249.894,1.464,1249.360,2.72,a1d56ee4
glyph16_U002C,glyph16,cap20000-app200000,20000,200000,199,-,quiesced,7,28182,2752,268,tree_cheaper,5252,207,88,1072,276,51,5,43,58,0,15,0,0.0000011920928955078125,0,242.033,1.224,241.541,1.33,a1d56ee4
glyph16_U002D,glyph16,cap20000-app200000,20000,200000,123,-,quiesced,7,12610,1138,110,tree_cheaper,1232,131,47,624,124,33,3,18,28,0,6,0,0.0000019073486328125,0,85.659,1.181,83.908,0.59,a1d56ee4
glyph16_U002E,glyph16,cap20000-app200000,20000,200000,123,-,class_cap,6,46386,10949,1478,tree_cheaper,43200,131,43,544,120,33,3,18,28,0,6,0,0.0000019073486328125,0,16933.280,1.312,16931.516,5.25,a1d56ee4
glyph16_U002F,glyph16,cap20000-app200000,20000,200000,131,-,class_cap,7,72555,15406,1699,tree_cheaper,44536,131,61,816,184,35,3,28,34,0,11,0,0.000000476837158203125,0,11571.674,0.866,11570.765,7.28,a1d56ee4
glyph16_U0030,glyph16,cap20000-app200000,20000,200000,5767,-,class_cap,2,23013,19627,5401,shared,541716,2983,2027,22016,9058,591,73,1463,1463,0,215,0,0.0000010728836059570313,0,1648.726,16.102,1642.298,10.08,a1d56ee4
glyph16_U0031,glyph16,cap20000-app200000,20000,200000,301,-,class_cap,6,75769,14670,1951,tree_cheaper,70600,321,116,1296,359,75,8,67,96,0,22,0,0.0000011920928955078125,0,8616.724,1.531,8615.703,7.18,a1d56ee4
glyph16_U0032,glyph16,cap20000-app200000,20000,200000,3827,-,class_cap,2,24530,19197,5151,shared,481816,2043,1444,16208,6200,414,50,965,976,0,149,0,0.0000007152557373046875,0,327.527,12.870,324.490,9.77,a1d56ee4
glyph16_U0033,glyph16,cap20000-app200000,20000,200000,5901,-,class_cap,2,22175,19726,5709,shared,579964,3097,2163,24048,9489,622,76,1512,1512,0,224,0,0.0000010728836059570313,0,747.596,17.241,742.773,10.17,a1d56ee4
glyph16_U0034,glyph16,cap20000-app200000,20000,200000,335,-,class_cap,6,75123,14760,1992,tree_cheaper,85680,359,113,1312,350,72,9,64,79,0,21,0,0.0000015497207641601563,0,6063.089,1.690,6062.245,7.21,a1d56ee4
glyph16_U0035,glyph16,cap20000-app200000,20000,200000,4031,-,class_cap,2,26068,18891,4530,shared,434976,2159,1481,16512,6399,437,53,1025,1035,0,155,0,0.0000017881393432617188,0,463.002,12.623,460.007,9.71,a1d56ee4
glyph16_U0036,glyph16,cap20000-app200000,20000,200000,5793,-,class_cap,2,22304,19717,5634,shared,567932,3021,2142,23152,9381,603,74,1475,1481,0,221,0,0.0000025853514671325684,0,822.837,16.957,818.351,10.13,a1d56ee4
glyph16_U0037,glyph16,cap20000-app200000,20000,200000,199,-,class_cap,6,63823,14266,2334,tree_cheaper,62788,207,87,1056,272,53,5,45,60,0,17,0,0.000000476837158203125,0,4841.477,1.153,4840.373,6.79,a1d56ee4
glyph16_U0038,glyph16,cap20000-app200000,20000,200000,7671,-,class_cap,1,15934,19478,7657,shared,790932,3959,2866,30912,13268,784,97,1952,1952,3,360,0,0.000002205371856689453,0,57.575,21.038,51.240,10.44,a1d56ee4
glyph16_U0039,glyph16,cap20000-app200000,20000,200000,5833,-,class_cap,2,22174,19746,5702,shared,571248,3021,2165,23344,9487,605,74,1485,1485,0,221,0,0.000002574175596237182,0,827.276,17.081,822.560,10.15,a1d56ee4
glyph16_U003A,glyph16,cap20000-app200000,20000,200000,191,-,class_cap,6,54625,13102,1678,tree_cheaper,54540,207,52,624,143,38,5,23,23,0,7,0,0.000000476837158203125,0,3762.999,1.067,3762.216,5.69,a1d56ee4
glyph16_U003B,glyph16,cap20000-app200000,20000,200000,267,-,quiesced,12,49487,3722,363,tree_cheaper,8848,283,108,1312,334,65,7,57,81,0,18,0,0.000000476837158203125,0,539.305,1.609,538.347,1.82,a1d56ee4
glyph16_U003C,glyph16,cap20000-app200000,20000,200000,309,-,quiesced,17,58193,5722,540,tree_cheaper,17372,321,143,1712,462,77,8,76,93,2,28,0,0.0000014901161193847656,0,1304.106,1.710,1303.472,2.66,a1d56ee4
glyph16_U003D,glyph16,cap20000-app200000,20000,200000,191,-,class_cap,6,66226,15129,1401,tree_cheaper,37856,207,54,656,148,40,5,25,25,0,7,0,0,0,2957.294,1.060,2956.501,7.28,a1d56ee4
glyph16_U003E,glyph16,cap20000-app200000,20000,200000,309,-,quiesced,17,58222,5726,545,tree_cheaper,17496,321,143,1712,462,77,8,76,92,0,28,0,0.0000013113021850585938,0,1401.017,1.584,1400.153,2.66,a1d56ee4
glyph16_U003F,glyph16,cap20000-app200000,20000,200000,4159,-,class_cap,2,25855,18861,4698,shared,426760,2311,1570,18544,6694,469,57,1070,1083,1,163,0,0.0000012516975402832031,0,439.970,12.921,436.359,9.75,a1d56ee4
glyph16_U0040,glyph16,cap20000-app200000,20000,200000,7803,-,class_cap,1,15811,19508,7768,shared,800216,4111,2993,32688,13786,820,101,1988,2007,2,381,0,0.0000018477439880371096,0,59.109,22.446,52.377,10.45,a1d56ee4
glyph16_U0041,glyph16,cap20000-app200000,20000,200000,283,-,class_cap,6,83169,13000,1273,tree_cheaper,44116,283,128,1536,403,67,7,59,83,0,23,0,0.000001430511474609375,0,8992.687,1.517,8991.496,5.61,a1d56ee4
glyph16_U0042,glyph16,cap20000-app200000,20000,200000,3965,-,class_cap,2,25611,19002,4790,shared,441536,2121,1466,16176,6337,425,52,1008,1010,0,152,0,0.0000013113021850585938,0,517.708,13.232,514.758,9.74,a1d56ee4
glyph16_U0043,glyph16,cap20000-app200000,20000,200000,3963,-,class_cap,2,25673,19108,4725,shared,464884,2083,1469,16000,6411,415,51,991,993,0,151,0,0.0000019073486328125,0,398.149,12.662,395.223,9.77,a1d56ee4
glyph16_U0044,glyph16,cap20000-app200000,20000,200000,2027,-,class_cap,2,26661,18017,4534,shared,360844,1107,825,8768,3622,227,27,507,517,0,92,0,0.0000026226043701171875,0,238.559,7.877,236.875,9.45,a1d56ee4
glyph16_U0045,glyph16,cap20000-app200000,20000,200000,259,-,class_cap,6,64297,14803,2345,tree_cheaper,72744,283,83,928,226,58,7,43,61,0,14,0,0.00000095367431640625,0,4233.307,2.096,4232.465,7.29,a1d56ee4
glyph16_U0046,glyph16,cap20000-app200000,20000,200000,225,-,class_cap,6,60643,15019,2379,tree_cheaper,67548,245,72,784,196,51,6,36,50,0,12,0,0.0000011920928955078125,0,5466.386,1.269,5465.494,7.31,a1d56ee4
glyph16_U0047,glyph16,cap20000-app200000,20000,200000,4031,-,class_cap,2,26010,18874,4587,shared,423832,2159,1511,16624,6537,438,53,1026,1036,0,156,0,0.0000017881393432617188,0,710.534,23.580,707.506,9.71,a1d56ee4
glyph16_U0048,glyph16,cap20000-app200000,20000,200000,259,-,class_cap,6,60456,14456,2149,tree_cheaper,66596,283,68,752,195,52,7,37,46,0,10,0,0.00000095367431640625,0,6320.241,4.917,6319.214,7.19,a1d56ee4
glyph16_U0049,glyph16,cap20000-app200000,20000,200000,259,-,class_cap,6,60869,14767,2168,tree_cheaper,66960,283,70,768,201,52,7,37,46,0,10,0,0.00000095367431640625,0,4521.097,2.958,4520.168,7.25,a1d56ee4
glyph16_U004A,glyph16,cap20000-app200000,20000,200000,2111,-,class_cap,2,26400,17889,4619,shared,424952,1183,845,8976,3649,243,29,523,542,0,101,0,0.0000016689300537109375,0,142.523,9.530,140.502,9.40,a1d56ee4
glyph16_U004B,glyph16,cap20000-app200000,20000,200000,347,-,class_cap,5,55717,12677,1593,tree_cheaper,67512,359,154,1872,512,83,9,82,105,2,32,0,0.0000016689300537109375,0,5447.454,2.917,5445.695,5.67,a1d56ee4
glyph16_U004C,glyph16,cap20000-app200000,20000,200000,157,-,class_cap,6,52348,12207,1648,tree_cheaper,49124,169,55,656,151,41,4,26,40,0,9,0,0.00000095367431640625,0,6713.958,1.304,6712.657,5.49,a1d56ee4
glyph16_U004D,glyph16,cap20000-app200000,20000,200000,343,-,class_cap,5,53598,12091,1505,tree_cheaper,62796,359,142,1680,473,83,9,82,112,0,27,0,0.00000095367431640625,0,6347.136,7.226,6345.589,5.56,a1d56ee4
glyph16_U004E,glyph16,cap20000-app200000,20000,200000,267,-,class_cap,6,67234,14580,2358,tree_cheaper,74552,283,91,1056,280,63,7,48,75,0,15,0,0.000001430511474609375,0,8808.457,19.943,8807.581,7.26,a1d56ee4
glyph16_U004F,glyph16,cap20000-app200000,20000,200000,3863,-,class_cap,2,25323,19163,4892,shared,447548,2007,1378,14688,6057,400,49,976,976,0,146,0,0.000002205371856689453,0,1544.120,22.362,1538.411,9.76,a1d56ee4
glyph16_U0050,glyph16,cap20000-app200000,20000,200000,2061,-,class_cap,2,26760,17961,4494,shared,399608,1145,785,8592,3407,231,28,511,519,0,94,0,0.0000016689300537109375,0,655.934,8.436,648.706,9.46,a1d56ee4
glyph16_U0051,glyph16,cap20000-app200000,20000,200000,4461,-,class_cap,2,25189,19369,4479,shared,420220,2365,1624,17600,7150,477,58,1135,1147,0,173,0,0.0000020265579223632813,0,2500.394,34.383,2496.911,9.83,a1d56ee4
glyph16_U0052,glyph16,cap20000-app200000,20000,200000,3105,-,class_cap,2,26078,18507,5080,shared,468320,1709,1128,12448,4882,348,42,789,797,0,122,0,0.0000008940696716308594,0,675.130,17.473,670.626,9.59,a1d56ee4
glyph16_U0053,glyph16,cap20000-app200000,20000,200000,5943,-,class_cap,2,21798,19715,5920,shared,601608,3135,2227,24896,9669,632,77,1517,1528,0,229,0,0.0000016093254089355469,0,2165.343,43.603,2160.456,10.21,a1d56ee4
glyph16_U0054,glyph16,cap20000-app200000,20000,200000,191,-,class_cap,6,55553,12720,1656,tree_cheaper,53732,207,62,704,178,47,5,32,50,0,9,0,0.000001430511474609375,0,9453.332,1.262,9452.540,5.59,a1d56ee4
glyph16_U0055,glyph16,cap20000-app200000,20000,200000,4031,-,class_cap,2,24575,19157,5082,shared,516940,2159,1443,16576,6291,435,53,1023,1033,1,154,0,0.00000196695327758789,0,748.240,31.401,745.038,9.76,a1d56ee4
glyph16_U0056,glyph16,cap20000-app200000,20000,200000,207,-,class_cap,6,69839,11883,1294,tree_cheaper,39184,207,93,1152,290,51,5,43,58,0,17,0,0.000003337860107421875,0,8965.198,1.345,8964.160,5.37,a1d56ee4
glyph16_U0057,glyph16,cap20000-app200000,20000,200000,359,-,class_cap,5,60183,14607,2562,tree_cheaper,88776,359,175,2160,592,89,9,104,128,0,32,0,0.000002384185791015625,0,4422.762,1.999,4421.855,7.25,a1d56ee4
glyph16_U0058,glyph16,cap20000-app200000,20000,200000,359,-,class_cap,5,61261,12578,1540,tree_cheaper,72028,359,184,2256,638,89,9,102,126,0,38,0,0.00000286102294921875,0,4144.605,1.900,4143.708,5.61,a1d56ee4
glyph16_U0059,glyph16,cap20000-app200000,20000,200000,275,-,class_cap,6,76693,13296,1823,tree_cheaper,69332,283,121,1488,405,69,7,68,89,0,24,0,0.000003337860107421875,0,14487.425,2.471,14486.284,5.73,a1d56ee4
glyph16_U005A,glyph16,cap20000-app200000,20000,200000,267,-,class_cap,6,72239,14904,2226,tree_cheaper,73724,283,110,1264,337,68,7,60,84,1,21,0,0.000001430511474609375,0,11295.135,1.439,11294.133,7.27,a1d56ee4
glyph16_U005B,glyph16,cap20000-app200000,20000,200000,191,-,quiesced,7,16687,1526,152,tree_cheaper,2372,207,64,752,170,44,5,29,39,0,10,0,0.000000476837158203125,0,99.466,1.148,99.066,0.71,a1d56ee4
glyph16_U005C,glyph16,cap20000-app200000,20000,200000,131,-,class_cap,7,72321,15356,1699,tree_cheaper,44776,131,65,864,192,35,3,28,34,0,11,0,0.000000476837158203125,0,2931.681,1.002,2930.888,7.28,a1d56ee4
glyph16_U005D,glyph16,cap20000-app200000,20000,200000,191,-,quiesced,7,16993,1557,153,tree_cheaper,2360,207,65,752,175,45,5,30,39,0,10,0,0.000000476837158203125,0,114.499,1.276,114.049,0.72,a1d56ee4
glyph16_U005E,glyph16,cap20000-app200000,20000,200000,207,-,class_cap,5,50010,15022,3117,tree_cheaper,57364,207,107,1328,349,53,5,52,64,0,20,0,0.000000476837158203125,0,1127.792,1.355,1126.959,7.34,a1d56ee4
glyph16_U005F,glyph16,cap20000-app200000,20000,200000,123,-,class_cap,8,86033,10054,955,tree_cheaper,25396,131,44,576,115,31,3,18,28,0,5,0,0.00000286102294921875,0,5303.500,0.915,5302.842,5.01,a1d56ee4
glyph16_U0060,glyph16,cap20000-app200000,20000,200000,131,-,class_cap,5,38445,12205,1912,tree_cheaper,59876,131,69,912,200,35,3,28,34,0,11,0,0.0000007152557373046875,0,965.223,0.829,964.278,5.61,a1d56ee4
glyph16_U0061,glyph16,cap20000-app200000,20000,200000,5517,-,class_cap,2,23144,19635,5327,shared,527052,2929,2023,22128,8776,583,72,1387,1398,0,208,0,0.0000018030405044555664,0,751.001,15.729,746.660,10.04,a1d56ee4
glyph16_U0062,glyph16,cap20000-app200000,20000,200000,3981,-,class_cap,2,26145,18892,4576,shared,426784,2121,1477,16048,6452,425,52,1008,1010,0,153,0,0.0000023245811462402344,0,527.155,16.736,524.065,9.72,a1d56ee4
glyph16_U0063,glyph16,cap20000-app200000,20000,200000,3963,-,class_cap,2,26104,18864,4574,shared,437292,2083,1468,15904,6412,415,51,991,993,0,151,0,0.0000023245811462402344,0,405.663,13.615,401.919,9.72,a1d56ee4
glyph16_U0064,glyph16,cap20000-app200000,20000,200000,3981,-,class_cap,2,26223,18874,4562,shared,440184,2121,1464,15824,6393,426,52,1002,1011,0,153,0,0.000002384185791015625,0,489.735,11.386,486.704,9.71,a1d56ee4
glyph16_U0065,glyph16,cap20000-app200000,20000,200000,4035,-,class_cap,2,26118,18830,4523,shared,432172,2159,1516,16608,6550,438,53,1022,1037,0,157,0,0.0000014901161193847656,0,436.537,16.025,433.162,9.70,a1d56ee4
glyph16_U0066,glyph16,cap20000-app200000,20000,200000,1245,-,class_cap,3,40334,17965,2809,shared,98032,809,526,4992,2158,146,20,207,268,1,49,0,0.0000007152557373046875,0,717.498,5.174,716.087,9.16,a1d56ee4
glyph16_U0067,glyph16,cap20000-app200000,20000,200000,5969,-,class_cap,2,22553,19546,5670,shared,572320,3173,2166,23728,9485,631,78,1509,1520,0,226,0,0.0000034384429454803467,0,494.276,19.759,489.431,10.16,a1d56ee4
glyph16_U0068,glyph16,cap20000-app200000,20000,200000,2145,-,class_cap,2,26861,17970,4588,shared,414848,1221,807,8752,3471,245,30,525,541,0,97,0,0.000001430511474609375,0,229.671,7.316,227.752,9.42,a1d56ee4
glyph16_U0069,glyph16,cap20000-app200000,20000,200000,293,-,class_cap,6,66171,15026,2410,tree_cheaper,86068,321,84,960,237,61,8,46,60,0,13,0,0.000000476837158203125,0,4558.524,2.400,4557.633,7.33,a1d56ee4
glyph16_U006A,glyph16,cap20000-app200000,20000,200000,1211,-,class_cap,3,38413,17936,3042,shared,152252,771,488,4848,1956,145,19,206,272,1,49,0,0.000003337860107421875,0,577.256,5.278,575.843,9.17,a1d56ee4
glyph16_U006B,glyph16,cap20000-app200000,20000,200000,347,-,class_cap,5,55954,12726,1601,tree_cheaper,68876,359,157,1920,516,84,9,83,106,2,33,0,0.0000016689300537109375,0,3754.217,1.764,3753.114,5.68,a1d56ee4
glyph16_U006C,glyph16,cap20000-app200000,20000,200000,1143,-,class_cap,3,39043,18272,2996,shared,100096,695,526,4976,2172,139,17,200,274,1,48,0,0.0000014901161193847656,0,615.484,4.378,614.053,9.20,a1d56ee4
glyph16_U006D,glyph16,cap20000-app200000,20000,200000,4133,-,class_cap,2,25091,19157,4998,shared,473708,2273,1433,16896,6203,446,56,1016,1028,19,147,0,0.0000014901161193847656,0,521.042,13.209,515.580,9.81,a1d56ee4
glyph16_U006E,glyph16,cap20000-app200000,20000,200000,2145,-,class_cap,2,26858,17964,4601,shared,409944,1221,797,8688,3435,245,30,525,541,0,93,0,0.000002384185791015625,0,234.334,7.505,232.321,9.41,a1d56ee4
glyph16_U006F,glyph16,cap20000-app200000,20000,200000,3863,-,class_cap,2,25459,19026,4847,shared,480336,2007,1339,15264,5947,398,49,974,974,0,143,0,0.0000021457672119140625,0,529.024,12.339,526.139,9.74,a1d56ee4
glyph16_U0070,glyph16,cap20000-app200000,20000,200000,3981,-,class_cap,2,26301,18829,4534,shared,435052,2121,1463,15840,6414,425,52,1008,1010,0,153,0,0.000002264976501464844,0,487.780,12.157,484.274,9.71,a1d56ee4
glyph16_U0071,glyph16,cap20000-app200000,20000,200000,3981,-,class_cap,2,26295,18824,4523,shared,418224,2121,1473,15856,6464,426,52,1002,1011,0,153,0,0.0000021457672119140625,0,493.780,12.439,490.658,9.70,a1d56ee4
glyph16_U0072,glyph16,cap20000-app200000,20000,200000,2127,-,class_cap,2,26557,17944,4647,shared,420772,1183,806,8832,3453,238,29,518,530,0,96,0,0.000001132488250732422,0,198.057,10.915,196.129,9.41,a1d56ee4
glyph16_U0073,glyph16,cap20000-app200000,20000,200000,5739,-,class_cap,2,22198,19727,5661,shared,572576,3051,2145,24352,9278,617,75,1472,1483,0,222,0,0.0000016801059246063232,0,623.212,17.545,618.394,10.14,a1d56ee4
glyph16_U0074,glyph16,cap20000-app200000,20000,200000,1245,-,class_cap,3,40860,17596,2777,shared,180632,809,484,4800,1935,145,20,206,267,0,50,0,0.0000006556510925292969,0,688.601,4.755,687.217,9.10,a1d56ee4
glyph16_U0075,glyph16,cap20000-app200000,20000,200000,2145,-,class_cap,2,26468,17871,4630,shared,450928,1221,815,8784,3506,246,30,526,543,0,100,0,0.0000017881393432617188,0,171.163,7.189,169.375,9.36,a1d56ee4
glyph16_U0076,glyph16,cap20000-app200000,20000,200000,207,-,class_cap,6,69825,12250,1494,tree_cheaper,42136,207,98,1264,321,53,5,52,64,0,20,0,0.00000095367431640625,0,5551.912,1.344,5548.640,5.50,a1d56ee4
glyph16_U0077,glyph16,cap20000-app200000,20000,200000,359,-,class_cap,5,54993,11140,1301,tree_cheaper,61880,359,170,2096,583,87,9,102,126,0,30,0,0.000001430511474609375,0,3585.531,1.846,3584.700,5.31,a1d56ee4
glyph16_U0078,glyph16,cap20000-app200000,20000,200000,359,-,class_cap,5,61786,12694,1519,tree_cheaper,69352,359,178,2160,603,87,9,93,120,0,35,0,0.00000095367431640625,0,4197.525,1.814,4196.663,5.62,a1d56ee4
glyph16_U0079,glyph16,cap20000-app200000,20000,200000,1693,-,class_cap,2,24036,16560,3988,shared,379196,977,679,6704,2931,191,24,290,402,0,97,0,0.000001430511474609375,0,77.502,6.242,76.016,9.08,a1d56ee4
glyph16_U007A,glyph16,cap20000-app200000,20000,200000,267,-,class_cap,6,71008,14811,2244,tree_cheaper,73576,283,105,1264,322,64,7,56,72,1,20,0,0.000003337860107421875,0,6919.228,1.467,6918.299,7.25,a1d56ee4
glyph16_U007B,glyph16,cap20000-app200000,20000,200000,4101,-,class_cap,2,26101,18852,4666,shared,461728,2273,1513,17008,6456,451,56,1033,1041,0,159,0,0.0000013113021850585938,0,411.016,12.703,407.589,9.75,a1d56ee4
glyph16_U007C,glyph16,cap20000-app200000,20000,200000,123,-,class_cap,6,55934,15492,2499,tree_cheaper,66352,131,45,576,125,35,3,20,30,0,6,0,0.0000002980232238769531,0,1967.604,0.787,1966.763,7.36,a1d56ee4
glyph16_U007D,glyph16,cap20000-app200000,20000,200000,4101,-,class_cap,2,26335,18729,4582,shared,448168,2273,1502,16560,6460,452,56,1028,1043,0,159,0,0.0000012516975402832031,0,460.354,12.776,457.102,9.72,a1d56ee4
glyph16_U007E,glyph16,cap20000-app200000,20000,200000,3995,-,class_cap,2,25522,19130,4754,shared,454152,2083,1493,15920,6471,418,51,994,1002,0,150,0,0,0,287.938,11.985,284.812,9.75,a1d56ee4
glyph32_U0020,glyph32,cap20000-app200000,20000,200000,1,-,quiesced,1,0,1,1,tree_cheaper,4,1,1,164,0,1,0,0,0,0,0,0,0,0,0.238,0.218,0.014,0.00,a1d56ee4
glyph32_U0021,glyph32,cap20000-app200000,20000,200000,267,-,class_cap,6,69303,14431,2153,tree_cheaper,67584,283,86,960,256,54,7,39,48,0,13,0,0,0,5957.904,2.627,5957.099,7.17,a1d56ee4
glyph32_U0022,glyph32,cap20000-app200000,20000,200000,191,-,quiesced,7,17694,1642,151,tree_cheaper,2276,207,62,736,175,46,5,31,49,0,8,0,0,0,119.738,1.391,119.264,0.84,a1d56ee4
glyph32_U0023,glyph32,cap20000-app200000,20000,200000,647,-,class_cap,4,40740,9805,1422,tree_cheaper,95196,663,260,2816,1013,144,17,143,207,2,52,0,0.0000019073486328125,0,1056.796,3.027,1055.830,5.17,a1d56ee4
glyph32_U0024,glyph32,cap20000-app200000,20000,200000,6151,-,class_cap,2,21299,19617,6262,tree_cheaper,658856,3363,2301,27312,9848,671,83,1556,1581,0,239,0,0.0000030994415283203125,0,180.766,17.362,175.426,10.26,a1d56ee4
glyph32_U0025,glyph32,cap20000-app200000,20000,200000,8791,-,class_cap,1,15282,19525,8358,shared,843192,4599,3587,35792,16475,922,113,2254,2266,0,437,0,0.0000020265579223632813,0,65.043,24.855,57.442,10.56,a1d56ee4
glyph32_U0026,glyph32,cap20000-app200000,20000,200000,7719,-,class_cap,1,15565,19496,7900,shared,813828,4103,3019,32384,13757,828,101,1980,2002,0,382,0,0.0000017881393432617188,0,58.354,28.247,51.710,10.47,a1d56ee4
glyph32_U0027,glyph32,cap20000-app200000,20000,200000,123,-,quiesced,7,12774,1152,108,tree_cheaper,1208,131,46,592,124,33,3,18,28,0,6,0,0,0,72.757,0.864,72.367,0.64,a1d56ee4
glyph32_U0028,glyph32,cap20000-app200000,20000,200000,1959,-,class_cap,2,25380,18010,4732,shared,467652,1031,749,7008,3285,192,25,329,441,0,94,0,0.0000008344650268554688,0,76.813,6.606,74.961,9.43,a1d56ee4
glyph32_U0029,glyph32,cap20000-app200000,20000,200000,1777,-,class_cap,2,24607,17772,4491,shared,442780,953,694,6528,3053,180,23,298,403,0,89,0,0.0000008344650268554688,0,69.257,6.205,67.654,9.36,a1d56ee4
glyph32_U002A,glyph32,cap20000-app200000,20000,200000,647,-,class_cap,4,44466,9886,1190,tree_cheaper,61984,663,296,3296,1157,142,17,155,197,3,55,0,0.00000095367431640625,0,639.820,3.004,638.872,5.14,a1d56ee4
glyph32_U002B,glyph32,cap20000-app200000,20000,200000,259,-,application_budget,31,200000,6032,336,tree_cheaper,7884,283,73,816,205,52,7,37,46,0,10,0,0,0,1255.831,1.617,1255.285,2.72,a1d56ee4
glyph32_U002C,glyph32,cap20000-app200000,20000,200000,199,-,quiesced,7,28182,2752,268,tree_cheaper,5252,207,88,1072,276,51,5,43,58,0,15,0,0.000000476837158203125,0,189.618,1.185,189.113,1.33,a1d56ee4
glyph32_U002D,glyph32,cap20000-app200000,20000,200000,123,-,quiesced,7,12610,1138,110,tree_cheaper,1232,131,47,624,124,33,3,18,28,0,6,0,0,0,67.093,0.785,66.721,0.59,a1d56ee4
glyph32_U002E,glyph32,cap20000-app200000,20000,200000,123,-,class_cap,6,46386,10948,1478,tree_cheaper,43200,131,43,544,120,33,3,18,28,0,6,0,0,0,2375.120,0.806,2374.421,5.25,a1d56ee4
glyph32_U002F,glyph32,cap20000-app200000,20000,200000,131,-,class_cap,7,72555,15406,1699,tree_cheaper,44576,131,61,816,184,35,3,28,34,0,11,0,0.0000019073486328125,0,2699.096,1.096,2698.190,7.28,a1d56ee4
glyph32_U0030,glyph32,cap20000-app200000,20000,200000,5767,-,class_cap,2,23013,19627,5401,shared,541716,2983,2027,22016,9058,591,73,1463,1463,0,215,0,0.00000196695327758789,0,685.805,17.837,681.515,10.08,a1d56ee4
glyph32_U0031,glyph32,cap20000-app200000,20000,200000,301,-,class_cap,6,75768,14669,1950,tree_cheaper,70588,321,116,1296,359,75,8,67,96,0,22,0,0.0000010728836059570313,0,6452.139,1.582,6450.886,7.18,a1d56ee4
glyph32_U0032,glyph32,cap20000-app200000,20000,200000,3827,-,class_cap,2,24530,19197,5151,shared,481816,2043,1444,16208,6200,414,50,965,976,0,149,0,0.0000011920928955078125,0,305.117,11.384,301.843,9.77,a1d56ee4
glyph32_U0033,glyph32,cap20000-app200000,20000,200000,5901,-,class_cap,2,22175,19726,5709,shared,579964,3097,2163,24048,9489,622,76,1512,1512,0,224,0,0.0000007152557373046875,0,704.576,16.776,699.738,10.17,a1d56ee4
glyph32_U0034,glyph32,cap20000-app200000,20000,200000,335,-,class_cap,6,75122,14761,1992,tree_cheaper,85680,359,113,1312,350,72,9,64,79,0,21,0,0.000000476837158203125,0,6056.981,1.680,6055.969,7.21,a1d56ee4
glyph32_U0035,glyph32,cap20000-app200000,20000,200000,4031,-,class_cap,2,26068,18891,4530,shared,434976,2159,1481,16512,6399,437,53,1025,1035,0,155,0,0.0000016689300537109375,0,463.054,12.421,459.677,9.71,a1d56ee4
glyph32_U0036,glyph32,cap20000-app200000,20000,200000,5793,-,class_cap,2,22304,19717,5634,shared,567932,3021,2142,23152,9381,603,74,1475,1481,0,221,0,0.000002205371856689453,0,824.825,16.611,818.359,10.13,a1d56ee4
glyph32_U0037,glyph32,cap20000-app200000,20000,200000,199,-,class_cap,6,63823,14267,2334,tree_cheaper,62836,207,87,1056,272,53,5,45,60,0,17,0,0.000000476837158203125,0,4835.472,1.572,4834.433,6.79,a1d56ee4
glyph32_U0038,glyph32,cap20000-app200000,20000,200000,7671,-,class_cap,1,15934,19478,7657,shared,790932,3959,2866,30912,13268,784,97,1952,1952,3,360,0,0.0000019073486328125,0,58.682,21.041,52.662,10.44,a1d56ee4
glyph32_U0039,glyph32,cap20000-app200000,20000,200000,5833,-,class_cap,2,22174,19746,5702,shared,571248,3021,2165,23344,9487,605,74,1485,1485,0,221,0,0.000003337860107421875,0,874.255,19.271,869.716,10.15,a1d56ee4
glyph32_U003A,glyph32,cap20000-app200000,20000,200000,191,-,class_cap,6,54625,13102,1678,tree_cheaper,54540,207,52,624,143,38,5,23,23,0,7,0,0,0,3760.583,1.788,3759.702,5.69,a1d56ee4
glyph32_U003B,glyph32,cap20000-app200000,20000,200000,267,-,quiesced,12,49487,3723,363,tree_cheaper,8848,283,108,1312,334,65,7,57,81,0,18,0,0.000000476837158203125,0,539.955,1.914,539.356,1.82,a1d56ee4
glyph32_U003C,glyph32,cap20000-app200000,20000,200000,309,-,quiesced,17,58193,5723,540,tree_cheaper,17372,321,143,1712,462,77,8,76,93,2,28,0,0.0000019073486328125,0,1323.749,1.947,1315.574,2.66,a1d56ee4
glyph32_U003D,glyph32,cap20000-app200000,20000,200000,191,-,class_cap,6,66225,15130,1401,tree_cheaper,37856,207,54,656,148,40,5,25,25,0,7,0,0,0,2975.267,1.157,2974.415,7.28,a1d56ee4
glyph32_U003E,glyph32,cap20000-app200000,20000,200000,309,-,quiesced,17,58222,5727,545,tree_cheaper,17496,321,143,1712,462,77,8,76,92,0,28,0,0.0000021457672119140625,0,1401.226,1.768,1400.525,2.66,a1d56ee4
glyph32_U003F,glyph32,cap20000-app200000,20000,200000,4159,-,class_cap,2,25855,18861,4698,shared,426760,2311,1570,18544,6694,469,57,1070,1083,1,163,0,0.0000029802322387695313,0,442.004,13.547,438.669,9.75,a1d56ee4
glyph32_U0040,glyph32,cap20000-app200000,20000,200000,7803,-,class_cap,1,15810,19510,7769,shared,800220,4111,2993,32704,13782,820,101,1988,2007,2,381,0,0.00000095367431640625,0,60.153,23.406,53.539,10.46,a1d56ee4
glyph32_U0041,glyph32,cap20000-app200000,20000,200000,283,-,class_cap,6,83169,13000,1273,tree_cheaper,44116,283,128,1536,403,67,7,59,83,0,23,0,0.00000095367431640625,0,9030.307,1.560,9029.445,5.61,a1d56ee4
glyph32_U0042,glyph32,cap20000-app200000,20000,200000,3965,-,class_cap,2,25611,19002,4790,shared,441536,2121,1466,16176,6337,425,52,1008,1010,0,152,0,0.0000019073486328125,0,523.426,13.616,519.996,9.74,a1d56ee4
glyph32_U0043,glyph32,cap20000-app200000,20000,200000,3963,-,class_cap,2,25673,19108,4725,shared,464884,2083,1469,16000,6411,415,51,991,993,0,151,0,0.0000008940696716308594,0,401.092,12.931,398.090,9.77,a1d56ee4
glyph32_U0044,glyph32,cap20000-app200000,20000,200000,2027,-,class_cap,2,26661,18017,4534,shared,360844,1107,825,8768,3622,227,27,507,517,0,92,0,0.0000007152557373046875,0,240.658,7.675,238.839,9.45,a1d56ee4
glyph32_U0045,glyph32,cap20000-app200000,20000,200000,259,-,class_cap,6,64295,14804,2345,tree_cheaper,72792,283,83,928,226,58,7,43,61,0,14,0,0,0,4047.850,1.525,4046.688,7.29,a1d56ee4
glyph32_U0046,glyph32,cap20000-app200000,20000,200000,225,-,class_cap,6,60641,15018,2378,tree_cheaper,67480,245,72,784,196,51,6,36,50,0,12,0,0,0,3514.192,1.301,3513.062,7.31,a1d56ee4
glyph32_U0047,glyph32,cap20000-app200000,20000,200000,4031,-,class_cap,2,26010,18874,4587,shared,423832,2159,1511,16624,6537,438,53,1026,1036,0,156,0,0.00000196695327758789,0,423.572,12.872,420.424,9.71,a1d56ee4
glyph32_U0048,glyph32,cap20000-app200000,20000,200000,259,-,class_cap,6,60454,14458,2150,tree_cheaper,66600,283,68,752,195,52,7,37,46,0,10,0,0.000000476837158203125,0,3475.040,1.499,3473.844,7.19,a1d56ee4
glyph32_U0049,glyph32,cap20000-app200000,20000,200000,259,-,class_cap,6,60868,14768,2168,tree_cheaper,66960,283,70,768,201,52,7,37,46,0,10,0,0,0,3623.020,1.435,3622.141,7.25,a1d56ee4
glyph32_U004A,glyph32,cap20000-app200000,20000,200000,2111,-,class_cap,2,26409,17883,4619,shared,424904,1183,845,8976,3649,243,29,523,542,0,101,0,0.00000095367431640625,0,139.033,8.079,137.194,9.39,a1d56ee4
glyph32_U004B,glyph32,cap20000-app200000,20000,200000,347,-,class_cap,5,55717,12678,1593,tree_cheaper,67512,359,154,1872,512,83,9,82,105,2,32,0,0.000003814697265625,0,3557.995,2.023,3557.049,5.67,a1d56ee4
glyph32_U004C,glyph32,cap20000-app200000,20000,200000,157,-,class_cap,6,52347,12209,1648,tree_cheaper,49124,169,55,656,151,41,4,26,40,0,9,0,0,0,3165.552,0.992,3164.838,5.49,a1d56ee4
glyph32_U004D,glyph32,cap20000-app200000,20000,200000,343,-,class_cap,5,53598,12092,1505,tree_cheaper,62796,359,142,1680,473,83,9,82,112,0,27,0,0.00000095367431640625,0,3035.275,1.910,3034.510,5.56,a1d56ee4
glyph32_U004E,glyph32,cap20000-app200000,20000,200000,267,-,class_cap,6,67232,14581,2358,tree_cheaper,74600,283,91,1056,280,63,7,48,75,0,15,0,0.0000019073486328125,0,4870.936,1.557,4870.024,7.26,a1d56ee4
glyph32_U004F,glyph32,cap20000-app200000,20000,200000,3863,-,class_cap,2,25323,19163,4892,shared,447548,2007,1378,14688,6057,400,49,976,976,0,146,0,0.000003933906555175781,0,557.161,12.450,554.235,9.76,a1d56ee4
glyph32_U0050,glyph32,cap20000-app200000,20000,200000,2061,-,class_cap,2,26760,17961,4494,shared,399608,1145,785,8592,3407,231,28,511,519,0,94,0,0.0000019073486328125,0,245.623,7.877,243.730,9.46,a1d56ee4
glyph32_U0051,glyph32,cap20000-app200000,20000,200000,4461,-,class_cap,2,25189,19369,4479,shared,420220,2365,1624,17600,7150,477,58,1135,1147,0,173,0,0.0000012516975402832031,0,1124.117,14.399,1120.600,9.83,a1d56ee4
glyph32_U0052,glyph32,cap20000-app200000,20000,200000,3105,-,class_cap,2,26078,18507,5080,shared,468320,1709,1128,12448,4882,348,42,789,797,0,122,0,0.000001132488250732422,0,292.888,10.825,290.276,9.59,a1d56ee4
glyph32_U0053,glyph32,cap20000-app200000,20000,200000,5943,-,class_cap,2,21798,19715,5920,shared,601608,3135,2227,24896,9669,632,77,1517,1528,0,229,0,0.0000021457672119140625,0,579.534,25.270,574.740,10.21,a1d56ee4
glyph32_U0054,glyph32,cap20000-app200000,20000,200000,191,-,class_cap,6,55552,12720,1656,tree_cheaper,53732,207,62,704,178,47,5,32,50,0,9,0,0,0,3599.311,1.214,3598.279,5.59,a1d56ee4
glyph32_U0055,glyph32,cap20000-app200000,20000,200000,4031,-,class_cap,2,24575,19157,5082,shared,516940,2159,1443,16576,6291,435,53,1023,1033,1,154,0,0.0000023245811462402344,0,185.371,14.028,182.230,9.76,a1d56ee4
glyph32_U0056,glyph32,cap20000-app200000,20000,200000,207,-,class_cap,6,69839,11883,1294,tree_cheaper,39184,207,93,1152,290,51,5,43,58,0,17,0,0.00000095367431640625,0,5525.073,1.228,5524.038,5.37,a1d56ee4
glyph32_U0057,glyph32,cap20000-app200000,20000,200000,359,-,class_cap,5,60183,14607,2562,tree_cheaper,88776,359,175,2160,592,89,9,104,128,0,32,0,0.00000095367431640625,0,4275.994,2.000,4274.810,7.25,a1d56ee4
glyph32_U0058,glyph32,cap20000-app200000,20000,200000,359,-,class_cap,5,61261,12578,1540,tree_cheaper,72028,359,184,2256,638,89,9,102,126,0,38,0,0.00000286102294921875,0,4129.404,1.997,4128.248,5.61,a1d56ee4
glyph32_U0059,glyph32,cap20000-app200000,20000,200000,275,-,class_cap,6,76692,13296,1823,tree_cheaper,69332,283,121,1488,405,69,7,68,89,0,24,0,0.00000095367431640625,0,8256.336,1.591,8255.252,5.73,a1d56ee4
glyph32_U005A,glyph32,cap20000-app200000,20000,200000,267,-,class_cap,6,72238,14905,2226,tree_cheaper,73724,283,110,1264,337,68,7,60,84,1,21,0,0.0000019073486328125,0,7184.367,1.488,7183.473,7.27,a1d56ee4
glyph32_U005B,glyph32,cap20000-app200000,20000,200000,191,-,quiesced,7,16687,1527,152,tree_cheaper,2372,207,64,752,170,44,5,29,39,0,10,0,0,0,99.043,1.227,98.332,0.71,a1d56ee4
glyph32_U005C,glyph32,cap20000-app200000,20000,200000,131,-,class_cap,7,72321,15356,1699,tree_cheaper,44824,131,65,864,192,35,3,28,34,0,11,0,0.00000095367431640625,0,2695.429,0.861,2694.559,7.28,a1d56ee4
glyph32_U005D,glyph32,cap20000-app200000,20000,200000,191,-,quiesced,7,16993,1558,153,tree_cheaper,2360,207,65,752,175,45,5,30,39,0,10,0,0,0,113.492,1.133,113.047,0.72,a1d56ee4
glyph32_U005E,glyph32,cap20000-app200000,20000,200000,207,-,class_cap,5,50010,15022,3117,tree_cheaper,57364,207,107,1328,349,53,5,52,64,0,20,0,0.000000476837158203125,0,1212.609,1.225,1211.718,7.34,a1d56ee4
glyph32_U005F,glyph32,cap20000-app200000,20000,200000,123,-,class_cap,8,86033,10053,955,tree_cheaper,25396,131,44,576,115,31,3,18,28,0,5,0,0.000001728534698486328,0,5249.896,0.883,5249.282,5.01,a1d56ee4
glyph32_U0060,glyph32,cap20000-app200000,20000,200000,131,-,class_cap,5,38445,12205,1912,tree_cheaper,59928,131,69,912,200,35,3,28,34,0,11,0,0.00000286102294921875,0,954.929,0.890,953.945,5.61,a1d56ee4
glyph32_U0061,glyph32,cap20000-app200000,20000,200000,5517,-,class_cap,2,23144,19635,5327,shared,527052,2929,2023,22128,8776,583,72,1387,1398,0,208,0,0.0000012814998626708984,0,730.375,18.076,726.035,10.04,a1d56ee4
glyph32_U0062,glyph32,cap20000-app200000,20000,200000,3981,-,class_cap,2,26145,18892,4576,shared,426784,2121,1477,16048,6452,425,52,1008,1010,0,153,0,0.0000013113021850585938,0,501.907,16.212,498.531,9.72,a1d56ee4
glyph32_U0063,glyph32,cap20000-app200000,20000,200000,3963,-,class_cap,2,26104,18864,4574,shared,437292,2083,1468,15904,6412,415,51,991,993,0,151,0,0.0000017881393432617188,0,415.915,12.995,412.802,9.72,a1d56ee4
glyph32_U0064,glyph32,cap20000-app200000,20000,200000,3981,-,class_cap,2,26223,18874,4562,shared,440184,2121,1464,15824,6393,426,52,1002,1011,0,153,0,0.0000013113021850585938,0,582.690,18.016,578.266,9.71,a1d56ee4
glyph32_U0065,glyph32,cap20000-app200000,20000,200000,4035,-,class_cap,2,26118,18830,4523,shared,432172,2159,1516,16608,6550,438,53,1022,1037,0,157,0,0.0000012516975402832031,0,434.580,13.366,431.345,9.70,a1d56ee4
glyph32_U0066,glyph32,cap20000-app200000,20000,200000,1245,-,class_cap,3,40334,17965,2809,shared,98032,809,526,4992,2158,146,20,207,268,1,49,0,0.0000002980232238769531,0,716.447,7.566,715.099,9.16,a1d56ee4
glyph32_U0067,glyph32,cap20000-app200000,20000,200000,5969,-,class_cap,2,22553,19546,5670,shared,572320,3173,2166,23728,9485,631,78,1509,1520,0,226,0,0.000001728534698486328,0,490.299,19.664,485.532,10.16,a1d56ee4
glyph32_U0068,glyph32,cap20000-app200000,20000,200000,2145,-,class_cap,2,26861,17970,4588,shared,414848,1221,807,8752,3471,245,30,525,541,0,97,0,0.0000025033950805664063,0,227.119,7.794,224.935,9.42,a1d56ee4
glyph32_U0069,glyph32,cap20000-app200000,20000,200000,293,-,class_cap,6,66171,15026,2410,tree_cheaper,86116,321,84,960,237,61,8,46,60,0,13,0,0,0,4634.510,1.776,4633.618,7.33,a1d56ee4
glyph32_U006A,glyph32,cap20000-app200000,20000,200000,1211,-,class_cap,3,38413,17936,3042,shared,152396,771,488,4848,1956,145,19,206,272,1,49,0,0.00000095367431640625,0,574.867,5.162,573.412,9.17,a1d56ee4
glyph32_U006B,glyph32,cap20000-app200000,20000,200000,347,-,class_cap,5,55954,12726,1601,tree_cheaper,68876,359,157,1920,516,84,9,83,106,2,33,0,0.00000095367431640625,0,3572.440,3.520,3571.591,5.68,a1d56ee4
glyph32_U006C,glyph32,cap20000-app200000,20000,200000,1143,-,class_cap,3,39043,18272,2996,shared,100096,695,526,4976,2172,139,17,200,274,1,48,0,0.0000006556510925292969,0,535.186,4.515,533.741,9.20,a1d56ee4
glyph32_U006D,glyph32,cap20000-app200000,20000,200000,4133,-,class_cap,2,25091,19157,4998,shared,473708,2273,1433,16896,6203,446,56,1016,1028,19,147,0,0.0000027418136596679688,0,514.889,12.803,511.480,9.81,a1d56ee4
glyph32_U006E,glyph32,cap20000-app200000,20000,200000,2145,-,class_cap,2,26858,17964,4601,shared,409944,1221,797,8688,3435,245,30,525,541,0,93,0,0.000000476837158203125,0,234.807,11.298,232.951,9.41,a1d56ee4
glyph32_U006F,glyph32,cap20000-app200000,20000,200000,3863,-,class_cap,2,25459,19026,4847,shared,480336,2007,1339,15264,5947,398,49,974,974,0,143,0,0.0000026226043701171875,0,529.231,11.462,526.335,9.74,a1d56ee4
glyph32_U0070,glyph32,cap20000-app200000,20000,200000,3981,-,class_cap,2,26301,18829,4534,shared,435052,2121,1463,15840,6414,425,52,1008,1010,0,153,0,0.000001728534698486328,0,491.716,11.692,488.718,9.71,a1d56ee4
glyph32_U0071,glyph32,cap20000-app200000,20000,200000,3981,-,class_cap,2,26295,18824,4523,shared,418224,2121,1473,15856,6464,426,52,1002,1011,0,153,0,0.0000027865171432495117,0,493.448,12.103,490.310,9.70,a1d56ee4
glyph32_U0072,glyph32,cap20000-app200000,20000,200000,2127,-,class_cap,2,26557,17944,4647,shared,420772,1183,806,8832,3453,238,29,518,530,0,96,0,0.000005066394805908203,0,198.070,7.371,196.259,9.41,a1d56ee4
glyph32_U0073,glyph32,cap20000-app200000,20000,200000,5739,-,class_cap,2,22198,19727,5661,shared,572576,3051,2145,24352,9278,617,75,1472,1483,0,222,0,0.0000008270144462585449,0,621.620,17.224,616.980,10.14,a1d56ee4
glyph32_U0074,glyph32,cap20000-app200000,20000,200000,1245,-,class_cap,3,40860,17596,2777,shared,180632,809,484,4800,1935,145,20,206,267,0,50,0,0.0000003576278686523438,0,631.360,4.965,629.699,9.10,a1d56ee4
glyph32_U0075,glyph32,cap20000-app200000,20000,200000,2145,-,class_cap,2,26468,17871,4630,shared,450928,1221,815,8784,3506,246,30,526,543,0,100,0,0.0000007152557373046875,0,140.617,7.349,138.792,9.36,a1d56ee4
glyph32_U0076,glyph32,cap20000-app200000,20000,200000,207,-,class_cap,6,69825,12250,1494,tree_cheaper,42136,207,98,1264,321,53,5,52,64,0,20,0,0.00000095367431640625,0,5106.819,1.128,5106.072,5.50,a1d56ee4
glyph32_U0077,glyph32,cap20000-app200000,20000,200000,359,-,class_cap,5,54993,11140,1301,tree_cheaper,61880,359,170,2096,583,87,9,102,126,0,30,0,0.00000095367431640625,0,3559.227,2.008,3558.173,5.31,a1d56ee4
glyph32_U0078,glyph32,cap20000-app200000,20000,200000,359,-,class_cap,5,61786,12694,1519,tree_cheaper,69352,359,178,2160,603,87,9,93,120,0,35,0,0.000002384185791015625,0,4238.461,1.935,4237.643,5.62,a1d56ee4
glyph32_U0079,glyph32,cap20000-app200000,20000,200000,1693,-,class_cap,2,24036,16560,3988,shared,379196,977,679,6704,2931,191,24,290,402,0,97,0,0.0000014901161193847656,0,76.465,6.067,75.035,9.08,a1d56ee4
glyph32_U007A,glyph32,cap20000-app200000,20000,200000,267,-,class_cap,6,71008,14811,2244,tree_cheaper,73576,283,105,1264,322,64,7,56,72,1,20,0,0.0000002384185791015625,0,6924.619,1.418,6923.735,7.25,a1d56ee4
glyph32_U007B,glyph32,cap20000-app200000,20000,200000,4101,-,class_cap,2,26101,18852,4666,shared,461728,2273,1513,17008,6456,451,56,1033,1041,0,159,0,0.0000012516975402832031,0,495.272,12.878,491.786,9.75,a1d56ee4
glyph32_U007C,glyph32,cap20000-app200000,20000,200000,123,-,class_cap,6,55934,15492,2499,tree_cheaper,66368,131,45,576,125,35,3,20,30,0,6,0,0,0,1952.804,0.935,1951.869,7.36,a1d56ee4
glyph32_U007D,glyph32,cap20000-app200000,20000,200000,4101,-,class_cap,2,26335,18729,4582,shared,448168,2273,1502,16560,6460,452,56,1028,1043,0,159,0,0.0000019073486328125,0,456.839,13.207,453.693,9.72,a1d56ee4
glyph32_U007E,glyph32,cap20000-app200000,20000,200000,3995,-,class_cap,2,25522,19130,4754,shared,454152,2083,1493,15920,6471,418,51,994,1002,0,150,0,0.0000008940696716308594,0,284.701,12.675,281.541,9.75,a1d56ee4
psychedelic_packed,psychedelic,cap20000-app200000,20000,200000,1246,-,class_cap,4,34631,17907,3694,tree_cheaper,175176,1246,111,2352,829,127,1,29,30,0,12,0,0,0,75.042,0.902,73.740,9.02,8ecdc098
shader_cosine_palette,shader,cap20000-app200000,20000,200000,40,-,class_cap,5,33030,18258,3234,tree_cheaper,124084,40,25,1232,292,133,3,99,102,0,1,0,0,0,98.125,1.116,97.009,9.07,3f714e09
shader_smooth_min_scene,shader,cap20000-app200000,20000,200000,43,-,class_cap,18,166339,6973,423,tree_cheaper,12256,43,39,432,132,34,0,0,0,0,2,0,0,0,428.030,0.402,427.246,3.62,3f714e09
shader_mandelbrot_distance,shader,cap20000-app200000,20000,200000,152,-,quiesced,8,96495,6287,237,tree_cheaper,6208,152,115,1616,595,160,19,31,57,0,5,0,0,0,4876.434,6.332,4875.278,2.73,3f714e09
shader_star_sdf,shader,cap20000-app200000,20000,200000,66,-,class_cap,5,26909,13888,2050,tree_cheaper,387336,66,58,640,172,56,1,0,2,0,2,0,0,0,55.260,0.545,54.506,6.83,3f714e09
shader_gyroid_slice,shader,cap20000-app200000,20000,200000,40,-,quiesced,9,4675,775,102,tree_cheaper,1520,40,33,2768,932,163,4,124,128,0,8,0,0,0,12.420,1.914,12.203,0.35,3f714e09
shader_plasma,shader,cap20000-app200000,20000,200000,37,-,class_cap,6,35023,12661,1319,tree_cheaper,134028,37,29,1376,359,122,3,87,90,0,4,0,0,0,63.739,1.068,63.142,5.60,3f714e09
shader_domain_warp_fbm,shader,cap20000-app200000,20000,200000,84,-,class_cap,4,28923,18774,4694,tree_cheaper,372492,84,62,1728,446,185,4,116,120,0,4,0,0,0,87.585,1.925,86.678,9.29,3f714e09
shader_kaleidoscope_fold,shader,cap20000-app200000,20000,200000,46,-,quiesced,5,319,131,57,tree_cheaper,412,46,40,2032,560,238,10,156,174,0,8,0,0.000006109476089477539,0,1.369,2.936,1.137,0.09,3f714e09
shader_metaballs,shader,cap20000-app200000,20000,200000,62,-,class_cap,6,46375,13429,1870,tree_cheaper,30772,62,45,464,136,38,1,0,0,0,3,0,0,0,689.405,0.442,688.771,5.77,3f714e09
shader_julia_set,shader,cap20000-app200000,20000,200000,122,-,class_cap,6,41823,17032,2602,tree_cheaper,95212,122,118,2064,697,205,14,51,61,0,6,0,0,0,317.747,3.670,316.725,8.79,3f714e09
shader_smoothstep_vignette,shader,cap20000-app200000,20000,200000,64,-,quiesced,5,1074,283,82,tree_cheaper,1064,64,49,544,194,41,0,0,0,0,7,0,0.0000012069940567016602,0,3.239,0.321,3.011,0.15,3f714e09
shader_torus_slice,shader,cap20000-app200000,20000,200000,38,-,quiesced,15,28932,3005,198,shared,5336,38,31,368,130,25,0,0,0,0,3,0,0,0,114.378,0.420,114.017,1.33,3f714e09
cellgrid_80x24_d2,cellgrid,cap20000-app800000,20000,800000,667,-,class_cap,4,29932,18425,3998,shared,869900,667,117,2560,427,217,0,0,0,5,19,0,0,0,80.986,0.605,79.644,9.20,8ecdc098
chrome_packed,chrome,cap20000-app800000,20000,800000,390815,-,class_cap,2,22744,17886,4054,shared,900052,335411,403,3584,1681,384,17,604,606,30,11,0,0,0,212.235,4.313,55.092,34.88,8ecdc098
chrome_R,chrome_channel,cap20000-app800000,20000,800000,133101,-,class_cap,2,21309,17003,3829,shared,795596,114633,294,2816,1391,280,9,416,418,34,12,0,0.000017702579498291016,0,84.738,2.828,47.278,16.36,8ecdc098
glyph16_U0020,glyph16,cap20000-app800000,20000,800000,1,-,quiesced,1,0,1,1,tree_cheaper,4,1,1,164,0,1,0,0,0,0,0,0,0,0,0.418,0.234,0.013,0.00,a1d56ee4
glyph16_U0021,glyph16,cap20000-app800000,20000,800000,267,-,class_cap,6,69303,14430,2153,tree_cheaper,67536,283,86,960,256,54,7,39,48,0,13,0,0.00000095367431640625,0,5978.490,1.465,5977.598,7.17,a1d56ee4
glyph16_U0022,glyph16,cap20000-app800000,20000,800000,191,-,quiesced,7,17694,1642,151,tree_cheaper,2276,207,62,736,175,46,5,31,49,0,8,0,0.000000476837158203125,0,119.686,1.097,119.267,0.84,a1d56ee4
glyph16_U0023,glyph16,cap20000-app800000,20000,800000,647,-,class_cap,4,40740,9804,1422,tree_cheaper,95196,663,260,2816,1013,144,17,143,207,2,52,0,0.0000019073486328125,0,1060.279,2.944,1059.378,5.17,a1d56ee4
glyph16_U0024,glyph16,cap20000-app800000,20000,800000,6151,-,class_cap,2,21299,19617,6262,tree_cheaper,658856,3363,2301,27312,9848,671,83,1556,1581,0,239,0,0.000002294778823852539,0,180.448,17.507,175.404,10.26,a1d56ee4
glyph16_U0025,glyph16,cap20000-app800000,20000,800000,8791,-,class_cap,1,15282,19525,8358,shared,843192,4599,3587,35792,16475,922,113,2254,2266,0,437,0,0.0000019073486328125,0,64.496,25.312,56.527,10.56,a1d56ee4
glyph16_U0026,glyph16,cap20000-app800000,20000,800000,7719,-,class_cap,1,15565,19496,7900,shared,813828,4103,3019,32384,13757,828,101,1980,2002,0,382,0,0.0000020265579223632813,0,59.794,22.415,53.063,10.47,a1d56ee4
glyph16_U0027,glyph16,cap20000-app800000,20000,800000,123,-,quiesced,7,12774,1153,108,tree_cheaper,1208,131,46,592,124,33,3,18,28,0,6,0,0.00000095367431640625,0,72.900,0.815,72.473,0.64,a1d56ee4
glyph16_U0028,glyph16,cap20000-app800000,20000,800000,1959,-,class_cap,2,25380,18010,4732,shared,467652,1031,749,7008,3285,192,25,329,441,0,94,0,0.000001430511474609375,0,77.144,6.572,75.507,9.43,a1d56ee4
glyph16_U0029,glyph16,cap20000-app800000,20000,800000,1777,-,class_cap,2,24607,17772,4491,shared,442780,953,694,6528,3053,180,23,298,403,0,89,0,0.0000017657876014709473,0,68.651,6.117,67.100,9.36,a1d56ee4
glyph16_U002A,glyph16,cap20000-app800000,20000,800000,647,-,class_cap,4,44467,9885,1190,tree_cheaper,61984,663,296,3296,1157,142,17,155,197,3,55,0,0.0000026226043701171875,0,642.782,2.922,641.860,5.14,a1d56ee4
glyph16_U002B,glyph16,cap20000-app800000,20000,800000,259,-,class_cap,51,426407,11354,427,tree_cheaper,10004,283,73,816,205,52,7,37,46,0,10,0,0.000000476837158203125,0,3313.752,1.332,3313.028,5.24,a1d56ee4
glyph16_U002C,glyph16,cap20000-app800000,20000,800000,199,-,quiesced,7,28182,2752,268,tree_cheaper,5252,207,88,1072,276,51,5,43,58,0,15,0,0.0000011920928955078125,0,188.833,2.102,188.370,1.33,a1d56ee4
glyph16_U002D,glyph16,cap20000-app800000,20000,800000,123,-,quiesced,7,12610,1138,110,tree_cheaper,1232,131,47,624,124,33,3,18,28,0,6,0,0.0000019073486328125,0,67.530,0.774,67.181,0.59,a1d56ee4
glyph16_U002E,glyph16,cap20000-app800000,20000,800000,123,-,class_cap,6,46386,10949,1478,tree_cheaper,43200,131,43,544,120,33,3,18,28,0,6,0,0.0000019073486328125,0,2281.911,0.947,2281.275,5.25,a1d56ee4
glyph16_U002F,glyph16,cap20000-app800000,20000,800000,131,-,class_cap,7,72555,15406,1699,tree_cheaper,44536,131,61,816,184,35,3,28,34,0,11,0,0.000000476837158203125,0,2679.310,0.831,2678.469,7.28,a1d56ee4
glyph16_U0030,glyph16,cap20000-app800000,20000,800000,5767,-,class_cap,2,23013,19627,5401,shared,541716,2983,2027,22016,9058,591,73,1463,1463,0,215,0,0.0000010728836059570313,0,688.809,15.569,684.227,10.08,a1d56ee4
glyph16_U0031,glyph16,cap20000-app800000,20000,800000,301,-,class_cap,6,75769,14670,1951,tree_cheaper,70600,321,116,1296,359,75,8,67,96,0,22,0,0.0000011920928955078125,0,6465.467,1.792,6464.505,7.18,a1d56ee4
glyph16_U0032,glyph16,cap20000-app800000,20000,800000,3827,-,class_cap,2,24530,19197,5151,shared,481816,2043,1444,16208,6200,414,50,965,976,0,149,0,0.0000007152557373046875,0,308.763,17.294,301.959,9.77,a1d56ee4
glyph16_U0033,glyph16,cap20000-app800000,20000,800000,5901,-,class_cap,2,22175,19726,5709,shared,579964,3097,2163,24048,9489,622,76,1512,1512,0,224,0,0.0000010728836059570313,0,722.824,19.339,718.109,10.17,a1d56ee4
glyph16_U0034,glyph16,cap20000-app800000,20000,800000,335,-,class_cap,6,75123,14760,1992,tree_cheaper,85680,359,113,1312,350,72,9,64,79,0,21,0,0.0000015497207641601563,0,6765.801,2.338,6764.669,7.21,a1d56ee4
glyph16_U0035,glyph16,cap20000-app800000,20000,800000,4031,-,class_cap,2,26068,18891,4530,shared,434976,2159,1481,16512,6399,437,53,1025,1035,0,155,0,0.0000017881393432617188,0,705.821,27.218,699.759,9.71,a1d56ee4
glyph16_U0036,glyph16,cap20000-app800000,20000,800000,5793,-,class_cap,2,22304,19717,5634,shared,567932,3021,2142,23152,9381,603,74,1475,1481,0,221,0,0.0000025853514671325684,0,1175.655,34.932,1170.856,10.13,a1d56ee4
glyph16_U0037,glyph16,cap20000-app800000,20000,800000,199,-,class_cap,6,63823,14266,2334,tree_cheaper,62788,207,87,1056,272,53,5,45,60,0,17,0,0.000000476837158203125,0,6508.693,1.412,6507.770,6.79,a1d56ee4
glyph16_U0038,glyph16,cap20000-app800000,20000,800000,7671,-,class_cap,1,15934,19478,7657,shared,790932,3959,2866,30912,13268,784,97,1952,1952,3,360,0,0.000002205371856689453,0,60.300,24.289,53.855,10.44,a1d56ee4
glyph16_U0039,glyph16,cap20000-app800000,20000,800000,5833,-,class_cap,2,22174,19746,5702,shared,571248,3021,2165,23344,9487,605,74,1485,1485,0,221,0,0.000002574175596237182,0,833.442,21.269,828.772,10.15,a1d56ee4
glyph16_U003A,glyph16,cap20000-app800000,20000,800000,191,-,class_cap,6,54625,13102,1678,tree_cheaper,54540,207,52,624,143,38,5,23,23,0,7,0,0.000000476837158203125,0,3822.278,2.733,3821.399,5.69,a1d56ee4
glyph16_U003B,glyph16,cap20000-app800000,20000,800000,267,-,quiesced,12,49487,3722,363,tree_cheaper,8848,283,108,1312,334,65,7,57,81,0,18,0,0.000000476837158203125,0,557.174,1.867,556.586,1.82,a1d56ee4
glyph16_U003C,glyph16,cap20000-app800000,20000,800000,309,-,quiesced,17,58193,5722,540,tree_cheaper,17372,321,143,1712,462,77,8,76,93,2,28,0,0.0000014901161193847656,0,1314.782,1.897,1314.131,2.66,a1d56ee4
glyph16_U003D,glyph16,cap20000-app800000,20000,800000,191,-,class_cap,6,66226,15129,1401,tree_cheaper,37856,207,54,656,148,40,5,25,25,0,7,0,0,0,3393.699,1.664,3392.771,7.28,a1d56ee4
glyph16_U003E,glyph16,cap20000-app800000,20000,800000,309,-,quiesced,17,58222,5726,545,tree_cheaper,17496,321,143,1712,462,77,8,76,92,0,28,0,0.0000013113021850585938,0,1936.732,2.221,1935.990,2.66,a1d56ee4
glyph16_U003F,glyph16,cap20000-app800000,20000,800000,4159,-,class_cap,2,25855,18861,4698,shared,426760,2311,1570,18544,6694,469,57,1070,1083,1,163,0,0.0000012516975402832031,0,619.310,25.020,614.282,9.75,a1d56ee4
glyph16_U0040,glyph16,cap20000-app800000,20000,800000,7803,-,class_cap,1,15811,19508,7768,shared,800216,4111,2993,32688,13786,820,101,1988,2007,2,381,0,0.0000018477439880371096,0,92.340,31.592,81.066,10.45,a1d56ee4
glyph16_U0041,glyph16,cap20000-app800000,20000,800000,283,-,class_cap,6,83169,13000,1273,tree_cheaper,44116,283,128,1536,403,67,7,59,83,0,23,0,0.000001430511474609375,0,8981.388,1.610,8980.186,5.61,a1d56ee4
glyph16_U0042,glyph16,cap20000-app800000,20000,800000,3965,-,class_cap,2,25611,19002,4790,shared,441536,2121,1466,16176,6337,425,52,1008,1010,0,152,0,0.0000013113021850585938,0,521.973,13.412,518.896,9.74,a1d56ee4
glyph16_U0043,glyph16,cap20000-app800000,20000,800000,3963,-,class_cap,2,25673,19108,4725,shared,464884,2083,1469,16000,6411,415,51,991,993,0,151,0,0.0000019073486328125,0,477.358,22.996,473.907,9.77,a1d56ee4
glyph16_U0044,glyph16,cap20000-app800000,20000,800000,2027,-,class_cap,2,26661,18017,4534,shared,360844,1107,825,8768,3622,227,27,507,517,0,92,0,0.0000026226043701171875,0,246.574,8.123,244.463,9.45,a1d56ee4
glyph16_U0045,glyph16,cap20000-app800000,20000,800000,259,-,class_cap,6,64297,14803,2345,tree_cheaper,72744,283,83,928,226,58,7,43,61,0,14,0,0.00000095367431640625,0,4027.304,1.599,4025.942,7.29,a1d56ee4
glyph16_U0046,glyph16,cap20000-app800000,20000,800000,225,-,class_cap,6,60643,15019,2379,tree_cheaper,67548,245,72,784,196,51,6,36,50,0,12,0,0.0000011920928955078125,0,3490.534,1.337,3489.455,7.31,a1d56ee4
glyph16_U0047,glyph16,cap20000-app800000,20000,800000,4031,-,class_cap,2,26010,18874,4587,shared,423832,2159,1511,16624,6537,438,53,1026,1036,0,156,0,0.0000017881393432617188,0,424.115,12.299,420.980,9.71,a1d56ee4
glyph16_U0048,glyph16,cap20000-app800000,20000,800000,259,-,class_cap,6,60456,14456,2149,tree_cheaper,66596,283,68,752,195,52,7,37,46,0,10,0,0.00000095367431640625,0,3478.691,1.490,3477.542,7.19,a1d56ee4
glyph16_U0049,glyph16,cap20000-app800000,20000,800000,259,-,class_cap,6,60869,14767,2168,tree_cheaper,66960,283,70,768,201,52,7,37,46,0,10,0,0.00000095367431640625,0,3625.546,1.480,3624.641,7.25,a1d56ee4
glyph16_U004A,glyph16,cap20000-app800000,20000,800000,2111,-,class_cap,2,26400,17889,4619,shared,424952,1183,845,8976,3649,243,29,523,542,0,101,0,0.0000016689300537109375,0,140.156,7.641,137.918,9.40,a1d56ee4
glyph16_U004B,glyph16,cap20000-app800000,20000,800000,347,-,class_cap,5,55717,12677,1593,tree_cheaper,67512,359,154,1872,512,83,9,82,105,2,32,0,0.0000016689300537109375,0,3547.052,1.875,3545.913,5.67,a1d56ee4
glyph16_U004C,glyph16,cap20000-app800000,20000,800000,157,-,class_cap,6,52348,12207,1648,tree_cheaper,49124,169,55,656,151,41,4,26,40,0,9,0,0.00000095367431640625,0,3154.302,1.187,3153.489,5.49,a1d56ee4
glyph16_U004D,glyph16,cap20000-app800000,20000,800000,343,-,class_cap,5,53598,12091,1505,tree_cheaper,62796,359,142,1680,473,83,9,82,112,0,27,0,0.00000095367431640625,0,2960.280,5.106,2958.716,5.56,a1d56ee4
glyph16_U004E,glyph16,cap20000-app800000,20000,800000,267,-,class_cap,6,67234,14580,2358,tree_cheaper,74552,283,91,1056,280,63,7,48,75,0,15,0,0.000001430511474609375,0,4934.940,1.543,4934.011,7.26,a1d56ee4
glyph16_U004F,glyph16,cap20000-app800000,20000,800000,3863,-,class_cap,2,25323,19163,4892,shared,447548,2007,1378,14688,6057,400,49,976,976,0,146,0,0.000002205371856689453,0,552.684,12.146,549.890,9.76,a1d56ee4
glyph16_U0050,glyph16,cap20000-app800000,20000,800000,2061,-,class_cap,2,26760,17961,4494,shared,399608,1145,785,8592,3407,231,28,511,519,0,94,0,0.0000016689300537109375,0,243.832,7.793,242.054,9.46,a1d56ee4
glyph16_U0051,glyph16,cap20000-app800000,20000,800000,4461,-,class_cap,2,25189,19369,4479,shared,420220,2365,1624,17600,7150,477,58,1135,1147,0,173,0,0.0000020265579223632813,0,1128.177,15.248,1124.807,9.83,a1d56ee4
glyph16_U0052,glyph16,cap20000-app800000,20000,800000,3105,-,class_cap,2,26078,18507,5080,shared,468320,1709,1128,12448,4882,348,42,789,797,0,122,0,0.0000008940696716308594,0,298.387,10.777,295.841,9.59,a1d56ee4
glyph16_U0053,glyph16,cap20000-app800000,20000,800000,5943,-,class_cap,2,21798,19715,5920,shared,601608,3135,2227,24896,9669,632,77,1517,1528,0,229,0,0.0000016093254089355469,0,584.964,18.547,580.181,10.21,a1d56ee4
glyph16_U0054,glyph16,cap20000-app800000,20000,800000,191,-,class_cap,6,55553,12720,1656,tree_cheaper,53732,207,62,704,178,47,5,32,50,0,9,0,0.000001430511474609375,0,3582.417,1.249,3581.689,5.59,a1d56ee4
glyph16_U0055,glyph16,cap20000-app800000,20000,800000,4031,-,class_cap,2,24575,19157,5082,shared,516940,2159,1443,16576,6291,435,53,1023,1033,1,154,0,0.00000196695327758789,0,201.410,12.407,198.040,9.76,a1d56ee4
glyph16_U0056,glyph16,cap20000-app800000,20000,800000,207,-,class_cap,6,69839,11883,1294,tree_cheaper,39184,207,93,1152,290,51,5,43,58,0,17,0,0.000003337860107421875,0,5574.593,1.168,5573.732,5.37,a1d56ee4
glyph16_U0057,glyph16,cap20000-app800000,20000,800000,359,-,class_cap,5,60183,14607,2562,tree_cheaper,88776,359,175,2160,592,89,9,104,128,0,32,0,0.000002384185791015625,0,4234.522,1.777,4233.642,7.25,a1d56ee4
glyph16_U0058,glyph16,cap20000-app800000,20000,800000,359,-,class_cap,5,61261,12578,1540,tree_cheaper,72028,359,184,2256,638,89,9,102,126,0,38,0,0.00000286102294921875,0,4092.858,1.817,4092.015,5.61,a1d56ee4
glyph16_U0059,glyph16,cap20000-app800000,20000,800000,275,-,class_cap,6,76693,13296,1823,tree_cheaper,69332,283,121,1488,405,69,7,68,89,0,24,0,0.000003337860107421875,0,8395.712,1.481,8394.895,5.73,a1d56ee4
glyph16_U005A,glyph16,cap20000-app800000,20000,800000,267,-,class_cap,6,72239,14904,2226,tree_cheaper,73724,283,110,1264,337,68,7,60,84,1,21,0,0.000001430511474609375,0,7214.311,1.423,7213.302,7.27,a1d56ee4
glyph16_U005B,glyph16,cap20000-app800000,20000,800000,191,-,quiesced,7,16687,1526,152,tree_cheaper,2372,207,64,752,170,44,5,29,39,0,10,0,0.000000476837158203125,0,99.063,1.074,98.627,0.71,a1d56ee4
glyph16_U005C,glyph16,cap20000-app800000,20000,800000,131,-,class_cap,7,72321,15356,1699,tree_cheaper,44776,131,65,864,192,35,3,28,34,0,11,0,0.000000476837158203125,0,2748.528,2.508,2746.423,7.28,a1d56ee4
glyph16_U005D,glyph16,cap20000-app800000,20000,800000,191,-,quiesced,7,16993,1557,153,tree_cheaper,2360,207,65,752,175,45,5,30,39,0,10,0,0.000000476837158203125,0,146.998,1.166,146.289,0.72,a1d56ee4
glyph16_U005E,glyph16,cap20000-app800000,20000,800000,207,-,class_cap,5,50010,15022,3117,tree_cheaper,57364,207,107,1328,349,53,5,52,64,0,20,0,0.000000476837158203125,0,1116.149,1.245,1115.301,7.34,a1d56ee4
glyph16_U005F,glyph16,cap20000-app800000,20000,800000,123,-,class_cap,8,86033,10054,955,tree_cheaper,25396,131,44,576,115,31,3,18,28,0,5,0,0.00000286102294921875,0,5243.889,0.878,5243.228,5.01,a1d56ee4
glyph16_U0060,glyph16,cap20000-app800000,20000,800000,131,-,class_cap,5,38445,12205,1912,tree_cheaper,59876,131,69,912,200,35,3,28,34,0,11,0,0.0000007152557373046875,0,953.905,0.865,953.169,5.61,a1d56ee4
glyph16_U0061,glyph16,cap20000-app800000,20000,800000,5517,-,class_cap,2,23144,19635,5327,shared,527052,2929,2023,22128,8776,583,72,1387,1398,0,208,0,0.0000018030405044555664,0,738.509,19.785,734.175,10.04,a1d56ee4
glyph16_U0062,glyph16,cap20000-app800000,20000,800000,3981,-,class_cap,2,26145,18892,4576,shared,426784,2121,1477,16048,6452,425,52,1008,1010,0,153,0,0.0000023245811462402344,0,506.274,13.646,502.984,9.72,a1d56ee4
glyph16_U0063,glyph16,cap20000-app800000,20000,800000,3963,-,class_cap,2,26104,18864,4574,shared,437292,2083,1468,15904,6412,415,51,991,993,0,151,0,0.0000023245811462402344,0,409.635,15.616,406.544,9.72,a1d56ee4
glyph16_U0064,glyph16,cap20000-app800000,20000,800000,3981,-,class_cap,2,26223,18874,4562,shared,440184,2121,1464,15824,6393,426,52,1002,1011,0,153,0,0.000002384185791015625,0,494.488,15.071,490.848,9.71,a1d56ee4
glyph16_U0065,glyph16,cap20000-app800000,20000,800000,4035,-,class_cap,2,26118,18830,4523,shared,432172,2159,1516,16608,6550,438,53,1022,1037,0,157,0,0.0000014901161193847656,0,436.892,13.253,433.933,9.70,a1d56ee4
glyph16_U0066,glyph16,cap20000-app800000,20000,800000,1245,-,class_cap,3,40334,17965,2809,shared,98032,809,526,4992,2158,146,20,207,268,1,49,0,0.0000007152557373046875,0,714.508,5.279,712.845,9.16,a1d56ee4
glyph16_U0067,glyph16,cap20000-app800000,20000,800000,5969,-,class_cap,2,22553,19546,5670,shared,572320,3173,2166,23728,9485,631,78,1509,1520,0,226,0,0.0000034384429454803467,0,493.411,18.587,488.797,10.16,a1d56ee4
glyph16_U0068,glyph16,cap20000-app800000,20000,800000,2145,-,class_cap,2,26861,17970,4588,shared,414848,1221,807,8752,3471,245,30,525,541,0,97,0,0.000001430511474609375,0,230.357,7.907,228.500,9.42,a1d56ee4
glyph16_U0069,glyph16,cap20000-app800000,20000,800000,293,-,class_cap,6,66171,15026,2410,tree_cheaper,86068,321,84,960,237,61,8,46,60,0,13,0,0.000000476837158203125,0,4539.999,1.561,4539.105,7.33,a1d56ee4
glyph16_U006A,glyph16,cap20000-app800000,20000,800000,1211,-,class_cap,3,38413,17936,3042,shared,152252,771,488,4848,1956,145,19,206,272,1,49,0,0.000003337860107421875,0,572.815,4.815,571.330,9.17,a1d56ee4
glyph16_U006B,glyph16,cap20000-app800000,20000,800000,347,-,class_cap,5,55954,12726,1601,tree_cheaper,68876,359,157,1920,516,84,9,83,106,2,33,0,0.0000016689300537109375,0,3676.632,1.790,3675.653,5.68,a1d56ee4
glyph16_U006C,glyph16,cap20000-app800000,20000,800000,1143,-,class_cap,3,39043,18272,2996,shared,100096,695,526,4976,2172,139,17,200,274,1,48,0,0.0000014901161193847656,0,533.627,4.807,532.283,9.20,a1d56ee4
glyph16_U006D,glyph16,cap20000-app800000,20000,800000,4133,-,class_cap,2,25091,19157,4998,shared,473708,2273,1433,16896,6203,446,56,1016,1028,19,147,0,0.0000014901161193847656,0,516.764,13.005,513.566,9.81,a1d56ee4
glyph16_U006E,glyph16,cap20000-app800000,20000,800000,2145,-,class_cap,2,26858,17964,4601,shared,409944,1221,797,8688,3435,245,30,525,541,0,93,0,0.000002384185791015625,0,234.484,7.238,232.614,9.41,a1d56ee4
glyph16_U006F,glyph16,cap20000-app800000,20000,800000,3863,-,class_cap,2,25459,19026,4847,shared,480336,2007,1339,15264,5947,398,49,974,974,0,143,0,0.0000021457672119140625,0,526.421,11.169,523.595,9.74,a1d56ee4
glyph16_U0070,glyph16,cap20000-app800000,20000,800000,3981,-,class_cap,2,26301,18829,4534,shared,435052,2121,1463,15840,6414,425,52,1008,1010,0,153,0,0.000002264976501464844,0,484.138,11.677,481.058,9.71,a1d56ee4
glyph16_U0071,glyph16,cap20000-app800000,20000,800000,3981,-,class_cap,2,26295,18824,4523,shared,418224,2121,1473,15856,6464,426,52,1002,1011,0,153,0,0.0000021457672119140625,0,493.750,12.117,490.733,9.70,a1d56ee4
glyph16_U0072,glyph16,cap20000-app800000,20000,800000,2127,-,class_cap,2,26557,17944,4647,shared,420772,1183,806,8832,3453,238,29,518,530,0,96,0,0.000001132488250732422,0,197.555,8.703,195.570,9.41,a1d56ee4
glyph16_U0073,glyph16,cap20000-app800000,20000,800000,5739,-,class_cap,2,22198,19727,5661,shared,572576,3051,2145,24352,9278,617,75,1472,1483,0,222,0,0.0000016801059246063232,0,619.805,17.228,615.292,10.14,a1d56ee4
glyph16_U0074,glyph16,cap20000-app800000,20000,800000,1245,-,class_cap,3,40860,17596,2777,shared,180632,809,484,4800,1935,145,20,206,267,0,50,0,0.0000006556510925292969,0,532.544,4.820,530.977,9.10,a1d56ee4
glyph16_U0075,glyph16,cap20000-app800000,20000,800000,2145,-,class_cap,2,26468,17871,4630,shared,450928,1221,815,8784,3506,246,30,526,543,0,100,0,0.0000017881393432617188,0,139.070,7.272,137.092,9.36,a1d56ee4
glyph16_U0076,glyph16,cap20000-app800000,20000,800000,207,-,class_cap,6,69825,12250,1494,tree_cheaper,42136,207,98,1264,321,53,5,52,64,0,20,0,0.00000095367431640625,0,5077.340,1.190,5076.429,5.50,a1d56ee4
glyph16_U0077,glyph16,cap20000-app800000,20000,800000,359,-,class_cap,5,54993,11140,1301,tree_cheaper,61880,359,170,2096,583,87,9,102,126,0,30,0,0.000001430511474609375,0,3602.120,1.897,3601.307,5.31,a1d56ee4
glyph16_U0078,glyph16,cap20000-app800000,20000,800000,359,-,class_cap,5,61786,12694,1519,tree_cheaper,69352,359,178,2160,603,87,9,93,120,0,35,0,0.00000095367431640625,0,4230.727,1.859,4229.835,5.62,a1d56ee4
glyph16_U0079,glyph16,cap20000-app800000,20000,800000,1693,-,class_cap,2,24036,16560,3988,shared,379196,977,679,6704,2931,191,24,290,402,0,97,0,0.000001430511474609375,0,79.299,6.095,77.574,9.08,a1d56ee4
glyph16_U007A,glyph16,cap20000-app800000,20000,800000,267,-,class_cap,6,71008,14811,2244,tree_cheaper,73576,283,105,1264,322,64,7,56,72,1,20,0,0.000003337860107421875,0,6914.521,1.874,6913.548,7.25,a1d56ee4
glyph16_U007B,glyph16,cap20000-app800000,20000,800000,4101,-,class_cap,2,26101,18852,4666,shared,461728,2273,1513,17008,6456,451,56,1033,1041,0,159,0,0.0000013113021850585938,0,416.549,12.421,413.259,9.75,a1d56ee4
glyph16_U007C,glyph16,cap20000-app800000,20000,800000,123,-,class_cap,6,55934,15492,2499,tree_cheaper,66352,131,45,576,125,35,3,20,30,0,6,0,0.0000002980232238769531,0,1965.916,0.810,1964.975,7.36,a1d56ee4
glyph16_U007D,glyph16,cap20000-app800000,20000,800000,4101,-,class_cap,2,26335,18729,4582,shared,448168,2273,1502,16560,6460,452,56,1028,1043,0,159,0,0.0000012516975402832031,0,462.354,12.921,458.949,9.72,a1d56ee4
glyph16_U007E,glyph16,cap20000-app800000,20000,800000,3995,-,class_cap,2,25522,19130,4754,shared,454152,2083,1493,15920,6471,418,51,994,1002,0,150,0,0,0,289.702,11.943,286.648,9.75,a1d56ee4
glyph32_U0020,glyph32,cap20000-app800000,20000,800000,1,-,quiesced,1,0,1,1,tree_cheaper,4,1,1,164,0,1,0,0,0,0,0,0,0,0,0.500,0.222,0.014,0.00,a1d56ee4
glyph32_U0021,glyph32,cap20000-app800000,20000,800000,267,-,class_cap,6,69303,14431,2153,tree_cheaper,67584,283,86,960,256,54,7,39,48,0,13,0,0,0,5993.026,1.375,5991.878,7.17,a1d56ee4
glyph32_U0022,glyph32,cap20000-app800000,20000,800000,191,-,quiesced,7,17694,1642,151,tree_cheaper,2276,207,62,736,175,46,5,31,49,0,8,0,0,0,118.750,1.055,118.059,0.84,a1d56ee4
glyph32_U0023,glyph32,cap20000-app800000,20000,800000,647,-,class_cap,4,40740,9805,1422,tree_cheaper,95196,663,260,2816,1013,144,17,143,207,2,52,0,0.0000019073486328125,0,1055.940,2.939,1055.045,5.17,a1d56ee4
glyph32_U0024,glyph32,cap20000-app800000,20000,800000,6151,-,class_cap,2,21299,19617,6262,tree_cheaper,658856,3363,2301,27312,9848,671,83,1556,1581,0,239,0,0.0000030994415283203125,0,180.768,17.191,175.782,10.26,a1d56ee4
glyph32_U0025,glyph32,cap20000-app800000,20000,800000,8791,-,class_cap,1,15282,19525,8358,shared,843192,4599,3587,35792,16475,922,113,2254,2266,0,437,0,0.0000020265579223632813,0,63.365,24.274,55.765,10.56,a1d56ee4
glyph32_U0026,glyph32,cap20000-app800000,20000,800000,7719,-,class_cap,1,15565,19496,7900,shared,813828,4103,3019,32384,13757,828,101,1980,2002,0,382,0,0.0000017881393432617188,0,57.532,21.274,51.139,10.47,a1d56ee4
glyph32_U0027,glyph32,cap20000-app800000,20000,800000,123,-,quiesced,7,12774,1152,108,tree_cheaper,1208,131,46,592,124,33,3,18,28,0,6,0,0,0,72.343,0.763,71.972,0.64,a1d56ee4
glyph32_U0028,glyph32,cap20000-app800000,20000,800000,1959,-,class_cap,2,25380,18010,4732,shared,467652,1031,749,7008,3285,192,25,329,441,0,94,0,0.0000008344650268554688,0,76.335,8.070,74.724,9.43,a1d56ee4
glyph32_U0029,glyph32,cap20000-app800000,20000,800000,1777,-,class_cap,2,24607,17772,4491,shared,442780,953,694,6528,3053,180,23,298,403,0,89,0,0.0000008344650268554688,0,67.981,6.105,66.454,9.36,a1d56ee4
glyph32_U002A,glyph32,cap20000-app800000,20000,800000,647,-,class_cap,4,44466,9886,1190,tree_cheaper,61984,663,296,3296,1157,142,17,155,197,3,55,0,0.00000095367431640625,0,635.219,2.988,634.359,5.14,a1d56ee4
glyph32_U002B,glyph32,cap20000-app800000,20000,800000,259,-,class_cap,51,426407,11354,427,tree_cheaper,10004,283,73,816,205,52,7,37,46,0,10,0,0,0,3297.732,1.370,3297.045,5.24,a1d56ee4
glyph32_U002C,glyph32,cap20000-app800000,20000,800000,199,-,quiesced,7,28182,2752,268,tree_cheaper,5252,207,88,1072,276,51,5,43,58,0,15,0,0.000000476837158203125,0,195.842,1.182,195.351,1.33,a1d56ee4
glyph32_U002D,glyph32,cap20000-app800000,20000,800000,123,-,quiesced,7,12610,1138,110,tree_cheaper,1232,131,47,624,124,33,3,18,28,0,6,0,0,0,136.784,1.274,135.678,0.59,a1d56ee4
glyph32_U002E,glyph32,cap20000-app800000,20000,800000,123,-,class_cap,6,46386,10948,1478,tree_cheaper,43200,131,43,544,120,33,3,18,28,0,6,0,0,0,2306.978,0.793,2306.322,5.25,a1d56ee4
glyph32_U002F,glyph32,cap20000-app800000,20000,800000,131,-,class_cap,7,72555,15406,1699,tree_cheaper,44576,131,61,816,184,35,3,28,34,0,11,0,0.0000019073486328125,0,2696.456,0.840,2695.632,7.28,a1d56ee4
glyph32_U0030,glyph32,cap20000-app800000,20000,800000,5767,-,class_cap,2,23013,19627,5401,shared,541716,2983,2027,22016,9058,591,73,1463,1463,0,215,0,0.00000196695327758789,0,684.270,17.878,679.564,10.08,a1d56ee4
glyph32_U0031,glyph32,cap20000-app800000,20000,800000,301,-,class_cap,6,75768,14669,1950,tree_cheaper,70588,321,116,1296,359,75,8,67,96,0,22,0,0.0000010728836059570313,0,6532.202,2.075,6531.246,7.18,a1d56ee4
glyph32_U0032,glyph32,cap20000-app800000,20000,800000,3827,-,class_cap,2,24530,19197,5151,shared,481816,2043,1444,16208,6200,414,50,965,976,0,149,0,0.0000011920928955078125,0,303.726,12.502,300.715,9.77,a1d56ee4
glyph32_U0033,glyph32,cap20000-app800000,20000,800000,5901,-,class_cap,2,22175,19726,5709,shared,579964,3097,2163,24048,9489,622,76,1512,1512,0,224,0,0.0000007152557373046875,0,699.424,19.405,694.214,10.17,a1d56ee4
glyph32_U0034,glyph32,cap20000-app800000,20000,800000,335,-,class_cap,6,75122,14761,1992,tree_cheaper,85680,359,113,1312,350,72,9,64,79,0,21,0,0.000000476837158203125,0,6131.311,1.909,6130.371,7.21,a1d56ee4
glyph32_U0035,glyph32,cap20000-app800000,20000,800000,4031,-,class_cap,2,26068,18891,4530,shared,434976,2159,1481,16512,6399,437,53,1025,1035,0,155,0,0.0000016689300537109375,0,461.757,11.745,458.625,9.71,a1d56ee4
glyph32_U0036,glyph32,cap20000-app800000,20000,800000,5793,-,class_cap,2,22304,19717,5634,shared,567932,3021,2142,23152,9381,603,74,1475,1481,0,221,0,0.000002205371856689453,0,817.989,16.303,812.867,10.13,a1d56ee4
glyph32_U0037,glyph32,cap20000-app800000,20000,800000,199,-,class_cap,6,63823,14267,2334,tree_cheaper,62836,207,87,1056,272,53,5,45,60,0,17,0,0.000000476837158203125,0,4946.814,1.114,4945.960,6.79,a1d56ee4
glyph32_U0038,glyph32,cap20000-app800000,20000,800000,7671,-,class_cap,1,15934,19478,7657,shared,790932,3959,2866,30912,13268,784,97,1952,1952,3,360,0,0.0000019073486328125,0,58.562,21.904,52.561,10.44,a1d56ee4
glyph32_U0039,glyph32,cap20000-app800000,20000,800000,5833,-,class_cap,2,22174,19746,5702,shared,571248,3021,2165,23344,9487,605,74,1485,1485,0,221,0,0.000003337860107421875,0,831.949,17.443,827.307,10.15,a1d56ee4
glyph32_U003A,glyph32,cap20000-app800000,20000,800000,191,-,class_cap,6,54625,13102,1678,tree_cheaper,54540,207,52,624,143,38,5,23,23,0,7,0,0,0,3757.448,1.057,3756.709,5.69,a1d56ee4
glyph32_U003B,glyph32,cap20000-app800000,20000,800000,267,-,quiesced,12,49487,3723,363,tree_cheaper,8848,283,108,1312,334,65,7,57,81,0,18,0,0.000000476837158203125,0,543.335,1.419,542.829,1.82,a1d56ee4
glyph32_U003C,glyph32,cap20000-app800000,20000,800000,309,-,quiesced,17,58193,5723,540,tree_cheaper,17372,321,143,1712,462,77,8,76,93,2,28,0,0.0000019073486328125,0,1308.578,1.847,1307.898,2.66,a1d56ee4
glyph32_U003D,glyph32,cap20000-app800000,20000,800000,191,-,class_cap,6,66225,15130,1401,tree_cheaper,37856,207,54,656,148,40,5,25,25,0,7,0,0,0,3044.482,1.200,3043.565,7.28,a1d56ee4
glyph32_U003E,glyph32,cap20000-app800000,20000,800000,309,-,quiesced,17,58222,5727,545,tree_cheaper,17496,321,143,1712,462,77,8,76,92,0,28,0,0.0000021457672119140625,0,1408.738,2.117,1408.107,2.66,a1d56ee4
glyph32_U003F,glyph32,cap20000-app800000,20000,800000,4159,-,class_cap,2,25855,18861,4698,shared,426760,2311,1570,18544,6694,469,57,1070,1083,1,163,0,0.0000029802322387695313,0,439.451,12.695,435.951,9.75,a1d56ee4
glyph32_U0040,glyph32,cap20000-app800000,20000,800000,7803,-,class_cap,1,15810,19510,7769,shared,800220,4111,2993,32704,13782,820,101,1988,2007,2,381,0,0.00000095367431640625,0,58.257,21.376,51.864,10.46,a1d56ee4
glyph32_U0041,glyph32,cap20000-app800000,20000,800000,283,-,class_cap,6,83169,13000,1273,tree_cheaper,44116,283,128,1536,403,67,7,59,83,0,23,0,0.00000095367431640625,0,8932.382,1.439,8931.442,5.61,a1d56ee4
glyph32_U0042,glyph32,cap20000-app800000,20000,800000,3965,-,class_cap,2,25611,19002,4790,shared,441536,2121,1466,16176,6337,425,52,1008,1010,0,152,0,0.0000019073486328125,0,521.524,12.463,518.347,9.74,a1d56ee4
glyph32_U0043,glyph32,cap20000-app800000,20000,800000,3963,-,class_cap,2,25673,19108,4725,shared,464884,2083,1469,16000,6411,415,51,991,993,0,151,0,0.0000008940696716308594,0,398.906,12.113,395.832,9.77,a1d56ee4
glyph32_U0044,glyph32,cap20000-app800000,20000,800000,2027,-,class_cap,2,26661,18017,4534,shared,360844,1107,825,8768,3622,227,27,507,517,0,92,0,0.0000007152557373046875,0,239.603,7.495,237.639,9.45,a1d56ee4
glyph32_U0045,glyph32,cap20000-app800000,20000,800000,259,-,class_cap,6,64295,14804,2345,tree_cheaper,72792,283,83,928,226,58,7,43,61,0,14,0,0,0,4068.925,1.469,4068.062,7.29,a1d56ee4
glyph32_U0046,glyph32,cap20000-app800000,20000,800000,225,-,class_cap,6,60641,15018,2378,tree_cheaper,67480,245,72,784,196,51,6,36,50,0,12,0,0,0,3582.760,1.245,3581.948,7.31,a1d56ee4
glyph32_U0047,glyph32,cap20000-app800000,20000,800000,4031,-,class_cap,2,26010,18874,4587,shared,423832,2159,1511,16624,6537,438,53,1026,1036,0,156,0,0.00000196695327758789,0,422.762,12.010,419.789,9.71,a1d56ee4
glyph32_U0048,glyph32,cap20000-app800000,20000,800000,259,-,class_cap,6,60454,14458,2150,tree_cheaper,66600,283,68,752,195,52,7,37,46,0,10,0,0.000000476837158203125,0,3473.707,1.429,3472.684,7.19,a1d56ee4
glyph32_U0049,glyph32,cap20000-app800000,20000,800000,259,-,class_cap,6,60868,14768,2168,tree_cheaper,66960,283,70,768,201,52,7,37,46,0,10,0,0,0,3564.056,1.472,3563.173,7.25,a1d56ee4
glyph32_U004A,glyph32,cap20000-app800000,20000,800000,2111,-,class_cap,2,26409,17883,4619,shared,424904,1183,845,8976,3649,243,29,523,542,0,101,0,0.00000095367431640625,0,142.633,7.504,140.706,9.39,a1d56ee4
glyph32_U004B,glyph32,cap20000-app800000,20000,800000,347,-,class_cap,5,55717,12678,1593,tree_cheaper,67512,359,154,1872,512,83,9,82,105,2,32,0,0.000003814697265625,0,3563.547,1.816,3562.706,5.67,a1d56ee4
glyph32_U004C,glyph32,cap20000-app800000,20000,800000,157,-,class_cap,6,52347,12209,1648,tree_cheaper,49124,169,55,656,151,41,4,26,40,0,9,0,0,0,3254.762,0.979,3254.011,5.49,a1d56ee4
glyph32_U004D,glyph32,cap20000-app800000,20000,800000,343,-,class_cap,5,53598,12092,1505,tree_cheaper,62796,359,142,1680,473,83,9,82,112,0,27,0,0.00000095367431640625,0,2984.017,1.988,2983.250,5.56,a1d56ee4
glyph32_U004E,glyph32,cap20000-app800000,20000,800000,267,-,class_cap,6,67232,14581,2358,tree_cheaper,74600,283,91,1056,280,63,7,48,75,0,15,0,0.0000019073486328125,0,5221.332,2.186,5220.520,7.26,a1d56ee4
glyph32_U004F,glyph32,cap20000-app800000,20000,800000,3863,-,class_cap,2,25323,19163,4892,shared,447548,2007,1378,14688,6057,400,49,976,976,0,146,0,0.000003933906555175781,0,566.032,12.790,563.073,9.76,a1d56ee4
glyph32_U0050,glyph32,cap20000-app800000,20000,800000,2061,-,class_cap,2,26760,17961,4494,shared,399608,1145,785,8592,3407,231,28,511,519,0,94,0,0.0000019073486328125,0,251.585,8.956,249.737,9.46,a1d56ee4
glyph32_U0051,glyph32,cap20000-app800000,20000,800000,4461,-,class_cap,2,25189,19369,4479,shared,420220,2365,1624,17600,7150,477,58,1135,1147,0,173,0,0.0000012516975402832031,0,1377.832,18.566,1374.006,9.83,a1d56ee4
glyph32_U0052,glyph32,cap20000-app800000,20000,800000,3105,-,class_cap,2,26078,18507,5080,shared,468320,1709,1128,12448,4882,348,42,789,797,0,122,0,0.000001132488250732422,0,571.260,12.814,567.321,9.59,a1d56ee4
glyph32_U0053,glyph32,cap20000-app800000,20000,800000,5943,-,class_cap,2,21798,19715,5920,shared,601608,3135,2227,24896,9669,632,77,1517,1528,0,229,0,0.0000021457672119140625,0,654.639,23.911,648.226,10.21,a1d56ee4
glyph32_U0054,glyph32,cap20000-app800000,20000,800000,191,-,class_cap,6,55552,12720,1656,tree_cheaper,53732,207,62,704,178,47,5,32,50,0,9,0,0,0,6014.821,1.282,6013.909,5.59,a1d56ee4
glyph32_U0055,glyph32,cap20000-app800000,20000,800000,4031,-,class_cap,2,24575,19157,5082,shared,516940,2159,1443,16576,6291,435,53,1023,1033,1,154,0,0.0000023245811462402344,0,465.664,28.179,457.443,9.76,a1d56ee4
glyph32_U0056,glyph32,cap20000-app800000,20000,800000,207,-,class_cap,6,69839,11883,1294,tree_cheaper,39184,207,93,1152,290,51,5,43,58,0,17,0,0.00000095367431640625,0,7152.489,1.437,7149.575,5.37,a1d56ee4
glyph32_U0057,glyph32,cap20000-app800000,20000,800000,359,-,class_cap,5,60183,14607,2562,tree_cheaper,88776,359,175,2160,592,89,9,104,128,0,32,0,0.00000095367431640625,0,4259.152,1.799,4258.238,7.25,a1d56ee4
glyph32_U0058,glyph32,cap20000-app800000,20000,800000,359,-,class_cap,5,61261,12578,1540,tree_cheaper,72028,359,184,2256,638,89,9,102,126,0,38,0,0.00000286102294921875,0,4186.494,2.245,4185.536,5.61,a1d56ee4
glyph32_U0059,glyph32,cap20000-app800000,20000,800000,275,-,class_cap,6,76692,13296,1823,tree_cheaper,69332,283,121,1488,405,69,7,68,89,0,24,0,0.00000095367431640625,0,8258.658,1.588,8257.888,5.73,a1d56ee4
glyph32_U005A,glyph32,cap20000-app800000,20000,800000,267,-,class_cap,6,72238,14905,2226,tree_cheaper,73724,283,110,1264,337,68,7,60,84,1,21,0,0.0000019073486328125,0,7279.811,1.585,7278.716,7.27,a1d56ee4
glyph32_U005B,glyph32,cap20000-app800000,20000,800000,191,-,quiesced,7,16687,1527,152,tree_cheaper,2372,207,64,752,170,44,5,29,39,0,10,0,0,0,98.042,1.168,97.667,0.71,a1d56ee4
glyph32_U005C,glyph32,cap20000-app800000,20000,800000,131,-,class_cap,7,72321,15356,1699,tree_cheaper,44824,131,65,864,192,35,3,28,34,0,11,0,0.00000095367431640625,0,2689.830,0.858,2688.985,7.28,a1d56ee4
glyph32_U005D,glyph32,cap20000-app800000,20000,800000,191,-,quiesced,7,16993,1558,153,tree_cheaper,2360,207,65,752,175,45,5,30,39,0,10,0,0,0,113.450,1.312,112.719,0.72,a1d56ee4
glyph32_U005E,glyph32,cap20000-app800000,20000,800000,207,-,class_cap,5,50010,15022,3117,tree_cheaper,57364,207,107,1328,349,53,5,52,64,0,20,0,0.000000476837158203125,0,1118.472,1.264,1117.341,7.34,a1d56ee4
glyph32_U005F,glyph32,cap20000-app800000,20000,800000,123,-,class_cap,8,86033,10053,955,tree_cheaper,25396,131,44,576,115,31,3,18,28,0,5,0,0.000001728534698486328,0,5304.712,0.848,5304.088,5.01,a1d56ee4
glyph32_U0060,glyph32,cap20000-app800000,20000,800000,131,-,class_cap,5,38445,12205,1912,tree_cheaper,59928,131,69,912,200,35,3,28,34,0,11,0,0.00000286102294921875,0,956.904,0.852,956.198,5.61,a1d56ee4
glyph32_U0061,glyph32,cap20000-app800000,20000,800000,5517,-,class_cap,2,23144,19635,5327,shared,527052,2929,2023,22128,8776,583,72,1387,1398,0,208,0,0.0000012814998626708984,0,741.990,16.681,737.447,10.04,a1d56ee4
glyph32_U0062,glyph32,cap20000-app800000,20000,800000,3981,-,class_cap,2,26145,18892,4576,shared,426784,2121,1477,16048,6452,425,52,1008,1010,0,153,0,0.0000013113021850585938,0,508.241,13.132,505.018,9.72,a1d56ee4
glyph32_U0063,glyph32,cap20000-app800000,20000,800000,3963,-,class_cap,2,26104,18864,4574,shared,437292,2083,1468,15904,6412,415,51,991,993,0,151,0,0.0000017881393432617188,0,406.150,13.079,402.867,9.72,a1d56ee4
glyph32_U0064,glyph32,cap20000-app800000,20000,800000,3981,-,class_cap,2,26223,18874,4562,shared,440184,2121,1464,15824,6393,426,52,1002,1011,0,153,0,0.0000013113021850585938,0,482.537,13.031,479.243,9.71,a1d56ee4
glyph32_U0065,glyph32,cap20000-app800000,20000,800000,4035,-,class_cap,2,26118,18830,4523,shared,432172,2159,1516,16608,6550,438,53,1022,1037,0,157,0,0.0000012516975402832031,0,432.649,13.831,429.372,9.70,a1d56ee4
glyph32_U0066,glyph32,cap20000-app800000,20000,800000,1245,-,class_cap,3,40334,17965,2809,shared,98032,809,526,4992,2158,146,20,207,268,1,49,0,0.0000002980232238769531,0,730.649,6.093,729.247,9.16,a1d56ee4
glyph32_U0067,glyph32,cap20000-app800000,20000,800000,5969,-,class_cap,2,22553,19546,5670,shared,572320,3173,2166,23728,9485,631,78,1509,1520,0,226,0,0.000001728534698486328,0,508.004,17.913,503.192,10.16,a1d56ee4
glyph32_U0068,glyph32,cap20000-app800000,20000,800000,2145,-,class_cap,2,26861,17970,4588,shared,414848,1221,807,8752,3471,245,30,525,541,0,97,0,0.0000025033950805664063,0,323.432,12.444,321.417,9.42,a1d56ee4
glyph32_U0069,glyph32,cap20000-app800000,20000,800000,293,-,class_cap,6,66171,15026,2410,tree_cheaper,86116,321,84,960,237,61,8,46,60,0,13,0,0,0,4571.510,1.992,4570.587,7.33,a1d56ee4
glyph32_U006A,glyph32,cap20000-app800000,20000,800000,1211,-,class_cap,3,38413,17936,3042,shared,152396,771,488,4848,1956,145,19,206,272,1,49,0,0.00000095367431640625,0,581.051,4.862,579.655,9.17,a1d56ee4
glyph32_U006B,glyph32,cap20000-app800000,20000,800000,347,-,class_cap,5,55954,12726,1601,tree_cheaper,68876,359,157,1920,516,84,9,83,106,2,33,0,0.00000095367431640625,0,3623.453,1.770,3622.358,5.68,a1d56ee4
glyph32_U006C,glyph32,cap20000-app800000,20000,800000,1143,-,class_cap,3,39043,18272,2996,shared,100096,695,526,4976,2172,139,17,200,274,1,48,0,0.0000006556510925292969,0,536.914,4.983,535.366,9.20,a1d56ee4
glyph32_U006D,glyph32,cap20000-app800000,20000,800000,4133,-,class_cap,2,25091,19157,4998,shared,473708,2273,1433,16896,6203,446,56,1016,1028,19,147,0,0.0000027418136596679688,0,517.665,12.756,514.190,9.81,a1d56ee4
glyph32_U006E,glyph32,cap20000-app800000,20000,800000,2145,-,class_cap,2,26858,17964,4601,shared,409944,1221,797,8688,3435,245,30,525,541,0,93,0,0.000000476837158203125,0,234.183,7.363,232.334,9.41,a1d56ee4
glyph32_U006F,glyph32,cap20000-app800000,20000,800000,3863,-,class_cap,2,25459,19026,4847,shared,480336,2007,1339,15264,5947,398,49,974,974,0,143,0,0.0000026226043701171875,0,524.992,10.956,521.924,9.74,a1d56ee4
glyph32_U0070,glyph32,cap20000-app800000,20000,800000,3981,-,class_cap,2,26301,18829,4534,shared,435052,2121,1463,15840,6414,425,52,1008,1010,0,153,0,0.000001728534698486328,0,483.377,11.223,480.394,9.71,a1d56ee4
glyph32_U0071,glyph32,cap20000-app800000,20000,800000,3981,-,class_cap,2,26295,18824,4523,shared,418224,2121,1473,15856,6464,426,52,1002,1011,0,153,0,0.0000027865171432495117,0,493.049,11.623,490.076,9.70,a1d56ee4
glyph32_U0072,glyph32,cap20000-app800000,20000,800000,2127,-,class_cap,2,26557,17944,4647,shared,420772,1183,806,8832,3453,238,29,518,530,0,96,0,0.000005066394805908203,0,195.205,7.175,193.429,9.41,a1d56ee4
glyph32_U0073,glyph32,cap20000-app800000,20000,800000,5739,-,class_cap,2,22198,19727,5661,shared,572576,3051,2145,24352,9278,617,75,1472,1483,0,222,0,0.0000008270144462585449,0,621.503,15.898,617.041,10.14,a1d56ee4
glyph32_U0074,glyph32,cap20000-app800000,20000,800000,1245,-,class_cap,3,40860,17596,2777,shared,180632,809,484,4800,1935,145,20,206,267,0,50,0,0.0000003576278686523438,0,528.129,4.670,526.782,9.10,a1d56ee4
glyph32_U0075,glyph32,cap20000-app800000,20000,800000,2145,-,class_cap,2,26468,17871,4630,shared,450928,1221,815,8784,3506,246,30,526,543,0,100,0,0.0000007152557373046875,0,137.723,7.540,135.938,9.36,a1d56ee4
glyph32_U0076,glyph32,cap20000-app800000,20000,800000,207,-,class_cap,6,69825,12250,1494,tree_cheaper,42136,207,98,1264,321,53,5,52,64,0,20,0,0.00000095367431640625,0,5134.625,1.196,5133.843,5.50,a1d56ee4
glyph32_U0077,glyph32,cap20000-app800000,20000,800000,359,-,class_cap,5,54993,11140,1301,tree_cheaper,61880,359,170,2096,583,87,9,102,126,0,30,0,0.00000095367431640625,0,3666.042,1.939,3665.260,5.31,a1d56ee4
glyph32_U0078,glyph32,cap20000-app800000,20000,800000,359,-,class_cap,5,61786,12694,1519,tree_cheaper,69352,359,178,2160,603,87,9,93,120,0,35,0,0.000002384185791015625,0,4205.045,2.091,4204.266,5.62,a1d56ee4
glyph32_U0079,glyph32,cap20000-app800000,20000,800000,1693,-,class_cap,2,24036,16560,3988,shared,379196,977,679,6704,2931,191,24,290,402,0,97,0,0.0000014901161193847656,0,77.106,7.050,75.588,9.08,a1d56ee4
glyph32_U007A,glyph32,cap20000-app800000,20000,800000,267,-,class_cap,6,71008,14811,2244,tree_cheaper,73576,283,105,1264,322,64,7,56,72,1,20,0,0.0000002384185791015625,0,6912.682,1.539,6911.438,7.25,a1d56ee4
glyph32_U007B,glyph32,cap20000-app800000,20000,800000,4101,-,class_cap,2,26101,18852,4666,shared,461728,2273,1513,17008,6456,451,56,1033,1041,0,159,0,0.0000012516975402832031,0,407.451,13.767,404.252,9.75,a1d56ee4
glyph32_U007C,glyph32,cap20000-app800000,20000,800000,123,-,class_cap,6,55934,15492,2499,tree_cheaper,66368,131,45,576,125,35,3,20,30,0,6,0,0,0,1954.822,0.937,1953.697,7.36,a1d56ee4
glyph32_U007D,glyph32,cap20000-app800000,20000,800000,4101,-,class_cap,2,26335,18729,4582,shared,448168,2273,1502,16560,6460,452,56,1028,1043,0,159,0,0.0000019073486328125,0,458.827,12.721,455.452,9.72,a1d56ee4
glyph32_U007E,glyph32,cap20000-app800000,20000,800000,3995,-,class_cap,2,25522,19130,4754,shared,454152,2083,1493,15920,6471,418,51,994,1002,0,150,0,0.0000008940696716308594,0,286.779,12.356,283.761,9.75,a1d56ee4
psychedelic_packed,psychedelic,cap20000-app800000,20000,800000,1246,-,class_cap,4,34631,17907,3694,tree_cheaper,175176,1246,111,2352,829,127,1,29,30,0,12,0,0,0,75.057,0.904,73.536,9.02,8ecdc098
shader_cosine_palette,shader,cap20000-app800000,20000,800000,40,-,class_cap,5,33030,18258,3234,tree_cheaper,124084,40,25,1232,292,133,3,99,102,0,1,0,0,0,97.072,1.075,95.933,9.07,a1d56ee4
shader_smooth_min_scene,shader,cap20000-app800000,20000,800000,43,-,class_cap,18,166339,6973,423,tree_cheaper,12256,43,39,432,132,34,0,0,0,0,2,0,0,0,442.207,0.346,441.457,3.62,a1d56ee4
shader_mandelbrot_distance,shader,cap20000-app800000,20000,800000,152,-,quiesced,8,96495,6287,237,tree_cheaper,6208,152,115,1616,595,160,19,31,57,0,5,0,0,0,4846.713,6.778,4846.212,2.73,a1d56ee4
shader_star_sdf,shader,cap20000-app800000,20000,800000,66,-,class_cap,5,26909,13888,2050,tree_cheaper,387336,66,58,640,172,56,1,0,2,0,2,0,0,0,49.171,0.523,48.416,6.83,a1d56ee4
shader_gyroid_slice,shader,cap20000-app800000,20000,800000,40,-,quiesced,9,4675,775,102,tree_cheaper,1520,40,33,2768,932,163,4,124,128,0,8,0,0,0,12.308,1.973,12.075,0.35,a1d56ee4
shader_plasma,shader,cap20000-app800000,20000,800000,37,-,class_cap,6,35023,12661,1319,tree_cheaper,134028,37,29,1376,359,122,3,87,90,0,4,0,0,0,60.387,1.067,59.815,5.60,a1d56ee4
shader_domain_warp_fbm,shader,cap20000-app800000,20000,800000,84,-,class_cap,4,28923,18774,4694,tree_cheaper,372492,84,62,1728,446,185,4,116,120,0,4,0,0,0,82.596,1.440,81.524,9.29,a1d56ee4
shader_kaleidoscope_fold,shader,cap20000-app800000,20000,800000,46,-,quiesced,5,319,131,57,tree_cheaper,412,46,40,2032,560,238,10,156,174,0,8,0,0.000006109476089477539,0,1.388,3.071,1.185,0.09,a1d56ee4
shader_metaballs,shader,cap20000-app800000,20000,800000,62,-,class_cap,6,46375,13429,1870,tree_cheaper,30772,62,45,464,136,38,1,0,0,0,3,0,0,0,681.113,0.519,680.212,5.77,a1d56ee4
shader_julia_set,shader,cap20000-app800000,20000,800000,122,-,class_cap,6,41823,17032,2602,tree_cheaper,95212,122,118,2064,697,205,14,51,61,0,6,0,0,0,316.181,3.720,315.124,8.79,a1d56ee4
shader_smoothstep_vignette,shader,cap20000-app800000,20000,800000,64,-,quiesced,5,1074,283,82,tree_cheaper,1064,64,49,544,194,41,0,0,0,0,7,0,0.0000012069940567016602,0,3.237,0.329,3.010,0.15,a1d56ee4
shader_torus_slice,shader,cap20000-app800000,20000,800000,38,-,quiesced,15,28932,3005,198,shared,5336,38,31,368,130,25,0,0,0,0,3,0,0,0,113.509,0.322,112.937,1.33,a1d56ee4
cellgrid_80x24_d2,cellgrid,cap5000-app200000,5000,200000,667,-,class_cap,3,6826,4634,1322,shared,203960,667,117,2576,428,217,0,0,0,7,19,0,0,0,18.765,0.647,18.141,2.32,8ecdc098
chrome_packed,chrome,cap5000-app200000,5000,200000,390815,-,class_cap,2,5502,4944,1351,shared,177956,335411,398,3424,1668,385,17,614,616,22,7,0,0,0,176.936,7.344,22.475,34.88,8ecdc098
chrome_R,chrome_channel,cap5000-app200000,5000,200000,133101,-,class_cap,2,5626,4903,1208,shared,142940,114633,300,2640,1418,288,9,433,435,23,7,0,0.0000177919864654541,0,57.373,3.666,20.131,11.92,8ecdc098
glyph16_U0020,glyph16,cap5000-app200000,5000,200000,1,-,quiesced,1,0,1,1,tree_cheaper,4,1,1,164,0,1,0,0,0,0,0,0,0,0,0.453,0.333,0.021,0.00,8ecdc098
glyph16_U0021,glyph16,cap5000-app200000,5000,200000,267,-,class_cap,3,8771,2674,375,tree_cheaper,9768,283,105,1216,362,56,7,48,54,0,16,0,0.000000476837158203125,0,65.513,1.550,65.030,1.37,8ecdc098
glyph16_U0022,glyph16,cap5000-app200000,5000,200000,191,-,quiesced,7,17694,1642,151,tree_cheaper,2276,207,62,736,175,46,5,31,49,0,8,0,0.000000476837158203125,0,120.080,1.264,119.373,0.84,8ecdc098
glyph16_U0023,glyph16,cap5000-app200000,5000,200000,647,-,class_cap,2,5950,3379,737,tree_cheaper,37612,663,272,2528,1051,137,17,128,199,0,37,0,0.0000018477439880371096,0,21.528,3.199,20.865,1.80,8ecdc098
glyph16_U0024,glyph16,cap5000-app200000,5000,200000,6151,-,class_cap,1,2184,5000,2952,shared,289592,3363,2740,27312,12119,744,83,1777,1777,1,265,0,0.000002294778823852539,0,21.547,21.479,16.996,3.19,8ecdc098
glyph16_U0025,glyph16,cap5000-app200000,5000,200000,8791,-,class_cap,1,843,5000,4175,tree_cheaper,705624,4599,3921,36304,17484,3891,257,7522,9970,280,41,0,0.000002175569534301758,0,25.636,82.414,18.271,3.73,8ecdc098
glyph16_U0026,glyph16,cap5000-app200000,5000,200000,7719,-,class_cap,1,1278,5000,3741,tree_cheaper,642792,4103,3509,33120,15451,3471,225,7257,8809,242,39,0,0.0000020265579223632813,0,23.586,71.854,17.361,3.61,8ecdc098
glyph16_U0027,glyph16,cap5000-app200000,5000,200000,123,-,quiesced,7,12774,1153,108,tree_cheaper,1208,131,46,592,124,33,3,18,28,0,6,0,0.00000095367431640625,0,72.485,0.904,72.081,0.64,8ecdc098
glyph16_U0028,glyph16,cap5000-app200000,5000,200000,1959,-,class_cap,1,3850,4862,2019,shared,185964,1031,761,7920,3417,210,25,490,490,0,93,0,0.0000013113021850585938,0,14.190,9.171,12.925,2.61,8ecdc098
glyph16_U0029,glyph16,cap5000-app200000,5000,200000,1777,-,class_cap,1,3932,4863,1901,shared,169444,953,692,7312,3119,197,23,448,448,0,89,0,0.0000015348196029663086,0,13.970,8.521,12.813,2.63,8ecdc098
glyph16_U002A,glyph16,cap5000-app200000,5000,200000,647,-,class_cap,2,6378,3765,878,tree_cheaper,44764,663,302,2976,1204,134,17,119,187,0,46,0,0.000002264976501464844,0,20.853,3.720,20.078,1.99,8ecdc098
glyph16_U002B,glyph16,cap5000-app200000,5000,200000,259,-,class_cap,5,18015,2289,250,tree_cheaper,5468,283,73,816,205,52,7,37,46,0,10,0,0.000000476837158203125,0,84.846,1.486,84.300,1.16,8ecdc098
glyph16_U002C,glyph16,cap5000-app200000,5000,200000,199,-,class_cap,4,13534,2553,275,tree_cheaper,5756,207,93,1104,314,51,5,43,58,0,15,0,0.0000011920928955078125,0,68.079,1.248,67.561,1.30,8ecdc098
glyph16_U002D,glyph16,cap5000-app200000,5000,200000,123,-,quiesced,7,12610,1138,110,tree_cheaper,1232,131,47,624,124,33,3,18,28,0,6,0,0.0000019073486328125,0,67.177,0.797,66.825,0.59,8ecdc098
glyph16_U002E,glyph16,cap5000-app200000,5000,200000,123,-,class_cap,5,18244,3542,550,tree_cheaper,10980,131,43,544,120,33,3,18,28,0,6,0,0.0000019073486328125,0,190.530,1.277,189.946,1.68,8ecdc098
glyph16_U002F,glyph16,cap5000-app200000,5000,200000,131,-,class_cap,4,11709,2981,405,tree_cheaper,9632,131,66,864,222,35,3,28,34,0,11,0,0.000000476837158203125,0,86.104,0.861,85.616,1.40,8ecdc098
glyph16_U0030,glyph16,cap5000-app200000,5000,200000,5767,-,class_cap,1,2286,5000,2906,shared,376992,2983,2408,22336,10954,641,73,1607,1607,0,236,0,0.000001132488250732422,0,20.354,18.645,16.539,3.23,8ecdc098
glyph16_U0031,glyph16,cap5000-app200000,5000,200000,301,-,class_cap,3,9593,3104,462,tree_cheaper,13408,321,133,1408,445,75,8,67,96,0,21,0,0.00000095367431640625,0,78.356,1.860,77.779,1.46,8ecdc098
glyph16_U0032,glyph16,cap5000-app200000,5000,200000,3827,-,class_cap,1,3048,4992,2639,shared,263620,2043,1755,16112,7798,429,50,1015,1020,0,185,0,0.0000007152557373046875,0,18.607,12.760,16.255,2.94,8ecdc098
glyph16_U0033,glyph16,cap5000-app200000,5000,200000,5901,-,class_cap,1,2247,5000,2932,shared,373548,3097,2548,23216,11458,675,76,1662,1662,0,247,0,0.0000010728836059570313,0,20.686,20.019,16.443,3.26,8ecdc098
glyph16_U0034,glyph16,cap5000-app200000,5000,200000,335,-,class_cap,3,9777,3051,450,tree_cheaper,13660,359,129,1376,432,72,9,64,79,0,20,0,0.0000016689300537109375,0,80.335,1.881,79.848,1.45,8ecdc098
glyph16_U0035,glyph16,cap5000-app200000,5000,200000,4031,-,class_cap,1,3018,4993,2640,shared,281000,2159,1787,16464,7952,457,53,1083,1093,0,187,0,0.0000019073486328125,0,18.806,15.529,16.250,2.96,8ecdc098
glyph16_U0036,glyph16,cap5000-app200000,5000,200000,5793,-,class_cap,1,2258,5000,2921,shared,369360,3021,2527,22464,11401,654,74,1627,1627,0,248,0,0.000002592802047729492,0,20.538,19.134,16.738,3.24,8ecdc098
glyph16_U0037,glyph16,cap5000-app200000,5000,200000,199,-,class_cap,4,15234,3533,487,tree_cheaper,12536,207,97,1152,330,53,5,45,60,0,19,0,0.00000095367431640625,0,162.720,1.617,162.164,1.70,8ecdc098
glyph16_U0038,glyph16,cap5000-app200000,5000,200000,7671,-,class_cap,1,1508,5000,3543,tree_cheaper,625984,3959,3325,30640,14789,3320,221,6494,8516,247,27,0,0.0000011920928955078125,0,22.563,73.116,16.996,3.57,8ecdc098
glyph16_U0039,glyph16,cap5000-app200000,5000,200000,5833,-,class_cap,1,2264,5000,2922,shared,370652,3021,2547,22272,11498,656,74,1631,1631,0,248,0,0.000002592802047729492,0,21.631,19.159,17.334,3.24,8ecdc098
glyph16_U003A,glyph16,cap5000-app200000,5000,200000,191,-,class_cap,4,12594,2762,371,tree_cheaper,8600,207,52,624,143,38,5,23,23,0,7,0,0.000000476837158203125,0,106.739,1.214,106.268,1.37,8ecdc098
glyph16_U003B,glyph16,cap5000-app200000,5000,200000,267,-,class_cap,3,8699,2710,362,tree_cheaper,9480,283,122,1392,413,65,7,57,81,0,18,0,0.000000476837158203125,0,50.011,2.012,49.543,1.37,8ecdc098
glyph16_U003C,glyph16,cap5000-app200000,5000,200000,309,-,class_cap,3,9174,3095,488,tree_cheaper,14300,321,156,1680,571,77,8,76,93,0,24,0,0.0000013113021850585938,0,60.544,1.692,60.091,1.46,8ecdc098
glyph16_U003D,glyph16,cap5000-app200000,5000,200000,191,-,class_cap,4,11780,3763,691,tree_cheaper,16468,207,54,656,148,40,5,25,25,0,7,0,0,0,109.799,1.232,108.555,1.88,8ecdc098
glyph16_U003E,glyph16,cap5000-app200000,5000,200000,309,-,class_cap,3,9133,3088,493,tree_cheaper,14932,321,156,1664,571,77,8,76,92,0,24,0,0.0000010728836059570313,0,61.167,1.876,60.587,1.45,8ecdc098
glyph16_U003F,glyph16,cap5000-app200000,5000,200000,4159,-,class_cap,1,2890,4995,2715,shared,269600,2311,1879,18944,8267,499,57,1167,1167,3,196,0,0.0000013113021850585938,0,19.067,14.208,16.398,3.00,8ecdc098
glyph16_U0040,glyph16,cap5000-app200000,5000,200000,7803,-,class_cap,1,1380,5000,3663,tree_cheaper,639656,4111,3432,31936,15236,3418,227,6910,8708,250,32,0,0.0000019073486328125,0,22.447,73.952,16.682,3.61,8ecdc098
glyph16_U0041,glyph16,cap5000-app200000,5000,200000,283,-,class_cap,3,9718,3699,575,tree_cheaper,18620,283,160,1760,633,71,7,77,95,0,23,0,0.00000095367431640625,0,85.194,1.646,84.584,1.86,8ecdc098
glyph16_U0042,glyph16,cap5000-app200000,5000,200000,3965,-,class_cap,1,3044,4990,2637,shared,264408,2121,1772,16176,7902,447,52,1067,1074,0,184,0,0.000001430511474609375,0,18.635,13.756,16.066,2.96,8ecdc098
glyph16_U0043,glyph16,cap5000-app200000,5000,200000,3963,-,class_cap,1,3023,4994,2636,shared,283268,2083,1770,16000,7954,438,51,1060,1060,0,184,0,0.0000019073486328125,0,18.908,13.635,16.228,2.95,8ecdc098
glyph16_U0044,glyph16,cap5000-app200000,5000,200000,2027,-,class_cap,1,3915,4870,2012,shared,198780,1107,812,8448,3644,230,27,519,524,0,103,0,0.000002562999725341797,0,15.060,8.359,13.705,2.61,8ecdc098
glyph16_U0045,glyph16,cap5000-app200000,5000,200000,259,-,class_cap,4,15297,3531,497,tree_cheaper,13872,283,83,928,226,58,7,43,61,0,14,0,0.00000095367431640625,0,138.643,1.554,138.117,1.71,8ecdc098
glyph16_U0046,glyph16,cap5000-app200000,5000,200000,225,-,class_cap,4,14175,3184,433,tree_cheaper,11116,245,72,784,196,51,6,36,50,0,12,0,0.0000011920928955078125,0,117.079,1.455,116.324,1.45,8ecdc098
glyph16_U0047,glyph16,cap5000-app200000,5000,200000,4031,-,class_cap,1,2983,4994,2660,shared,282724,2159,1801,17104,8009,461,53,1101,1101,0,186,0,0.0000017881393432617188,0,18.832,15.790,16.158,2.97,8ecdc098
glyph16_U0048,glyph16,cap5000-app200000,5000,200000,259,-,class_cap,4,14395,3202,428,tree_cheaper,11336,283,68,752,195,52,7,37,46,0,10,0,0.00000095367431640625,0,118.701,1.572,118.068,1.46,8ecdc098
glyph16_U0049,glyph16,cap5000-app200000,5000,200000,259,-,class_cap,4,14634,3224,429,tree_cheaper,11344,283,70,768,201,52,7,37,46,0,10,0,0.00000095367431640625,0,132.890,1.476,132.333,1.46,8ecdc098
glyph16_U004A,glyph16,cap5000-app200000,5000,200000,2111,-,class_cap,1,3864,4878,2061,shared,188384,1183,860,8976,3799,248,29,548,553,0,104,0,0.0000013709068298339844,0,15.009,8.542,13.539,2.64,8ecdc098
glyph16_U004B,glyph16,cap5000-app200000,5000,200000,347,-,class_cap,3,10620,3750,581,tree_cheaper,19040,359,171,1792,649,83,9,82,105,0,27,0,0.0000016689300537109375,0,92.705,1.917,92.089,1.89,8ecdc098
glyph16_U004C,glyph16,cap5000-app200000,5000,200000,157,-,class_cap,4,12137,2666,356,tree_cheaper,8104,169,55,656,151,41,4,26,40,0,9,0,0.00000095367431640625,0,89.276,1.183,88.776,1.33,8ecdc098
glyph16_U004D,glyph16,cap5000-app200000,5000,200000,343,-,class_cap,3,10275,3654,558,tree_cheaper,17124,359,159,1680,594,83,9,82,112,0,23,0,0.00000095367431640625,0,84.114,1.898,83.626,1.87,8ecdc098
glyph16_U004E,glyph16,cap5000-app200000,5000,200000,267,-,class_cap,3,8669,2645,368,tree_cheaper,9820,283,104,1152,334,63,7,48,75,0,15,0,0.0000019073486328125,0,57.869,1.571,57.353,1.36,8ecdc098
glyph16_U004F,glyph16,cap5000-app200000,5000,200000,3863,-,class_cap,1,3153,4991,2585,shared,278004,2007,1685,15456,7581,412,49,1012,1012,0,180,0,0.0000019073486328125,0,18.482,13.501,16.084,2.87,8ecdc098
glyph16_U0050,glyph16,cap5000-app200000,5000,200000,2061,-,class_cap,1,3899,4874,2030,shared,199716,1145,828,8560,3683,236,28,523,530,0,104,0,0.0000018477439880371096,0,14.773,8.722,13.400,2.62,8ecdc098
glyph16_U0051,glyph16,cap5000-app200000,5000,200000,4461,-,class_cap,1,2783,4998,2739,shared,296164,2365,1931,17888,8708,508,58,1237,1237,0,197,0,0.0000021457672119140625,0,19.022,15.067,16.157,3.02,8ecdc098
glyph16_U0052,glyph16,cap5000-app200000,5000,200000,3105,-,class_cap,1,3235,4972,2477,shared,235860,1709,1445,13712,6383,350,42,785,804,0,168,0,0.00000095367431640625,0,17.118,11.102,15.178,2.79,8ecdc098
glyph16_U0053,glyph16,cap5000-app200000,5000,200000,5943,-,class_cap,1,2225,5000,2942,shared,293172,3135,2623,23920,11756,686,77,1680,1680,0,254,0,0.0000016391277313232422,0,20.225,19.778,16.234,3.24,8ecdc098
glyph16_U0054,glyph16,cap5000-app200000,5000,200000,191,-,class_cap,4,13286,2881,373,tree_cheaper,8628,207,62,704,178,47,5,32,50,0,9,0,0.000001430511474609375,0,104.516,1.320,104.127,1.39,8ecdc098
glyph16_U0055,glyph16,cap5000-app200000,5000,200000,4031,-,class_cap,1,3049,4991,2644,shared,289088,2159,1758,16672,7838,450,53,1064,1078,10,183,0,0.0000020265579223632813,0,18.550,13.438,15.860,2.96,8ecdc098
glyph16_U0056,glyph16,cap5000-app200000,5000,200000,207,-,class_cap,3,8160,2821,398,tree_cheaper,11088,207,114,1328,437,53,5,52,64,0,20,0,0.000003337860107421875,0,58.940,1.236,58.459,1.38,8ecdc098
glyph16_U0057,glyph16,cap5000-app200000,5000,200000,359,-,class_cap,3,10887,3864,611,tree_cheaper,17848,359,194,2128,796,89,9,104,128,0,32,0,0.0000021457672119140625,0,133.088,2.365,132.478,1.89,8ecdc098
glyph16_U0058,glyph16,cap5000-app200000,5000,200000,359,-,class_cap,3,10197,4050,720,tree_cheaper,25924,359,205,2128,842,87,9,86,122,0,36,0,0.0000026226043701171875,0,109.409,1.923,108.803,1.94,8ecdc098
glyph16_U0059,glyph16,cap5000-app200000,5000,200000,275,-,class_cap,3,9522,3253,488,tree_cheaper,13852,283,140,1520,534,69,7,68,89,0,20,0,0.000003337860107421875,0,77.996,1.582,77.469,1.67,8ecdc098
glyph16_U005A,glyph16,cap5000-app200000,5000,200000,267,-,class_cap,3,9221,2922,418,tree_cheaper,11368,283,126,1360,420,68,7,60,84,0,21,0,0.000001430511474609375,0,72.692,1.944,72.219,1.41,8ecdc098
glyph16_U005B,glyph16,cap5000-app200000,5000,200000,191,-,quiesced,7,16687,1526,152,tree_cheaper,2372,207,64,752,170,44,5,29,39,0,10,0,0.000000476837158203125,0,101.635,1.180,100.928,0.71,8ecdc098
glyph16_U005C,glyph16,cap5000-app200000,5000,200000,131,-,class_cap,4,11752,2957,398,tree_cheaper,9460,131,70,912,230,35,3,28,34,0,11,0,0.000000476837158203125,0,92.618,1.453,92.193,1.39,8ecdc098
glyph16_U005D,glyph16,cap5000-app200000,5000,200000,191,-,quiesced,7,16993,1557,153,tree_cheaper,2360,207,65,752,175,45,5,30,39,0,10,0,0.000000476837158203125,0,116.378,1.063,115.951,0.72,8ecdc098
glyph16_U005E,glyph16,cap5000-app200000,5000,200000,207,-,class_cap,3,8188,3207,530,tree_cheaper,15384,207,117,1376,441,53,5,52,64,0,20,0,0.000000476837158203125,0,43.952,1.966,43.480,1.47,8ecdc098
glyph16_U005F,glyph16,cap5000-app200000,5000,200000,123,-,class_cap,5,17275,3086,434,tree_cheaper,9500,131,44,576,115,31,3,18,28,0,5,0,0.00000286102294921875,0,221.063,0.906,220.584,1.40,8ecdc098
glyph16_U0060,glyph16,cap5000-app200000,5000,200000,131,-,class_cap,4,12657,3671,679,tree_cheaper,13440,131,74,960,240,35,3,28,34,0,11,0,0.000000476837158203125,0,67.143,0.820,66.727,1.84,8ecdc098
glyph16_U0061,glyph16,cap5000-app200000,5000,200000,5517,-,class_cap,1,2274,5000,2907,shared,367152,2929,2393,22416,10690,642,72,1560,1560,0,234,0,0.0000017881393432617188,0,20.826,18.338,17.052,3.21,8ecdc098
glyph16_U0062,glyph16,cap5000-app200000,5000,200000,3981,-,class_cap,1,3026,4992,2640,shared,281268,2121,1779,16304,7964,448,52,1076,1076,0,188,0,0.000002384185791015625,0,20.052,13.638,17.372,2.96,8ecdc098
glyph16_U0063,glyph16,cap5000-app200000,5000,200000,3963,-,class_cap,1,3016,4994,2639,shared,282700,2083,1773,16048,7956,439,51,1063,1063,0,185,0,0.0000023245811462402344,0,20.329,13.738,17.384,2.95,8ecdc098
glyph16_U0064,glyph16,cap5000-app200000,5000,200000,3981,-,class_cap,1,3029,4989,2632,shared,279404,2121,1770,15920,7934,445,52,1057,1068,0,184,0,0.000002384185791015625,0,20.064,13.450,17.288,2.96,8ecdc098
glyph16_U0065,glyph16,cap5000-app200000,5000,200000,4035,-,class_cap,1,2965,4993,2660,shared,282724,2159,1818,16512,8086,458,53,1081,1096,0,186,0,0.0000016689300537109375,0,20.049,14.143,17.312,2.97,8ecdc098
glyph16_U0066,glyph16,cap5000-app200000,5000,200000,1245,-,class_cap,2,6766,4781,1109,shared,82460,809,447,4944,1821,161,20,299,307,0,48,0,0.0000006854534149169922,0,87.865,5.192,86.831,2.48,8ecdc098
glyph16_U0067,glyph16,cap5000-app200000,5000,200000,5969,-,class_cap,1,2275,5000,2914,shared,369424,3173,2569,24320,11540,694,78,1694,1694,0,253,0,0.000003427267074584961,0,22.764,19.861,18.196,3.27,8ecdc098
glyph16_U0068,glyph16,cap5000-app200000,5000,200000,2145,-,class_cap,1,3873,4881,2052,shared,173920,1221,875,8992,3882,251,30,545,554,0,112,0,0.0000013709068298339844,0,15.509,8.127,14.012,2.64,8ecdc098
glyph16_U0069,glyph16,cap5000-app200000,5000,200000,293,-,class_cap,4,16090,3725,527,tree_cheaper,15424,321,87,992,242,61,8,46,60,0,13,0,0.000000476837158203125,0,180.490,1.601,179.880,1.86,8ecdc098
glyph16_U006A,glyph16,cap5000-app200000,5000,200000,1211,-,class_cap,2,6745,4718,1083,shared,82636,771,450,5024,1828,159,19,303,309,0,49,0,0.0000030994415283203125,0,46.746,5.058,45.682,2.45,8ecdc098
glyph16_U006B,glyph16,cap5000-app200000,5000,200000,347,-,class_cap,3,10682,3764,584,tree_cheaper,19072,359,174,1840,653,84,9,83,106,0,28,0,0.0000016689300537109375,0,96.493,1.985,95.900,1.89,8ecdc098
glyph16_U006C,glyph16,cap5000-app200000,5000,200000,1143,-,class_cap,2,6691,4789,1067,shared,75932,695,432,4896,1773,150,17,294,304,0,47,0,0.0000015497207641601563,0,63.705,4.544,62.716,2.47,8ecdc098
glyph16_U006D,glyph16,cap5000-app200000,5000,200000,4133,-,class_cap,1,3053,4992,2614,shared,264376,2273,1741,17248,7748,468,56,1078,1091,23,181,0,0.000001430511474609375,0,19.868,14.365,17.080,2.98,8ecdc098
glyph16_U006E,glyph16,cap5000-app200000,5000,200000,2145,-,class_cap,1,3872,4882,2053,shared,173888,1221,876,9008,3882,251,30,545,554,0,112,0,0.000002384185791015625,0,15.431,8.707,13.894,2.64,8ecdc098
glyph16_U006F,glyph16,cap5000-app200000,5000,200000,3863,-,class_cap,1,3231,4994,2545,shared,274856,2007,1632,15904,7358,410,49,1010,1010,17,177,0,0.0000019073486328125,0,19.361,13.162,16.822,2.87,8ecdc098
glyph16_U0070,glyph16,cap5000-app200000,5000,200000,3981,-,class_cap,1,3035,4989,2627,shared,278948,2121,1770,16000,7954,444,52,1063,1067,0,185,0,0.000002384185791015625,0,19.795,13.150,17.158,2.96,8ecdc098
glyph16_U0071,glyph16,cap5000-app200000,5000,200000,3981,-,class_cap,1,3030,4992,2638,shared,281344,2121,1765,16176,7926,449,52,1077,1077,0,185,0,0.0000021457672119140625,0,19.680,13.566,16.918,2.96,8ecdc098
glyph16_U0072,glyph16,cap5000-app200000,5000,200000,2127,-,class_cap,1,3860,4883,2059,shared,174756,1183,879,8960,3883,243,29,532,541,0,110,0,0.0000010728836059570313,0,15.533,8.680,14.049,2.64,8ecdc098
glyph16_U0073,glyph16,cap5000-app200000,5000,200000,5739,-,class_cap,1,2234,5000,2942,shared,367712,3051,2526,23488,11279,670,75,1631,1631,0,247,0,0.000001728534698486328,0,21.352,19.933,17.241,3.24,8ecdc098
glyph16_U0074,glyph16,cap5000-app200000,5000,200000,1245,-,class_cap,2,6723,4784,1103,shared,81604,809,441,4912,1798,160,20,298,306,0,47,0,0.0000006556510925292969,0,74.177,5.741,73.143,2.48,8ecdc098
glyph16_U0075,glyph16,cap5000-app200000,5000,200000,2145,-,class_cap,1,3868,4877,2058,shared,188680,1221,864,8832,3815,252,30,540,556,0,105,0,0.000001728534698486328,0,15.429,8.351,13.933,2.64,8ecdc098
glyph16_U0076,glyph16,cap5000-app200000,5000,200000,207,-,class_cap,3,8160,2821,398,tree_cheaper,11088,207,114,1328,437,53,5,52,64,0,20,0,0.000000476837158203125,0,58.547,1.191,58.037,1.38,8ecdc098
glyph16_U0077,glyph16,cap5000-app200000,5000,200000,359,-,class_cap,3,10514,3688,573,tree_cheaper,17924,359,193,2144,791,87,9,102,126,0,30,0,0.0000019073486328125,0,106.165,2.016,105.601,1.86,8ecdc098
glyph16_U0078,glyph16,cap5000-app200000,5000,200000,359,-,class_cap,3,10180,4081,719,tree_cheaper,25772,359,200,2064,828,86,9,85,120,0,35,0,0.0000007748603820800781,0,104.374,1.857,103.806,1.94,8ecdc098
glyph16_U0079,glyph16,cap5000-app200000,5000,200000,1693,-,class_cap,1,3917,4808,1842,shared,157720,977,700,7712,3110,210,24,437,449,0,103,0,0.0000011920928955078125,0,13.652,6.120,12.443,2.61,8ecdc098
glyph16_U007A,glyph16,cap5000-app200000,5000,200000,267,-,class_cap,3,9092,2847,407,tree_cheaper,11148,283,120,1312,401,64,7,56,72,0,20,0,0.000003337860107421875,0,71.613,1.393,71.102,1.40,8ecdc098
glyph16_U007B,glyph16,cap5000-app200000,5000,200000,4101,-,class_cap,1,2970,4994,2672,shared,280960,2273,1826,18048,8048,487,56,1130,1145,0,189,0,0.0000013113021850585938,0,19.840,14.153,17.051,2.99,8ecdc098
glyph16_U007C,glyph16,cap5000-app200000,5000,200000,123,-,class_cap,5,15936,4327,518,tree_cheaper,12268,131,46,576,128,35,3,20,30,0,6,0,0.0000002980232238769531,0,272.819,0.841,272.348,2.20,8ecdc098
glyph16_U007D,glyph16,cap5000-app200000,5000,200000,4101,-,class_cap,1,2983,4994,2669,shared,283368,2273,1819,17936,8048,487,56,1133,1143,1,190,0,0.0000011920928955078125,0,19.938,13.133,16.544,2.99,8ecdc098
glyph16_U007E,glyph16,cap5000-app200000,5000,200000,3995,-,class_cap,1,3017,4983,2646,shared,286396,2083,1801,16048,8043,440,51,1061,1066,0,184,0,0,0,18.112,12.735,15.511,2.95,8ecdc098
glyph32_U0020,glyph32,cap5000-app200000,5000,200000,1,-,quiesced,1,0,1,1,tree_cheaper,4,1,1,164,0,1,0,0,0,0,0,0,0,0,0.234,0.207,0.012,0.00,8ecdc098
glyph32_U0021,glyph32,cap5000-app200000,5000,200000,267,-,class_cap,3,8771,2674,375,tree_cheaper,9768,283,105,1216,362,56,7,48,54,0,16,0,0,0,65.101,1.481,64.699,1.37,8ecdc098
glyph32_U0022,glyph32,cap5000-app200000,5000,200000,191,-,quiesced,7,17694,1642,151,tree_cheaper,2276,207,62,736,175,46,5,31,49,0,8,0,0,0,118.895,1.135,118.470,0.84,8ecdc098
glyph32_U0023,glyph32,cap5000-app200000,5000,200000,647,-,class_cap,2,5950,3379,737,tree_cheaper,37612,663,272,2528,1051,137,17,128,199,0,37,0,0.000002384185791015625,0,21.480,3.106,20.740,1.80,8ecdc098
glyph32_U0024,glyph32,cap5000-app200000,5000,200000,6151,-,class_cap,1,2184,5000,2952,shared,289592,3363,2740,27312,12119,744,83,1777,1777,1,265,0,0.0000029802322387695313,0,21.546,20.064,16.966,3.19,8ecdc098
glyph32_U0025,glyph32,cap5000-app200000,5000,200000,8791,-,class_cap,1,843,5000,4175,tree_cheaper,705624,4599,3921,36304,17484,3891,257,7522,9970,280,41,0,0.0000013113021850585938,0,25.507,79.252,18.178,3.73,8ecdc098
glyph32_U0026,glyph32,cap5000-app200000,5000,200000,7719,-,class_cap,1,1278,5000,3741,tree_cheaper,642792,4103,3509,33120,15451,3471,225,7257,8809,242,39,0,0.000001728534698486328,0,23.250,69.580,17.034,3.61,8ecdc098
glyph32_U0027,glyph32,cap5000-app200000,5000,200000,123,-,quiesced,7,12774,1152,108,tree_cheaper,1208,131,46,592,124,33,3,18,28,0,6,0,0,0,71.996,0.739,71.658,0.64,8ecdc098
glyph32_U0028,glyph32,cap5000-app200000,5000,200000,1959,-,class_cap,1,3850,4862,2019,shared,185964,1031,761,7920,3417,210,25,490,490,0,93,0,0.0000006556510925292969,0,14.546,7.015,13.231,2.61,8ecdc098
glyph32_U0029,glyph32,cap5000-app200000,5000,200000,1777,-,class_cap,1,3932,4863,1901,shared,169444,953,692,7312,3119,197,23,448,448,0,89,0,0.0000011920928955078125,0,13.841,6.813,12.608,2.63,8ecdc098
glyph32_U002A,glyph32,cap5000-app200000,5000,200000,647,-,class_cap,2,6378,3765,878,tree_cheaper,44764,663,302,2976,1204,134,17,119,187,0,46,0,0.00000095367431640625,0,21.048,2.972,20.347,1.99,8ecdc098
glyph32_U002B,glyph32,cap5000-app200000,5000,200000,259,-,class_cap,5,18015,2289,250,tree_cheaper,5468,283,73,816,205,52,7,37,46,0,10,0,0,0,85.657,1.445,85.171,1.16,8ecdc098
glyph32_U002C,glyph32,cap5000-app200000,5000,200000,199,-,class_cap,4,13534,2553,275,tree_cheaper,5756,207,93,1104,314,51,5,43,58,0,15,0,0.000000476837158203125,0,68.528,1.245,68.102,1.30,8ecdc098
glyph32_U002D,glyph32,cap5000-app200000,5000,200000,123,-,quiesced,7,12610,1138,110,tree_cheaper,1232,131,47,624,124,33,3,18,28,0,6,0,0,0,67.039,0.959,66.708,0.59,8ecdc098
glyph32_U002E,glyph32,cap5000-app200000,5000,200000,123,-,class_cap,5,18246,3542,550,tree_cheaper,10960,131,43,544,120,33,3,18,28,0,6,0,0,0,191.812,0.955,191.383,1.68,8ecdc098
glyph32_U002F,glyph32,cap5000-app200000,5000,200000,131,-,class_cap,4,11709,2981,405,tree_cheaper,9632,131,66,864,222,35,3,28,34,0,11,0,0.0000019073486328125,0,87.386,0.804,86.961,1.40,8ecdc098
glyph32_U0030,glyph32,cap5000-app200000,5000,200000,5767,-,class_cap,1,2286,5000,2906,shared,376992,2983,2408,22336,10954,641,73,1607,1607,0,236,0,0.0000020265579223632813,0,21.534,17.263,17.524,3.23,8ecdc098
glyph32_U0031,glyph32,cap5000-app200000,5000,200000,301,-,class_cap,3,9593,3104,462,tree_cheaper,13408,321,133,1408,445,75,8,67,96,0,21,0,0.0000008344650268554688,0,79.652,1.633,79.111,1.46,8ecdc098
glyph32_U0032,glyph32,cap5000-app200000,5000,200000,3827,-,class_cap,1,3048,4992,2639,shared,263620,2043,1755,16112,7798,429,50,1015,1020,0,185,0,0.0000011920928955078125,0,18.763,12.189,16.443,2.94,8ecdc098
glyph32_U0033,glyph32,cap5000-app200000,5000,200000,5901,-,class_cap,1,2247,5000,2932,shared,373548,3097,2548,23216,11458,675,76,1662,1662,0,247,0,0.0000007152557373046875,0,21.122,18.144,17.004,3.26,8ecdc098
glyph32_U0034,glyph32,cap5000-app200000,5000,200000,335,-,class_cap,3,9777,3051,450,tree_cheaper,13660,359,129,1376,432,72,9,64,79,0,20,0,0.00000095367431640625,0,85.486,1.689,84.921,1.45,8ecdc098
glyph32_U0035,glyph32,cap5000-app200000,5000,200000,4031,-,class_cap,1,3018,4993,2640,shared,281000,2159,1787,16464,7952,457,53,1083,1093,0,187,0,0.00000286102294921875,0,19.991,12.740,17.260,2.96,8ecdc098
glyph32_U0036,glyph32,cap5000-app200000,5000,200000,5793,-,class_cap,1,2258,5000,2921,shared,369360,3021,2527,22464,11401,654,74,1627,1627,0,248,0,0.000002205371856689453,0,21.665,17.694,17.637,3.24,8ecdc098
glyph32_U0037,glyph32,cap5000-app200000,5000,200000,199,-,class_cap,4,15233,3534,487,tree_cheaper,12536,207,97,1152,330,53,5,45,60,0,19,0,0.00000095367431640625,0,166.903,1.223,166.399,1.70,8ecdc098
glyph32_U0038,glyph32,cap5000-app200000,5000,200000,7671,-,class_cap,1,1508,5000,3543,tree_cheaper,625984,3959,3325,30640,14789,3320,221,6494,8516,247,27,0,0.0000004172325134277344,0,23.687,74.419,17.688,3.57,8ecdc098
glyph32_U0039,glyph32,cap5000-app200000,5000,200000,5833,-,class_cap,1,2264,5000,2922,shared,370652,3021,2547,22272,11498,656,74,1631,1631,0,248,0,0.000003337860107421875,0,21.087,18.704,17.012,3.24,8ecdc098
glyph32_U003A,glyph32,cap5000-app200000,5000,200000,191,-,class_cap,4,12594,2762,371,tree_cheaper,8600,207,52,624,143,38,5,23,23,0,7,0,0,0,102.345,1.026,101.922,1.37,8ecdc098
glyph32_U003B,glyph32,cap5000-app200000,5000,200000,267,-,class_cap,3,8699,2710,362,tree_cheaper,9480,283,122,1392,413,65,7,57,81,0,18,0,0.000000476837158203125,0,48.735,1.455,48.380,1.37,8ecdc098
glyph32_U003C,glyph32,cap5000-app200000,5000,200000,309,-,class_cap,3,9174,3095,488,tree_cheaper,14300,321,156,1680,571,77,8,76,93,0,24,0,0.0000019073486328125,0,59.738,1.636,59.262,1.46,8ecdc098
glyph32_U003D,glyph32,cap5000-app200000,5000,200000,191,-,class_cap,4,11779,3764,691,tree_cheaper,16468,207,54,656,148,40,5,25,25,0,7,0,0,0,113.449,1.078,112.480,1.88,8ecdc098
glyph32_U003E,glyph32,cap5000-app200000,5000,200000,309,-,class_cap,3,9133,3088,493,tree_cheaper,14932,321,156,1664,571,77,8,76,92,0,24,0,0.0000021457672119140625,0,64.006,1.808,63.481,1.45,8ecdc098
glyph32_U003F,glyph32,cap5000-app200000,5000,200000,4159,-,class_cap,1,2890,4995,2715,shared,269600,2311,1879,18944,8267,499,57,1167,1167,3,196,0,0.0000030994415283203125,0,20.338,13.203,17.226,3.00,8ecdc098
glyph32_U0040,glyph32,cap5000-app200000,5000,200000,7803,-,class_cap,1,1378,5000,3665,tree_cheaper,639932,4111,3434,31968,15241,3420,227,6913,8713,251,32,0,0.0000006556510925292969,0,24.037,73.703,17.800,3.61,8ecdc098
glyph32_U0041,glyph32,cap5000-app200000,5000,200000,283,-,class_cap,3,9718,3699,575,tree_cheaper,18620,283,160,1760,633,71,7,77,95,0,23,0,0.00000095367431640625,0,88.195,1.475,87.629,1.86,8ecdc098
glyph32_U0042,glyph32,cap5000-app200000,5000,200000,3965,-,class_cap,1,3044,4990,2637,shared,264408,2121,1772,16176,7902,447,52,1067,1074,0,184,0,0.0000019073486328125,0,19.595,13.438,17.096,2.96,8ecdc098
glyph32_U0043,glyph32,cap5000-app200000,5000,200000,3963,-,class_cap,1,3023,4994,2636,shared,283268,2083,1770,16000,7954,438,51,1060,1060,0,184,0,0.00000095367431640625,0,19.436,13.089,16.880,2.95,8ecdc098
glyph32_U0044,glyph32,cap5000-app200000,5000,200000,2027,-,class_cap,1,3915,4870,2012,shared,198780,1107,812,8448,3644,230,27,519,524,0,103,0,0.0000007152557373046875,0,15.261,7.534,13.803,2.61,8ecdc098
glyph32_U0045,glyph32,cap5000-app200000,5000,200000,259,-,class_cap,4,15297,3532,497,tree_cheaper,13872,283,83,928,226,58,7,43,61,0,14,0,0,0,142.984,1.376,142.430,1.71,8ecdc098
glyph32_U0046,glyph32,cap5000-app200000,5000,200000,225,-,class_cap,4,14175,3185,433,tree_cheaper,11116,245,72,784,196,51,6,36,50,0,12,0,0,0,119.832,1.196,119.310,1.45,8ecdc098
glyph32_U0047,glyph32,cap5000-app200000,5000,200000,4031,-,class_cap,1,2983,4994,2660,shared,282724,2159,1801,17104,8009,461,53,1101,1101,0,186,0,0.00000196695327758789,0,19.302,12.990,16.329,2.97,8ecdc098
glyph32_U0048,glyph32,cap5000-app200000,5000,200000,259,-,class_cap,4,14394,3203,428,tree_cheaper,11336,283,68,752,195,52,7,37,46,0,10,0,0.000000476837158203125,0,121.972,1.357,121.436,1.46,8ecdc098
glyph32_U0049,glyph32,cap5000-app200000,5000,200000,259,-,class_cap,4,14631,3221,428,tree_cheaper,11316,283,70,768,201,52,7,37,46,0,10,0,0,0,136.713,1.344,136.146,1.46,8ecdc098
glyph32_U004A,glyph32,cap5000-app200000,5000,200000,2111,-,class_cap,1,3864,4876,2061,shared,188276,1183,861,8992,3799,248,29,548,553,0,104,0,0.0000004731118679046631,0,15.831,7.821,14.492,2.64,8ecdc098
glyph32_U004B,glyph32,cap5000-app200000,5000,200000,347,-,class_cap,3,10620,3750,581,tree_cheaper,19040,359,171,1792,649,83,9,82,105,0,27,0,0.000003814697265625,0,96.736,1.814,96.084,1.89,8ecdc098
glyph32_U004C,glyph32,cap5000-app200000,5000,200000,157,-,class_cap,4,12136,2669,356,tree_cheaper,8104,169,55,656,151,41,4,26,40,0,9,0,0,0,90.184,1.051,89.625,1.33,8ecdc098
glyph32_U004D,glyph32,cap5000-app200000,5000,200000,343,-,class_cap,3,10275,3654,558,tree_cheaper,17124,359,159,1680,594,83,9,82,112,0,23,0,0.00000095367431640625,0,85.540,1.833,84.971,1.87,8ecdc098
glyph32_U004E,glyph32,cap5000-app200000,5000,200000,267,-,class_cap,3,8669,2645,368,tree_cheaper,9820,283,104,1152,334,63,7,48,75,0,15,0,0.0000019073486328125,0,56.596,1.688,56.125,1.36,8ecdc098
glyph32_U004F,glyph32,cap5000-app200000,5000,200000,3863,-,class_cap,1,3153,4991,2585,shared,278004,2007,1685,15456,7581,412,49,1012,1012,0,180,0,0.000003695487976074219,0,19.230,12.332,16.860,2.87,8ecdc098
glyph32_U0050,glyph32,cap5000-app200000,5000,200000,2061,-,class_cap,1,3899,4874,2030,shared,199716,1145,828,8560,3683,236,28,523,530,0,104,0,0.000002205371856689453,0,15.454,7.769,14.005,2.62,8ecdc098
glyph32_U0051,glyph32,cap5000-app200000,5000,200000,4461,-,class_cap,1,2783,4998,2739,shared,296164,2365,1931,17888,8708,508,58,1237,1237,0,197,0,0.000001430511474609375,0,20.077,14.114,17.121,3.02,8ecdc098
glyph32_U0052,glyph32,cap5000-app200000,5000,200000,3105,-,class_cap,1,3235,4972,2477,shared,235860,1709,1445,13712,6383,350,42,785,804,0,168,0,0.000001430511474609375,0,18.358,10.352,16.309,2.79,8ecdc098
glyph32_U0053,glyph32,cap5000-app200000,5000,200000,5943,-,class_cap,1,2225,5000,2942,shared,293172,3135,2623,23920,11756,686,77,1680,1680,0,254,0,0.0000021457672119140625,0,22.111,18.530,17.856,3.24,8ecdc098
glyph32_U0054,glyph32,cap5000-app200000,5000,200000,191,-,class_cap,4,13286,2882,373,tree_cheaper,8628,207,62,704,178,47,5,32,50,0,9,0,0,0,109.558,1.069,109.059,1.39,8ecdc098
glyph32_U0055,glyph32,cap5000-app200000,5000,200000,4031,-,class_cap,1,3049,4991,2644,shared,289088,2159,1758,16672,7838,450,53,1064,1078,10,183,0,0.000002384185791015625,0,19.578,12.841,16.996,2.96,8ecdc098
glyph32_U0056,glyph32,cap5000-app200000,5000,200000,207,-,class_cap,3,8160,2821,398,tree_cheaper,11088,207,114,1328,437,53,5,52,64,0,20,0,0.00000095367431640625,0,58.768,1.181,58.233,1.38,8ecdc098
glyph32_U0057,glyph32,cap5000-app200000,5000,200000,359,-,class_cap,3,10887,3864,611,tree_cheaper,17848,359,194,2128,796,89,9,104,128,0,32,0,0.000001430511474609375,0,136.392,2.085,135.814,1.89,8ecdc098
glyph32_U0058,glyph32,cap5000-app200000,5000,200000,359,-,class_cap,3,10197,4050,720,tree_cheaper,25924,359,205,2128,842,87,9,86,122,0,36,0,0.0000019073486328125,0,108.254,1.833,107.704,1.94,8ecdc098
glyph32_U0059,glyph32,cap5000-app200000,5000,200000,275,-,class_cap,3,9522,3253,488,tree_cheaper,13852,283,140,1520,534,69,7,68,89,0,20,0,0.00000095367431640625,0,76.308,1.489,75.808,1.67,8ecdc098
glyph32_U005A,glyph32,cap5000-app200000,5000,200000,267,-,class_cap,3,9221,2922,418,tree_cheaper,11368,283,126,1360,420,68,7,60,84,0,21,0,0.000002384185791015625,0,72.826,1.439,72.358,1.41,8ecdc098
glyph32_U005B,glyph32,cap5000-app200000,5000,200000,191,-,quiesced,7,16687,1527,152,tree_cheaper,2372,207,64,752,170,44,5,29,39,0,10,0,0,0,101.789,1.222,101.354,0.71,8ecdc098
glyph32_U005C,glyph32,cap5000-app200000,5000,200000,131,-,class_cap,4,11752,2957,398,tree_cheaper,9460,131,70,912,230,35,3,28,34,0,11,0,0.00000095367431640625,0,90.581,0.849,90.085,1.39,8ecdc098
glyph32_U005D,glyph32,cap5000-app200000,5000,200000,191,-,quiesced,7,16993,1558,153,tree_cheaper,2360,207,65,752,175,45,5,30,39,0,10,0,0,0,117.358,1.088,116.948,0.72,8ecdc098
glyph32_U005E,glyph32,cap5000-app200000,5000,200000,207,-,class_cap,3,8188,3207,530,tree_cheaper,15384,207,117,1376,441,53,5,52,64,0,20,0,0.00000095367431640625,0,45.637,1.208,45.195,1.47,8ecdc098
glyph32_U005F,glyph32,cap5000-app200000,5000,200000,123,-,class_cap,5,17277,3085,434,tree_cheaper,9500,131,44,576,115,31,3,18,28,0,5,0,0.000001728534698486328,0,224.046,0.783,223.653,1.40,8ecdc098
glyph32_U0060,glyph32,cap5000-app200000,5000,200000,131,-,class_cap,4,12657,3671,679,tree_cheaper,13440,131,74,960,240,35,3,28,34,0,11,0,0.00000286102294921875,0,69.687,0.870,69.270,1.84,8ecdc098
glyph32_U0061,glyph32,cap5000-app200000,5000,200000,5517,-,class_cap,1,2274,5000,2907,shared,367152,2929,2393,22416,10690,642,72,1560,1560,0,234,0,0.0000012814998626708984,0,20.825,17.563,16.886,3.21,8ecdc098
glyph32_U0062,glyph32,cap5000-app200000,5000,200000,3981,-,class_cap,1,3026,4992,2640,shared,281268,2121,1779,16304,7964,448,52,1076,1076,0,188,0,0.000001430511474609375,0,19.575,13.367,16.944,2.96,8ecdc098
glyph32_U0063,glyph32,cap5000-app200000,5000,200000,3963,-,class_cap,1,3016,4994,2639,shared,282700,2083,1773,16048,7956,439,51,1063,1063,0,185,0,0.0000016689300537109375,0,19.743,13.052,16.804,2.95,8ecdc098
glyph32_U0064,glyph32,cap5000-app200000,5000,200000,3981,-,class_cap,1,3029,4989,2632,shared,279404,2121,1770,15920,7934,445,52,1057,1068,0,184,0,0.0000011920928955078125,0,20.277,12.392,17.655,2.96,8ecdc098
glyph32_U0065,glyph32,cap5000-app200000,5000,200000,4035,-,class_cap,1,2965,4993,2660,shared,282724,2159,1818,16512,8086,458,53,1081,1096,0,186,0,0.0000011920928955078125,0,20.163,13.253,17.176,2.97,8ecdc098
glyph32_U0066,glyph32,cap5000-app200000,5000,200000,1245,-,class_cap,2,6766,4781,1109,shared,82460,809,447,4944,1821,161,20,299,307,0,48,0,0.00000005960464477539064,0,88.177,5.282,87.157,2.48,8ecdc098
glyph32_U0067,glyph32,cap5000-app200000,5000,200000,5969,-,class_cap,1,2275,5000,2914,shared,369424,3173,2569,24320,11540,694,78,1694,1694,0,253,0,0.0000016689300537109375,0,22.160,18.893,17.668,3.27,8ecdc098
glyph32_U0068,glyph32,cap5000-app200000,5000,200000,2145,-,class_cap,1,3873,4881,2052,shared,173920,1221,875,8992,3882,251,30,545,554,0,112,0,0.0000024437904357910156,0,16.029,8.197,14.196,2.64,8ecdc098
glyph32_U0069,glyph32,cap5000-app200000,5000,200000,293,-,class_cap,4,16090,3725,527,tree_cheaper,15424,321,87,992,242,61,8,46,60,0,13,0,0,0,180.498,1.536,179.960,1.86,8ecdc098
glyph32_U006A,glyph32,cap5000-app200000,5000,200000,1211,-,class_cap,2,6745,4718,1083,shared,82636,771,450,5024,1828,159,19,303,309,0,49,0,0.0000010728836059570313,0,48.090,4.458,47.146,2.45,8ecdc098
glyph32_U006B,glyph32,cap5000-app200000,5000,200000,347,-,class_cap,3,10682,3764,584,tree_cheaper,19072,359,174,1840,653,84,9,83,106,0,28,0,0.0000019073486328125,0,99.213,1.767,98.660,1.89,8ecdc098
glyph32_U006C,glyph32,cap5000-app200000,5000,200000,1143,-,class_cap,2,6691,4789,1067,shared,75932,695,432,4896,1773,150,17,294,304,0,47,0,0.0000001788139343261719,0,61.635,4.551,60.652,2.47,8ecdc098
glyph32_U006D,glyph32,cap5000-app200000,5000,200000,4133,-,class_cap,1,3053,4992,2614,shared,264376,2273,1741,17248,7748,468,56,1078,1091,23,181,0,0.0000019073486328125,0,19.986,14.020,17.113,2.98,8ecdc098
glyph32_U006E,glyph32,cap5000-app200000,5000,200000,2145,-,class_cap,1,3872,4882,2053,shared,173888,1221,876,9008,3882,251,30,545,554,0,112,0,0.000000476837158203125,0,15.676,7.934,14.220,2.64,8ecdc098
glyph32_U006F,glyph32,cap5000-app200000,5000,200000,3863,-,class_cap,1,3231,4994,2545,shared,274856,2007,1632,15904,7358,410,49,1010,1010,17,177,0,0.0000026226043701171875,0,19.383,11.853,16.926,2.87,8ecdc098
glyph32_U0070,glyph32,cap5000-app200000,5000,200000,3981,-,class_cap,1,3035,4989,2627,shared,278948,2121,1770,16000,7954,444,52,1063,1067,0,185,0,0.000001430511474609375,0,19.491,12.257,16.740,2.96,8ecdc098
glyph32_U0071,glyph32,cap5000-app200000,5000,200000,3981,-,class_cap,1,3030,4992,2638,shared,281344,2121,1765,16176,7926,449,52,1077,1077,0,185,0,0.0000028312206268310547,0,18.655,13.051,16.116,2.96,8ecdc098
glyph32_U0072,glyph32,cap5000-app200000,5000,200000,2127,-,class_cap,1,3860,4883,2059,shared,174756,1183,879,8960,3883,243,29,532,541,0,110,0,0.000005066394805908203,0,14.636,8.032,13.302,2.64,8ecdc098
glyph32_U0073,glyph32,cap5000-app200000,5000,200000,5739,-,class_cap,1,2234,5000,2942,shared,367712,3051,2526,23488,11279,670,75,1631,1631,0,247,0,0.0000008344650268554688,0,21.436,19.322,17.260,3.24,8ecdc098
glyph32_U0074,glyph32,cap5000-app200000,5000,200000,1245,-,class_cap,2,6723,4784,1103,shared,81604,809,441,4912,1798,160,20,298,306,0,47,0,0.0000002384185791015625,0,74.627,5.141,73.365,2.48,8ecdc098
glyph32_U0075,glyph32,cap5000-app200000,5000,200000,2145,-,class_cap,1,3868,4877,2058,shared,188680,1221,864,8832,3815,252,30,540,556,0,105,0,0.000000476837158203125,0,15.804,7.892,14.383,2.64,8ecdc098
glyph32_U0076,glyph32,cap5000-app200000,5000,200000,207,-,class_cap,3,8160,2821,398,tree_cheaper,11088,207,114,1328,437,53,5,52,64,0,20,0,0.00000095367431640625,0,60.981,1.149,60.509,1.38,8ecdc098
glyph32_U0077,glyph32,cap5000-app200000,5000,200000,359,-,class_cap,3,10514,3688,573,tree_cheaper,17924,359,193,2144,791,87,9,102,126,0,30,0,0.000001430511474609375,0,107.688,1.821,107.151,1.86,8ecdc098
glyph32_U0078,glyph32,cap5000-app200000,5000,200000,359,-,class_cap,3,10180,4081,719,tree_cheaper,25772,359,200,2064,828,86,9,85,120,0,35,0,0.0000015497207641601563,0,105.613,1.889,104.973,1.94,8ecdc098
glyph32_U0079,glyph32,cap5000-app200000,5000,200000,1693,-,class_cap,1,3917,4808,1842,shared,157720,977,700,7712,3110,210,24,437,449,0,103,0,0.0000014901161193847656,0,13.800,6.339,12.566,2.61,8ecdc098
glyph32_U007A,glyph32,cap5000-app200000,5000,200000,267,-,class_cap,3,9092,2847,407,tree_cheaper,11148,283,120,1312,401,64,7,56,72,0,20,0,0.0000002384185791015625,0,72.344,1.445,71.801,1.40,8ecdc098
glyph32_U007B,glyph32,cap5000-app200000,5000,200000,4101,-,class_cap,1,2970,4994,2672,shared,280960,2273,1826,18048,8048,487,56,1130,1145,0,189,0,0.0000011920928955078125,0,19.928,13.946,17.168,2.99,8ecdc098
glyph32_U007C,glyph32,cap5000-app200000,5000,200000,123,-,class_cap,5,15936,4327,518,tree_cheaper,12268,131,46,576,128,35,3,20,30,0,6,0,0,0,276.422,0.840,275.918,2.20,8ecdc098
glyph32_U007D,glyph32,cap5000-app200000,5000,200000,4101,-,class_cap,1,2983,4994,2669,shared,283368,2273,1819,17936,8048,487,56,1133,1143,1,190,0,0.0000018477439880371096,0,19.897,13.775,17.139,2.99,8ecdc098
glyph32_U007E,glyph32,cap5000-app200000,5000,200000,3995,-,class_cap,1,3017,4983,2646,shared,286396,2083,1801,16048,8043,440,51,1061,1066,0,184,0,0.00000095367431640625,0,19.214,13.302,16.640,2.95,8ecdc098
psychedelic_packed,psychedelic,cap5000-app200000,5000,200000,1246,-,class_cap,3,7328,4670,1263,tree_cheaper,45224,1246,112,2368,825,127,1,29,30,0,13,0,0,0,19.853,1.216,19.154,2.32,8ecdc098
shader_cosine_palette,shader,cap5000-app200000,5000,200000,40,-,class_cap,4,7099,4611,1308,tree_cheaper,59288,40,25,1232,292,133,3,99,102,0,1,0,0,0,19.321,0.992,18.813,2.33,8ecdc098
shader_smooth_min_scene,shader,cap5000-app200000,5000,200000,43,-,class_cap,8,30052,2609,234,tree_cheaper,5456,43,39,448,132,34,0,0,0,0,2,0,0,0,56.210,0.329,55.864,1.26,8ecdc098
shader_mandelbrot_distance,shader,cap5000-app200000,5000,200000,152,-,class_cap,4,15340,3675,415,shared,16048,152,96,1408,518,141,19,12,43,0,4,0,0,0,31.727,3.557,31.323,1.80,8ecdc098
shader_star_sdf,shader,cap5000-app200000,5000,200000,66,-,class_cap,4,7717,3878,638,tree_cheaper,48548,66,58,640,172,56,1,0,2,0,2,0,0,0,16.434,0.467,16.047,1.89,8ecdc098
shader_gyroid_slice,shader,cap5000-app200000,5000,200000,40,-,quiesced,9,4675,775,102,tree_cheaper,1520,40,33,2768,932,163,4,124,128,0,8,0,0,0,12.684,1.904,12.424,0.35,8ecdc098
shader_plasma,shader,cap5000-app200000,5000,200000,37,-,class_cap,4,5981,3439,591,tree_cheaper,42332,37,29,1376,359,122,3,87,90,0,4,0,0,0,12.253,1.044,11.917,1.49,8ecdc098
shader_domain_warp_fbm,shader,cap5000-app200000,5000,200000,84,-,class_cap,3,6948,4591,1244,tree_cheaper,112556,84,63,1712,457,186,4,116,120,0,5,0,0,0,19.531,1.549,19.081,2.31,8ecdc098
shader_kaleidoscope_fold,shader,cap5000-app200000,5000,200000,46,-,quiesced,5,319,131,57,tree_cheaper,412,46,40,2032,560,238,10,156,174,0,8,0,0.000006109476089477539,0,1.355,3.215,1.167,0.09,8ecdc098
shader_metaballs,shader,cap5000-app200000,5000,200000,62,-,class_cap,4,10074,2584,286,shared,7632,62,50,480,155,43,1,0,0,0,3,0,0,0,52.796,0.540,52.386,1.30,8ecdc098
shader_julia_set,shader,cap5000-app200000,5000,200000,122,-,class_cap,5,14158,4535,819,tree_cheaper,32664,122,123,2064,717,210,14,58,67,0,5,0,0,0,30.662,3.717,30.200,2.28,8ecdc098
shader_smoothstep_vignette,shader,cap5000-app200000,5000,200000,64,-,quiesced,5,1074,283,82,tree_cheaper,1064,64,49,544,194,41,0,0,0,0,7,0,0.0000012069940567016602,0,3.368,0.331,3.119,0.15,8ecdc098
shader_torus_slice,shader,cap5000-app200000,5000,200000,38,-,class_cap,8,15310,2750,205,shared,5560,38,31,368,130,25,0,0,0,0,3,0,0,0,28.488,0.336,28.135,1.29,8ecdc098
cellgrid_80x24_d2,cellgrid,cap50000-app200000,50000,200000,667,-,class_cap,4,70275,44441,8233,shared,1889060,667,117,2560,427,217,0,0,0,5,19,0,0,0,141.316,0.633,139.607,21.74,8ecdc098
chrome_packed,chrome,cap50000-app200000,50000,200000,390815,-,class_cap,3,78903,46074,10256,shared,267784,335411,518,4000,2214,512,17,824,828,33,4,0,0,0,2473.519,5.943,2320.669,43.16,8ecdc098
chrome_R,chrome_channel,cap50000-app200000,50000,200000,133101,-,class_cap,3,77581,45777,10205,shared,259756,114633,428,3232,2002,425,9,657,661,34,3,0,0.000018477439880371097,0,2547.740,3.511,2506.587,28.96,8ecdc098
psychedelic_packed,psychedelic,cap50000-app200000,50000,200000,1246,-,class_cap,5,103075,47130,7712,tree_cheaper,156696,1246,111,2352,829,127,1,29,30,0,12,0,0,0,247.570,1.042,243.760,21.63,8ecdc098
shader_cosine_palette,shader,cap50000-app200000,50000,200000,40,-,class_cap,5,70818,43848,8882,tree_cheaper,443724,40,25,1232,292,133,3,99,102,0,1,0,0,0,204.000,0.969,201.969,21.36,3f714e09
shader_smooth_min_scene,shader,cap50000-app200000,50000,200000,43,-,application_budget,20,200000,7828,412,tree_cheaper,13476,43,39,448,132,34,0,0,0,0,2,0,0,0,530.591,0.387,530.022,3.79,3f714e09
shader_mandelbrot_distance,shader,cap50000-app200000,50000,200000,152,-,quiesced,8,96495,6287,237,tree_cheaper,6208,152,115,1616,595,160,19,31,57,0,5,0,0,0,4826.531,4.299,4825.922,2.73,3f714e09
shader_star_sdf,shader,cap50000-app200000,50000,200000,66,-,class_cap,6,75810,36782,4760,tree_cheaper,926076,66,58,640,172,56,1,0,2,0,2,0,0,0,137.667,0.501,136.347,18.59,3f714e09
shader_gyroid_slice,shader,cap50000-app200000,50000,200000,40,-,quiesced,9,4675,775,102,tree_cheaper,1520,40,33,2768,932,163,4,124,128,0,8,0,0,0,12.466,1.878,12.234,0.35,3f714e09
shader_plasma,shader,cap50000-app200000,50000,200000,37,-,class_cap,8,118426,29370,2197,tree_cheaper,243468,37,29,1376,359,122,3,87,90,0,4,0,0,0,196.620,1.125,195.407,14.41,3f714e09
shader_domain_warp_fbm,shader,cap50000-app200000,50000,200000,84,-,class_cap,4,63413,44384,10173,tree_cheaper,821484,84,59,1680,439,182,4,116,120,0,5,0,0,0,146.784,1.460,145.104,21.82,3f714e09
shader_kaleidoscope_fold,shader,cap50000-app200000,50000,200000,46,-,quiesced,5,319,131,57,tree_cheaper,412,46,40,2032,560,238,10,156,174,0,8,0,0.000006109476089477539,0,1.353,3.283,1.127,0.09,3f714e09
shader_metaballs,shader,cap50000-app200000,50000,200000,62,-,class_cap,7,115282,33876,4530,tree_cheaper,56040,62,75,624,255,49,1,0,0,0,4,0,0,0,13372.432,0.596,13371.024,17.62,3f714e09
shader_julia_set,shader,cap50000-app200000,50000,200000,122,-,class_cap,6,68429,34749,4499,shared,298348,122,170,2368,904,255,14,107,111,0,8,0,0,0,810.237,5.066,808.846,18.17,3f714e09
shader_smoothstep_vignette,shader,cap50000-app200000,50000,200000,64,-,quiesced,5,1074,283,82,tree_cheaper,1064,64,49,544,194,41,0,0,0,0,7,0,0.0000012069940567016602,0,3.332,0.384,3.075,0.15,3f714e09
shader_torus_slice,shader,cap50000-app200000,50000,200000,38,-,quiesced,15,28932,3005,198,shared,5336,38,31,368,130,25,0,0,0,0,3,0,0,0,113.607,0.391,113.219,1.33,3f714e09
cellgrid_80x24_d2,cellgrid,cap50000-app2000000,50000,2000000,667,-,class_cap,4,70275,44441,8233,shared,1889060,667,117,2560,427,217,0,0,0,5,19,0,0,0,142.735,0.782,140.413,21.74,8ecdc098
chrome_packed,chrome,cap50000-app2000000,50000,2000000,390815,-,class_cap,3,78903,46074,10256,shared,267784,335411,518,4000,2214,512,17,824,828,33,4,0,0,0,2456.772,5.344,2299.413,43.16,8ecdc098
chrome_R,chrome_channel,cap50000-app2000000,50000,2000000,133101,-,class_cap,3,77581,45777,10205,shared,259756,114633,428,3232,2002,425,9,657,661,34,3,0,0.000018477439880371097,0,2504.338,3.750,2464.964,28.96,8ecdc098
glyph16_U0020,glyph16,cap50000-app2000000,50000,2000000,1,-,quiesced,1,0,1,1,tree_cheaper,4,1,1,164,0,1,0,0,0,0,0,0,0,0,0.520,0.283,0.024,0.00,3f714e09
glyph16_U0021,glyph16,cap50000-app2000000,50000,2000000,267,-,class_cap,7,155506,35326,5462,tree_cheaper,171308,283,86,960,256,54,7,39,48,0,13,0,0.00000095367431640625,0,64635.406,1.452,64633.640,17.80,3f714e09
glyph16_U0022,glyph16,cap50000-app2000000,50000,2000000,191,-,quiesced,7,17694,1642,151,tree_cheaper,2276,207,62,736,175,46,5,31,49,0,8,0,0.000000476837158203125,0,118.467,1.100,117.814,0.84,3f714e09
glyph16_U0023,glyph16,cap50000-app2000000,50000,2000000,647,-,class_cap,6,145745,28382,3450,tree_cheaper,409740,663,240,2672,814,142,17,134,201,2,42,0,0.0000019073486328125,0,28186.615,3.526,28185.059,13.43,3f714e09
glyph16_U0024,glyph16,cap50000-app2000000,50000,2000000,6151,-,class_cap,2,63264,45045,12932,shared,1438896,3363,2434,23680,10573,614,83,1055,1424,1,288,0,0.000002473592758178711,0,541.398,19.836,535.146,20.69,3f714e09
glyph16_U0025,glyph16,cap50000-app2000000,50000,2000000,8791,-,class_cap,2,61044,48083,12745,shared,1200288,4599,3299,36720,14650,921,113,2251,2263,0,339,0,0.0000019222497940063477,0,6465.086,30.211,6455.558,23.08,3f714e09
glyph16_U0026,glyph16,cap50000-app2000000,50000,2000000,7719,-,class_cap,2,63610,46753,12747,shared,1352296,4103,2823,32208,12437,828,101,1980,2002,0,302,0,0.0000020265579223632813,0,2130.174,22.846,2122.651,22.74,3f714e09
glyph16_U0027,glyph16,cap50000-app2000000,50000,2000000,123,-,quiesced,7,12774,1153,108,tree_cheaper,1208,131,46,592,124,33,3,18,28,0,6,0,0.00000095367431640625,0,72.697,1.069,72.258,0.64,3f714e09
glyph16_U0028,glyph16,cap50000-app2000000,50000,2000000,1959,-,class_cap,3,84616,45143,8990,shared,548168,1031,951,8400,4058,192,25,329,441,0,78,0,0.0000011920928955078125,0,444.613,8.217,442.016,21.56,3f714e09
glyph16_U0029,glyph16,cap50000-app2000000,50000,2000000,1777,-,class_cap,3,82466,44620,9056,shared,508072,953,898,7936,3828,180,23,298,403,0,81,0,0.0000013187527656555176,0,394.259,6.512,391.151,21.47,3f714e09
glyph16_U002A,glyph16,cap50000-app2000000,50000,2000000,647,-,class_cap,7,160465,21796,2703,tree_cheaper,540552,663,275,3200,967,142,17,155,197,3,55,0,0.0000026226043701171875,0,2091.968,3.029,2090.475,10.54,3f714e09
glyph16_U002B,glyph16,cap50000-app2000000,50000,2000000,259,-,class_cap,91,1449603,28745,611,tree_cheaper,14768,283,73,816,205,52,7,37,46,0,10,0,0.000000476837158203125,0,13945.296,1.379,13944.041,13.91,3f714e09
glyph16_U002C,glyph16,cap50000-app2000000,50000,2000000,199,-,quiesced,7,28182,2752,268,tree_cheaper,5252,207,88,1072,276,51,5,43,58,0,15,0,0.0000011920928955078125,0,188.754,1.282,188.295,1.33,3f714e09
glyph16_U002D,glyph16,cap50000-app2000000,50000,2000000,123,-,quiesced,7,12610,1138,110,tree_cheaper,1232,131,47,624,124,33,3,18,28,0,6,0,0.0000019073486328125,0,67.730,0.841,67.189,0.59,3f714e09
glyph16_U002E,glyph16,cap50000-app2000000,50000,2000000,123,-,class_cap,7,109098,28521,4001,tree_cheaper,96848,131,43,544,120,33,3,18,28,0,6,0,0.0000019073486328125,0,22034.250,0.775,22033.134,13.38,3f714e09
glyph16_U002F,glyph16,cap50000-app2000000,50000,2000000,131,-,class_cap,8,155712,39721,5649,tree_cheaper,187660,131,61,816,184,35,3,28,34,0,11,0,0.000000476837158203125,0,9673.106,0.882,9671.451,20.10,3f714e09
glyph16_U0030,glyph16,cap50000-app2000000,50000,2000000,5767,-,class_cap,2,65425,44726,11597,shared,1074312,2983,2207,19728,9944,541,73,982,1318,2,231,0,0.000001132488250732422,0,2794.288,15.956,2788.560,22.06,3f714e09
glyph16_U0031,glyph16,cap50000-app2000000,50000,2000000,301,-,class_cap,7,169073,35154,5032,tree_cheaper,141692,321,116,1296,359,75,8,67,96,0,22,0,0.0000011920928955078125,0,43961.387,1.673,43959.068,17.63,3f714e09
glyph16_U0032,glyph16,cap50000-app2000000,50000,2000000,3827,-,class_cap,2,57445,40854,9877,shared,947332,2043,1449,13968,6366,378,50,648,877,0,191,0,0.0000007152557373046875,0,540.616,12.453,536.332,19.75,3f714e09
glyph16_U0033,glyph16,cap50000-app2000000,50000,2000000,5901,-,class_cap,2,64930,44817,11936,shared,1161900,3097,2364,21536,10512,569,76,1010,1361,6,245,0,0.0000010728836059570313,0,2294.012,19.197,2288.150,22.15,3f714e09
glyph16_U0034,glyph16,cap50000-app2000000,50000,2000000,335,-,class_cap,7,167621,35135,5004,tree_cheaper,164432,359,113,1312,350,72,9,64,79,0,21,0,0.0000015497207641601563,0,40398.133,1.734,40396.472,17.64,3f714e09
glyph16_U0035,glyph16,cap50000-app2000000,50000,2000000,4031,-,class_cap,2,60839,42245,9774,shared,940032,2159,1506,14608,6662,399,53,688,930,0,177,0,0.0000018477439880371096,0,870.828,13.704,866.888,20.04,3f714e09
glyph16_U0036,glyph16,cap50000-app2000000,50000,2000000,5793,-,class_cap,2,65289,44734,11814,shared,1260180,3021,2230,19840,9899,552,74,993,1334,0,246,0,0.000002466142177581787,0,2585.562,15.776,2580.086,22.07,3f714e09
glyph16_U0037,glyph16,cap50000-app2000000,50000,2000000,199,-,class_cap,7,143723,34635,5690,tree_cheaper,172572,207,87,1056,272,53,5,45,60,0,17,0,0.000000476837158203125,0,51715.069,1.927,51713.624,17.62,3f714e09
glyph16_U0038,glyph16,cap50000-app2000000,50000,2000000,7671,-,class_cap,2,63747,46891,12642,shared,1235028,3959,2730,29328,12265,784,97,1952,1952,0,289,0,0.000002205371856689453,0,4060.024,21.034,4052.076,22.73,3f714e09
glyph16_U0039,glyph16,cap50000-app2000000,50000,2000000,5833,-,class_cap,2,65062,44905,11817,shared,1107572,3021,2401,21200,10708,554,74,995,1338,0,233,0,0.000002574175596237182,0,3054.568,16.137,3049.345,22.12,3f714e09
glyph16_U003A,glyph16,cap50000-app2000000,50000,2000000,191,-,class_cap,7,128927,34429,5474,tree_cheaper,127368,207,52,624,143,38,5,23,23,0,7,0,0.000000476837158203125,0,26176.051,1.064,26174.721,17.54,3f714e09
glyph16_U003B,glyph16,cap50000-app2000000,50000,2000000,267,-,quiesced,12,49487,3722,363,tree_cheaper,8848,283,108,1312,334,65,7,57,81,0,18,0,0.000000476837158203125,0,535.299,1.469,534.676,1.82,3f714e09
glyph16_U003C,glyph16,cap50000-app2000000,50000,2000000,309,-,quiesced,17,58193,5722,540,tree_cheaper,17372,321,143,1712,462,77,8,76,93,2,28,0,0.0000014901161193847656,0,1297.018,1.559,1296.307,2.66,3f714e09
glyph16_U003D,glyph16,cap50000-app2000000,50000,2000000,191,-,class_cap,6,97729,27004,2759,tree_cheaper,87596,207,54,656,148,40,5,25,25,0,7,0,0,0,7247.978,1.173,7246.573,11.38,3f714e09
glyph16_U003E,glyph16,cap50000-app2000000,50000,2000000,309,-,quiesced,17,58222,5726,545,tree_cheaper,17496,321,143,1712,462,77,8,76,92,0,28,0,0.0000013113021850585938,0,1404.278,1.865,1403.394,2.66,3f714e09
glyph16_U003F,glyph16,cap50000-app2000000,50000,2000000,4159,-,class_cap,2,60028,42614,10301,shared,962388,2311,1650,16160,7226,427,57,716,970,3,194,0,0.0000012516975402832031,0,734.948,14.120,729.966,20.15,3f714e09
glyph16_U0040,glyph16,cap50000-app2000000,50000,2000000,7803,-,class_cap,2,64657,46744,12064,shared,1164808,4111,2839,31200,12677,818,101,1986,2001,0,300,0,0.0000018477439880371096,0,5508.256,25.706,5500.860,22.68,3f714e09
glyph16_U0041,glyph16,cap50000-app2000000,50000,2000000,283,-,class_cap,7,172096,28741,2976,tree_cheaper,104520,283,128,1536,403,67,7,59,83,0,23,0,0.000001430511474609375,0,50575.849,1.652,50573.986,14.10,3f714e09
glyph16_U0042,glyph16,cap50000-app2000000,50000,2000000,3965,-,class_cap,2,58760,40974,9726,shared,948880,2121,1488,14560,6559,389,52,678,910,0,184,0,0.0000014901161193847656,0,868.070,12.468,864.171,19.78,3f714e09
glyph16_U0043,glyph16,cap50000-app2000000,50000,2000000,3963,-,class_cap,2,59308,41216,9768,shared,945240,2083,1514,13984,6781,379,51,668,892,0,177,0,0.0000018477439880371096,0,752.432,12.067,748.418,19.87,3f714e09
glyph16_U0044,glyph16,cap50000-app2000000,50000,2000000,2027,-,class_cap,3,90857,45337,8316,shared,249472,1107,984,8880,4263,209,27,346,468,0,79,0,0.000002562999725341797,0,2586.706,7.404,2584.160,21.58,3f714e09
glyph16_U0045,glyph16,cap50000-app2000000,50000,2000000,259,-,class_cap,7,147424,34765,5641,tree_cheaper,153584,283,83,928,226,58,7,43,61,0,14,0,0.00000095367431640625,0,38227.506,1.591,38225.659,17.68,3f714e09
glyph16_U0046,glyph16,cap50000-app2000000,50000,2000000,225,-,class_cap,7,140027,34637,5566,tree_cheaper,133460,245,72,784,196,51,6,36,50,0,12,0,0.0000011920928955078125,0,34161.811,1.575,34160.348,17.60,3f714e09
glyph16_U0047,glyph16,cap50000-app2000000,50000,2000000,4031,-,class_cap,2,59502,41150,9842,shared,984460,2159,1545,15040,6823,400,53,689,931,0,189,0,0.0000023245811462402344,0,819.749,13.758,815.561,19.83,3f714e09
glyph16_U0048,glyph16,cap50000-app2000000,50000,2000000,259,-,class_cap,7,138735,35131,5622,tree_cheaper,133272,283,68,752,195,52,7,37,46,0,10,0,0.00000095367431640625,0,31410.490,1.495,31408.469,17.68,3f714e09
glyph16_U0049,glyph16,cap50000-app2000000,50000,2000000,259,-,class_cap,7,139227,35088,5618,tree_cheaper,133944,283,70,768,201,52,7,37,46,0,10,0,0.00000095367431640625,0,31691.588,1.499,31690.235,17.67,3f714e09
glyph16_U004A,glyph16,cap50000-app2000000,50000,2000000,2111,-,class_cap,3,90355,45059,8185,shared,271088,1183,1022,9200,4373,228,29,365,496,2,84,0,0.000001430511474609375,0,1330.739,7.254,1327.945,21.51,3f714e09
glyph16_U004B,glyph16,cap50000-app2000000,50000,2000000,347,-,class_cap,7,190140,37540,4304,tree_cheaper,164472,359,148,1840,492,83,9,82,105,2,32,0,0.0000016689300537109375,0,76711.513,1.801,76709.454,19.55,3f714e09
glyph16_U004C,glyph16,cap50000-app2000000,50000,2000000,157,-,class_cap,7,121147,33004,5403,tree_cheaper,126820,169,55,656,151,41,4,26,40,0,9,0,0.00000095367431640625,0,19889.859,1.085,19888.431,17.31,3f714e09
glyph16_U004D,glyph16,cap50000-app2000000,50000,2000000,343,-,class_cap,7,185150,36609,4464,tree_cheaper,164864,359,137,1648,457,83,9,82,112,0,27,0,0.00000095367431640625,0,64471.180,1.763,64469.333,17.79,3f714e09
glyph16_U004E,glyph16,cap50000-app2000000,50000,2000000,267,-,class_cap,7,150140,35493,5804,tree_cheaper,185696,283,91,1056,280,63,7,48,75,0,15,0,0.000001430511474609375,0,52843.174,1.439,52840.946,17.82,3f714e09
glyph16_U004F,glyph16,cap50000-app2000000,50000,2000000,3863,-,class_cap,2,58683,40876,9738,shared,885236,2007,1431,13568,6406,366,49,655,879,0,183,0,0.00000196695327758789,0,1047.631,11.151,1043.987,19.79,3f714e09
glyph16_U0050,glyph16,cap50000-app2000000,50000,2000000,2061,-,class_cap,3,92007,44805,8100,shared,263008,1145,1017,9088,4390,212,28,349,467,0,80,0,0.0000023245811462402344,0,2651.865,23.941,2648.155,21.42,3f714e09
glyph16_U0051,glyph16,cap50000-app2000000,50000,2000000,4461,-,class_cap,2,63536,44263,10621,shared,893316,2365,1719,16176,7733,436,58,763,1032,0,201,0,0.0000019073486328125,0,2272.469,13.121,2268.194,22.16,3f714e09
glyph16_U0052,glyph16,cap50000-app2000000,50000,2000000,3105,-,class_cap,3,92671,46876,7898,shared,545256,1709,1274,12368,5417,317,42,530,714,0,125,0,0.00000095367431640625,0,3007.513,10.288,3003.862,21.98,3f714e09
glyph16_U0053,glyph16,cap50000-app2000000,50000,2000000,5943,-,class_cap,2,64377,44960,12201,shared,1302708,3135,2298,21088,10120,578,77,1019,1375,0,251,0,0.0000015832483768463137,0,1753.576,16.619,1748.314,20.62,3f714e09
glyph16_U0054,glyph16,cap50000-app2000000,50000,2000000,191,-,class_cap,7,127072,33863,5536,tree_cheaper,131068,207,62,704,178,47,5,32,50,0,9,0,0.000001430511474609375,0,24280.963,1.937,24279.368,17.46,3f714e09
glyph16_U0055,glyph16,cap50000-app2000000,50000,2000000,4031,-,class_cap,2,59335,42811,10146,shared,1061512,2159,1529,14848,6771,397,53,686,928,7,177,0,0.0000020265579223632813,0,445.692,16.656,439.333,20.16,3f714e09
glyph16_U0056,glyph16,cap50000-app2000000,50000,2000000,207,-,class_cap,8,210666,33115,3675,tree_cheaper,113644,207,93,1152,290,51,5,43,58,0,17,0,0.000003337860107421875,0,71051.317,1.267,71049.098,17.26,3f714e09
glyph16_U0057,glyph16,cap50000-app2000000,50000,2000000,359,-,class_cap,6,141881,33443,4944,tree_cheaper,160580,359,164,2032,538,87,9,95,122,0,30,0,0.000002384185791015625,0,43667.675,1.839,43666.179,17.33,3f714e09
glyph16_U0058,glyph16,cap50000-app2000000,50000,2000000,359,-,class_cap,7,196739,30736,3550,tree_cheaper,167772,359,175,2208,606,89,9,102,126,0,38,0,0.00000286102294921875,0,64196.759,1.755,64195.357,14.52,3f714e09
glyph16_U0059,glyph16,cap50000-app2000000,50000,2000000,275,-,class_cap,7,157181,33935,4537,tree_cheaper,165452,283,123,1504,410,69,7,68,89,0,24,0,0.000003337860107421875,0,85820.672,2.832,85818.731,17.45,3f714e09
glyph16_U005A,glyph16,cap50000-app2000000,50000,2000000,267,-,class_cap,7,161827,37101,5665,tree_cheaper,206316,283,110,1264,337,68,7,60,84,1,21,0,0.000001430511474609375,0,78952.510,1.491,78950.930,18.07,3f714e09
glyph16_U005B,glyph16,cap50000-app2000000,50000,2000000,191,-,quiesced,7,16687,1526,152,tree_cheaper,2372,207,64,752,170,44,5,29,39,0,10,0,0.000000476837158203125,0,99.661,1.083,99.248,0.71,3f714e09
glyph16_U005C,glyph16,cap50000-app2000000,50000,2000000,131,-,class_cap,8,155148,39811,5701,tree_cheaper,190540,131,65,864,192,35,3,28,34,0,11,0,0.000000476837158203125,0,9630.697,0.888,9629.083,20.31,3f714e09
glyph16_U005D,glyph16,cap50000-app2000000,50000,2000000,191,-,quiesced,7,16993,1557,153,tree_cheaper,2360,207,65,752,175,45,5,30,39,0,10,0,0.000000476837158203125,0,113.446,1.066,113.024,0.72,3f714e09
glyph16_U005E,glyph16,cap50000-app2000000,50000,2000000,207,-,class_cap,6,129907,42526,8286,tree_cheaper,150796,207,102,1280,333,53,5,52,64,0,20,0,0.000000476837158203125,0,12383.530,1.227,12381.617,21.00,3f714e09
glyph16_U005F,glyph16,cap50000-app2000000,50000,2000000,123,-,class_cap,11,268934,22922,1590,tree_cheaper,50832,131,44,576,115,31,3,18,28,0,5,0,0.00000286102294921875,0,56089.865,1.207,56088.502,10.50,3f714e09
glyph16_U0060,glyph16,cap50000-app2000000,50000,2000000,131,-,class_cap,6,108523,40443,8376,tree_cheaper,171396,131,66,896,192,35,3,28,34,0,11,0,0.0000007152557373046875,0,7187.976,0.890,7186.095,19.01,3f714e09
glyph16_U0061,glyph16,cap50000-app2000000,50000,2000000,5517,-,class_cap,2,64266,44829,11878,shared,1093224,2929,2266,20208,10017,534,72,937,1260,0,238,0,0.0000019371509552001953,0,2381.517,17.265,2375.717,22.09,3f714e09
glyph16_U0062,glyph16,cap50000-app2000000,50000,2000000,3981,-,class_cap,2,59649,41211,9701,shared,873128,2121,1581,14784,7076,388,52,677,907,0,178,0,0.0000021457672119140625,0,914.512,13.639,909.995,19.84,3f714e09
glyph16_U0063,glyph16,cap50000-app2000000,50000,2000000,3963,-,class_cap,2,59815,41609,9846,shared,944700,2083,1526,14112,6812,379,51,668,892,0,176,0,0.0000023245811462402344,0,805.389,13.158,801.767,19.95,3f714e09
glyph16_U0064,glyph16,cap50000-app2000000,50000,2000000,3981,-,class_cap,2,59688,41023,9588,shared,985212,2121,1455,13968,6498,390,52,679,911,0,177,0,0.0000024437904357910156,0,907.589,12.935,903.505,19.83,3f714e09
glyph16_U0065,glyph16,cap50000-app2000000,50000,2000000,4035,-,class_cap,2,60651,42034,9871,shared,1013428,2159,1494,14576,6589,400,53,689,932,0,178,0,0.0000017881393432617188,0,836.337,16.624,832.135,20.02,3f714e09
glyph16_U0066,glyph16,cap50000-app2000000,50000,2000000,1245,-,class_cap,3,78151,39030,6655,shared,271020,809,609,5648,2500,143,20,204,265,0,52,0,0.0000007152557373046875,0,1517.657,6.274,1515.449,18.97,3f714e09
glyph16_U0067,glyph16,cap50000-app2000000,50000,2000000,5969,-,class_cap,2,65080,45089,11773,shared,1089200,3173,2331,21232,10317,578,78,1019,1370,0,230,0,0.000003378838300704956,0,3802.853,18.435,3795.574,22.18,3f714e09
glyph16_U0068,glyph16,cap50000-app2000000,50000,2000000,2145,-,class_cap,3,92112,45135,8188,shared,273764,1221,1045,9872,4422,234,30,385,501,4,87,0,0.0000011920928955078125,0,2502.906,8.391,2499.890,21.51,3f714e09
glyph16_U0069,glyph16,cap50000-app2000000,50000,2000000,293,-,class_cap,7,152464,35165,5461,tree_cheaper,154180,321,84,960,237,61,8,46,60,0,13,0,0.000000476837158203125,0,45116.768,1.586,45114.931,17.75,3f714e09
glyph16_U006A,glyph16,cap50000-app2000000,50000,2000000,1211,-,class_cap,3,71709,35509,6029,shared,309576,771,621,6288,2532,151,19,284,294,2,52,0,0.00000286102294921875,0,1921.391,5.606,1919.402,18.20,3f714e09
glyph16_U006B,glyph16,cap50000-app2000000,50000,2000000,347,-,class_cap,7,190600,37623,4326,tree_cheaper,166316,359,151,1872,496,84,9,83,106,2,33,0,0.0000016689300537109375,0,78521.820,1.955,78519.602,19.57,3f714e09
glyph16_U006C,glyph16,cap50000-app2000000,50000,2000000,1143,-,class_cap,3,77121,39397,6741,shared,273516,695,542,4896,2244,136,17,197,271,0,51,0,0.0000014901161193847656,0,1140.729,4.369,1138.729,19.05,3f714e09
glyph16_U006D,glyph16,cap50000-app2000000,50000,2000000,4133,-,class_cap,2,57933,40279,9541,shared,856980,2273,1537,15008,6829,405,56,678,917,15,186,0,0.0000014901161193847656,0,911.800,14.511,907.481,19.71,3f714e09
glyph16_U006E,glyph16,cap50000-app2000000,50000,2000000,2145,-,class_cap,3,92090,45278,8224,shared,276056,1221,1018,9216,4337,226,30,363,489,0,83,0,0.0000028014183044433594,0,2770.837,8.459,2768.151,21.57,3f714e09
glyph16_U006F,glyph16,cap50000-app2000000,50000,2000000,3863,-,class_cap,2,58644,40573,9399,shared,842980,2007,1378,13504,6194,364,49,653,877,16,178,0,0.0000024437904357910156,0,1165.126,11.797,1161.514,19.70,3f714e09
glyph16_U0070,glyph16,cap50000-app2000000,50000,2000000,3981,-,class_cap,2,59794,41059,9583,shared,984436,2121,1451,13520,6483,389,52,678,910,0,175,0,0.000002205371856689453,0,922.068,12.247,917.505,19.83,3f714e09
glyph16_U0071,glyph16,cap50000-app2000000,50000,2000000,3981,-,class_cap,2,60237,41979,9865,shared,886032,2121,1584,14720,7115,390,52,679,911,0,179,0,0.0000023245811462402344,0,945.104,12.938,941.036,19.99,3f714e09
glyph16_U0072,glyph16,cap50000-app2000000,50000,2000000,2127,-,class_cap,3,91946,44755,8036,shared,272724,1183,1071,9680,4552,219,29,356,478,1,82,0,0.0000012516975402832031,0,2127.020,7.523,2124.173,21.43,3f714e09
glyph16_U0073,glyph16,cap50000-app2000000,50000,2000000,5739,-,class_cap,2,64377,44839,12057,shared,1289196,3051,2235,21072,9809,564,75,986,1334,0,252,0,0.0000017490237951278689,0,1889.239,15.776,1883.910,22.16,3f714e09
glyph16_U0074,glyph16,cap50000-app2000000,50000,2000000,1245,-,class_cap,3,70191,31521,5099,tree_cheaper,328712,809,514,5280,2104,152,20,285,290,1,47,0,0.0000006556510925292969,0,958.749,4.672,956.822,15.04,3f714e09
glyph16_U0075,glyph16,cap50000-app2000000,50000,2000000,2145,-,class_cap,3,91504,44727,8067,shared,283144,1221,1046,9424,4427,229,30,366,491,3,84,0,0.000001728534698486328,0,1412.114,7.277,1409.292,21.46,3f714e09
glyph16_U0076,glyph16,cap50000-app2000000,50000,2000000,207,-,class_cap,8,214044,34240,3670,tree_cheaper,117252,207,98,1264,321,53,5,52,64,0,20,0,0.00000095367431640625,0,78880.269,1.496,78878.488,17.44,3f714e09
glyph16_U0077,glyph16,cap50000-app2000000,50000,2000000,359,-,class_cap,7,178360,30560,3839,tree_cheaper,180088,359,163,2048,559,87,9,102,126,0,30,0,0.000001430511474609375,0,44079.662,1.919,44077.797,14.55,3f714e09
glyph16_U0078,glyph16,cap50000-app2000000,50000,2000000,359,-,class_cap,7,198289,30583,3472,tree_cheaper,163536,359,170,2112,575,87,9,93,120,0,35,0,0.00000095367431640625,0,63781.005,2.400,63779.320,14.43,3f714e09
glyph16_U0079,glyph16,cap50000-app2000000,50000,2000000,1693,-,class_cap,3,83108,42855,7970,shared,547188,977,776,7952,3230,200,24,326,420,10,75,0,0.0000011920928955078125,0,958.697,8.960,956.160,21.24,3f714e09
glyph16_U007A,glyph16,cap50000-app2000000,50000,2000000,267,-,class_cap,7,159783,36983,5687,tree_cheaper,204696,283,105,1264,322,64,7,56,72,1,20,0,0.000003337860107421875,0,79522.527,1.518,79520.822,18.07,3f714e09
glyph16_U007B,glyph16,cap50000-app2000000,50000,2000000,4101,-,class_cap,2,58659,40735,9844,shared,1047944,2273,1553,15264,6802,413,56,702,939,0,215,0,0.0000015497207641601563,0,673.933,14.645,669.768,19.78,3f714e09
glyph16_U007C,glyph16,cap50000-app2000000,50000,2000000,123,-,class_cap,7,141363,40929,6221,tree_cheaper,166268,131,46,576,128,35,3,20,30,0,6,0,0.0000002980232238769531,0,20444.386,1.120,20442.296,20.71,3f714e09
glyph16_U007D,glyph16,cap50000-app2000000,50000,2000000,4101,-,class_cap,2,58956,40924,9886,shared,1017072,2273,1564,15168,6891,413,56,702,938,0,204,0,0.0000012516975402832031,0,1344.286,52.641,1336.164,19.83,3f714e09
glyph16_U007E,glyph16,cap50000-app2000000,50000,2000000,3995,-,class_cap,2,60481,43192,10234,shared,1036984,2083,1450,13568,6421,386,51,675,909,0,167,0,0.00000005960464477539064,0,963.368,38.712,951.964,21.85,3f714e09
glyph32_U0020,glyph32,cap50000-app2000000,50000,2000000,1,-,quiesced,1,0,1,1,tree_cheaper,4,1,1,164,0,1,0,0,0,0,0,0,0,0,0.482,0.227,0.014,0.00,3f714e09
glyph32_U0021,glyph32,cap50000-app2000000,50000,2000000,267,-,class_cap,7,155505,35327,5462,tree_cheaper,171308,283,86,960,256,54,7,39,48,0,13,0,0,0,59498.801,1.528,59497.253,17.80,3f714e09
glyph32_U0022,glyph32,cap50000-app2000000,50000,2000000,191,-,quiesced,7,17694,1642,151,tree_cheaper,2276,207,62,736,175,46,5,31,49,0,8,0,0,0,119.085,1.079,118.677,0.84,3f714e09
glyph32_U0023,glyph32,cap50000-app2000000,50000,2000000,647,-,class_cap,6,145744,28383,3450,tree_cheaper,409740,663,240,2672,814,142,17,134,201,2,42,0,0.0000019073486328125,0,28000.151,3.321,27998.623,13.43,3f714e09
glyph32_U0024,glyph32,cap50000-app2000000,50000,2000000,6151,-,class_cap,2,63264,45045,12932,shared,1438896,3363,2434,23680,10573,614,83,1055,1424,1,288,0,0.0000029802322387695313,0,572.472,20.711,565.972,20.69,3f714e09
glyph32_U0025,glyph32,cap50000-app2000000,50000,2000000,8791,-,class_cap,2,61044,48083,12745,shared,1200288,4599,3299,36720,14650,921,113,2251,2263,0,339,0,0.0000020265579223632813,0,6426.257,25.811,6416.979,23.08,3f714e09
glyph32_U0026,glyph32,cap50000-app2000000,50000,2000000,7719,-,class_cap,2,63610,46753,12747,shared,1352296,4103,2823,32208,12437,828,101,1980,2002,0,302,0,0.0000017881393432617188,0,2120.045,22.370,2112.683,22.74,3f714e09
glyph32_U0027,glyph32,cap50000-app2000000,50000,2000000,123,-,quiesced,7,12774,1152,108,tree_cheaper,1208,131,46,592,124,33,3,18,28,0,6,0,0,0,72.754,0.848,72.309,0.64,3f714e09
glyph32_U0028,glyph32,cap50000-app2000000,50000,2000000,1959,-,class_cap,3,84616,45143,8990,shared,548168,1031,951,8400,4058,192,25,329,441,0,78,0,0.0000013113021850585938,0,439.879,7.465,437.398,21.56,3f714e09
glyph32_U0029,glyph32,cap50000-app2000000,50000,2000000,1777,-,class_cap,3,82466,44620,9056,shared,508072,953,898,7936,3828,180,23,298,403,0,81,0,0.00000095367431640625,0,388.555,6.899,385.809,21.47,3f714e09
glyph32_U002A,glyph32,cap50000-app2000000,50000,2000000,647,-,class_cap,7,160464,21797,2703,tree_cheaper,540552,663,275,3200,967,142,17,155,197,3,55,0,0.00000095367431640625,0,2088.724,3.288,2087.111,10.54,3f714e09
glyph32_U002B,glyph32,cap50000-app2000000,50000,2000000,259,-,class_cap,91,1449603,28745,611,tree_cheaper,14768,283,73,816,205,52,7,37,46,0,10,0,0,0,13627.568,1.399,13626.160,13.91,3f714e09
glyph32_U002C,glyph32,cap50000-app2000000,50000,2000000,199,-,quiesced,7,28182,2752,268,tree_cheaper,5252,207,88,1072,276,51,5,43,58,0,15,0,0.000000476837158203125,0,188.202,1.204,187.718,1.33,3f714e09
glyph32_U002D,glyph32,cap50000-app2000000,50000,2000000,123,-,quiesced,7,12610,1138,110,tree_cheaper,1232,131,47,624,124,33,3,18,28,0,6,0,0,0,66.594,0.783,66.250,0.59,3f714e09
glyph32_U002E,glyph32,cap50000-app2000000,50000,2000000,123,-,class_cap,7,109098,28520,4001,tree_cheaper,96848,131,43,544,120,33,3,18,28,0,6,0,0,0,21705.409,0.810,21704.015,13.38,3f714e09
glyph32_U002F,glyph32,cap50000-app2000000,50000,2000000,131,-,class_cap,8,155712,39721,5649,tree_cheaper,187764,131,61,816,184,35,3,28,34,0,11,0,0.0000019073486328125,0,9545.425,0.830,9543.883,20.30,3f714e09
glyph32_U0030,glyph32,cap50000-app2000000,50000,2000000,5767,-,class_cap,2,65425,44726,11597,shared,1074312,2983,2207,19728,9944,541,73,982,1318,2,231,0,0.0000012516975402832031,0,2715.737,15.981,2710.599,22.06,3f714e09
glyph32_U0031,glyph32,cap50000-app2000000,50000,2000000,301,-,class_cap,7,169068,35155,5032,tree_cheaper,141692,321,116,1296,359,75,8,67,96,0,22,0,0.0000010728836059570313,0,43789.390,1.740,43787.680,17.63,3f714e09
glyph32_U0032,glyph32,cap50000-app2000000,50000,2000000,3827,-,class_cap,2,57445,40854,9877,shared,947332,2043,1449,13968,6366,378,50,648,877,0,191,0,0.0000011920928955078125,0,543.922,11.236,540.123,19.75,3f714e09
glyph32_U0033,glyph32,cap50000-app2000000,50000,2000000,5901,-,class_cap,2,64930,44817,11936,shared,1161900,3097,2364,21536,10512,569,76,1010,1361,6,245,0,0.000001132488250732422,0,2311.657,17.038,2306.044,22.15,3f714e09
glyph32_U0034,glyph32,cap50000-app2000000,50000,2000000,335,-,class_cap,7,167620,35136,5004,tree_cheaper,164432,359,113,1312,350,72,9,64,79,0,21,0,0.000000476837158203125,0,41033.757,2.043,41032.232,17.64,3f714e09
glyph32_U0035,glyph32,cap50000-app2000000,50000,2000000,4031,-,class_cap,2,60839,42245,9774,shared,940032,2159,1506,14608,6662,399,53,688,930,0,177,0,0.0000019073486328125,0,1181.748,30.423,1157.394,20.04,3f714e09
glyph32_U0036,glyph32,cap50000-app2000000,50000,2000000,5793,-,class_cap,2,65289,44734,11814,shared,1260180,3021,2230,19840,9899,552,74,993,1334,0,246,0,0.0000021457672119140625,0,3706.451,16.335,3701.087,22.07,3f714e09
glyph32_U0037,glyph32,cap50000-app2000000,50000,2000000,199,-,class_cap,7,143722,34636,5690,tree_cheaper,172572,207,87,1056,272,53,5,45,60,0,17,0,0.000000476837158203125,0,53420.912,1.452,53419.068,17.62,3f714e09
glyph32_U0038,glyph32,cap50000-app2000000,50000,2000000,7671,-,class_cap,2,63747,46891,12642,shared,1235028,3959,2730,29328,12265,784,97,1952,1952,0,289,0,0.0000019073486328125,0,4020.132,22.007,4012.962,22.73,3f714e09
glyph32_U0039,glyph32,cap50000-app2000000,50000,2000000,5833,-,class_cap,2,65062,44905,11817,shared,1107572,3021,2401,21200,10708,554,74,995,1338,0,233,0,0.000003337860107421875,0,3183.219,17.101,3177.923,22.12,3f714e09
glyph32_U003A,glyph32,cap50000-app2000000,50000,2000000,191,-,class_cap,7,128927,34429,5474,tree_cheaper,127368,207,52,624,143,38,5,23,23,0,7,0,0,0,26156.866,1.232,26155.304,17.54,3f714e09
glyph32_U003B,glyph32,cap50000-app2000000,50000,2000000,267,-,quiesced,12,49487,3723,363,tree_cheaper,8848,283,108,1312,334,65,7,57,81,0,18,0,0.000000476837158203125,0,539.568,1.643,539.036,1.82,3f714e09
glyph32_U003C,glyph32,cap50000-app2000000,50000,2000000,309,-,quiesced,17,58193,5723,540,tree_cheaper,17372,321,143,1712,462,77,8,76,93,2,28,0,0.0000019073486328125,0,1309.947,1.767,1309.002,2.66,3f714e09
glyph32_U003D,glyph32,cap50000-app2000000,50000,2000000,191,-,class_cap,6,97728,27005,2760,tree_cheaper,87960,207,54,656,148,40,5,25,25,0,7,0,0,0,7268.406,1.137,7267.088,11.38,3f714e09
glyph32_U003E,glyph32,cap50000-app2000000,50000,2000000,309,-,quiesced,17,58222,5727,545,tree_cheaper,17496,321,143,1712,462,77,8,76,92,0,28,0,0.0000021457672119140625,0,1399.325,1.681,1398.549,2.66,3f714e09
glyph32_U003F,glyph32,cap50000-app2000000,50000,2000000,4159,-,class_cap,2,60028,42614,10301,shared,962388,2311,1650,16160,7226,427,57,716,970,3,194,0,0.000003159046173095703,0,744.721,13.528,740.557,20.15,3f714e09
glyph32_U0040,glyph32,cap50000-app2000000,50000,2000000,7803,-,class_cap,2,64632,46707,12097,shared,1172020,4111,2840,31216,12676,818,101,1986,2001,0,300,0,0.0000010132789611816406,0,5495.611,23.801,5487.842,22.68,3f714e09
glyph32_U0041,glyph32,cap50000-app2000000,50000,2000000,283,-,class_cap,7,172096,28741,2976,tree_cheaper,104712,283,128,1536,403,67,7,59,83,0,23,0,0.00000095367431640625,0,49925.796,1.674,49923.951,14.10,3f714e09
glyph32_U0042,glyph32,cap50000-app2000000,50000,2000000,3965,-,class_cap,2,58760,40974,9726,shared,948880,2121,1488,14560,6559,389,52,678,910,0,184,0,0.0000021457672119140625,0,874.081,11.785,870.408,19.78,3f714e09
glyph32_U0043,glyph32,cap50000-app2000000,50000,2000000,3963,-,class_cap,2,59308,41216,9768,shared,945240,2083,1514,13984,6781,379,51,668,892,0,177,0,0.00000095367431640625,0,766.395,12.482,762.122,19.87,3f714e09
glyph32_U0044,glyph32,cap50000-app2000000,50000,2000000,2027,-,class_cap,3,90857,45337,8316,shared,249472,1107,984,8880,4263,209,27,346,468,0,79,0,0.0000007748603820800781,0,2511.851,7.458,2508.309,21.58,3f714e09
glyph32_U0045,glyph32,cap50000-app2000000,50000,2000000,259,-,class_cap,7,147423,34766,5641,tree_cheaper,153584,283,83,928,226,58,7,43,61,0,14,0,0,0,38714.545,1.532,38712.243,17.68,3f714e09
glyph32_U0046,glyph32,cap50000-app2000000,50000,2000000,225,-,class_cap,7,140024,34638,5566,tree_cheaper,133488,245,72,784,196,51,6,36,50,0,12,0,0,0,34526.172,1.344,34524.445,17.60,3f714e09
glyph32_U0047,glyph32,cap50000-app2000000,50000,2000000,4031,-,class_cap,2,59502,41150,9842,shared,984460,2159,1545,15040,6823,400,53,689,931,0,189,0,0.00000196695327758789,0,822.696,12.637,818.895,19.83,3f714e09
glyph32_U0048,glyph32,cap50000-app2000000,50000,2000000,259,-,class_cap,7,138734,35132,5622,tree_cheaper,133272,283,68,752,195,52,7,37,46,0,10,0,0.000000476837158203125,0,31814.914,1.560,31812.971,17.68,3f714e09
glyph32_U0049,glyph32,cap50000-app2000000,50000,2000000,259,-,class_cap,7,139226,35089,5618,tree_cheaper,133944,283,70,768,201,52,7,37,46,0,10,0,0,0,32005.205,1.596,32003.692,17.67,3f714e09
glyph32_U004A,glyph32,cap50000-app2000000,50000,2000000,2111,-,class_cap,3,90177,45098,8258,shared,273988,1183,1024,9216,4371,228,29,365,496,2,84,0,0.0000010728836059570313,0,1366.057,11.211,1363.265,21.56,3f714e09
glyph32_U004B,glyph32,cap50000-app2000000,50000,2000000,347,-,class_cap,7,190138,37541,4304,tree_cheaper,164472,359,148,1840,492,83,9,82,105,2,32,0,0.000003814697265625,0,79675.590,2.775,79673.590,19.55,3f714e09
glyph32_U004C,glyph32,cap50000-app2000000,50000,2000000,157,-,class_cap,7,121147,33005,5403,tree_cheaper,126820,169,55,656,151,41,4,26,40,0,9,0,0,0,20426.624,1.037,20425.143,17.31,3f714e09
glyph32_U004D,glyph32,cap50000-app2000000,50000,2000000,343,-,class_cap,7,185150,36610,4464,tree_cheaper,164980,359,137,1648,457,83,9,82,112,0,27,0,0.00000095367431640625,0,67317.503,2.153,67316.070,17.80,3f714e09
glyph32_U004E,glyph32,cap50000-app2000000,50000,2000000,267,-,class_cap,7,150141,35492,5803,tree_cheaper,185676,283,91,1056,280,63,7,48,75,0,15,0,0.0000019073486328125,0,53408.314,1.470,53406.595,17.82,3f714e09
glyph32_U004F,glyph32,cap50000-app2000000,50000,2000000,3863,-,class_cap,2,58683,40876,9738,shared,885236,2007,1431,13568,6406,366,49,655,879,0,183,0,0.000003516674041748047,0,1051.912,11.121,1048.389,19.79,3f714e09
glyph32_U0050,glyph32,cap50000-app2000000,50000,2000000,2061,-,class_cap,3,92007,44805,8100,shared,263008,1145,1017,9088,4390,212,28,349,467,0,80,0,0.0000029802322387695313,0,2764.077,7.434,2761.279,21.42,3f714e09
glyph32_U0051,glyph32,cap50000-app2000000,50000,2000000,4461,-,class_cap,2,63536,44263,10621,shared,893316,2365,1719,16176,7733,436,58,763,1032,0,201,0,0.0000013709068298339844,0,2270.067,13.463,2265.804,22.16,3f714e09
glyph32_U0052,glyph32,cap50000-app2000000,50000,2000000,3105,-,class_cap,3,92671,46876,7898,shared,545256,1709,1274,12368,5417,317,42,530,714,0,125,0,0.0000012516975402832031,0,3097.700,9.941,3094.246,21.98,3f714e09
glyph32_U0053,glyph32,cap50000-app2000000,50000,2000000,5943,-,class_cap,2,64377,44960,12201,shared,1302708,3135,2298,21088,10120,578,77,1019,1375,0,251,0,0.000002205371856689453,0,1748.995,17.663,1742.885,20.62,3f714e09
glyph32_U0054,glyph32,cap50000-app2000000,50000,2000000,191,-,class_cap,7,127071,33863,5536,tree_cheaper,131068,207,62,704,178,47,5,32,50,0,9,0,0,0,24292.459,1.183,24291.039,17.46,3f714e09
glyph32_U0055,glyph32,cap50000-app2000000,50000,2000000,4031,-,class_cap,2,59335,42811,10146,shared,1061512,2159,1529,14848,6771,397,53,686,928,7,177,0,0.0000025033950805664063,0,396.583,13.111,392.399,20.16,3f714e09
glyph32_U0056,glyph32,cap50000-app2000000,50000,2000000,207,-,class_cap,8,210666,33115,3675,tree_cheaper,113644,207,93,1152,290,51,5,43,58,0,17,0,0.00000095367431640625,0,67805.287,1.423,67803.693,17.26,3f714e09
glyph32_U0057,glyph32,cap50000-app2000000,50000,2000000,359,-,class_cap,6,141881,33443,4944,tree_cheaper,160580,359,164,2032,538,87,9,95,122,0,30,0,0.00000095367431640625,0,44131.074,1.902,44129.339,17.33,3f714e09
glyph32_U0058,glyph32,cap50000-app2000000,50000,2000000,359,-,class_cap,7,196739,30736,3550,tree_cheaper,167964,359,175,2208,606,89,9,102,126,0,38,0,0.00000286102294921875,0,64016.460,1.998,64014.835,14.52,3f714e09
glyph32_U0059,glyph32,cap50000-app2000000,50000,2000000,275,-,class_cap,7,157179,33936,4538,tree_cheaper,165484,283,123,1504,410,69,7,68,89,0,24,0,0.00000095367431640625,0,86205.109,1.675,86203.576,17.45,3f714e09
glyph32_U005A,glyph32,cap50000-app2000000,50000,2000000,267,-,class_cap,7,161825,37102,5665,tree_cheaper,206400,283,110,1264,337,68,7,60,84,1,21,0,0.0000019073486328125,0,93929.046,2.343,93927.212,18.08,3f714e09
glyph32_U005B,glyph32,cap50000-app2000000,50000,2000000,191,-,quiesced,7,16687,1527,152,tree_cheaper,2372,207,64,752,170,44,5,29,39,0,10,0,0,0,107.909,1.239,107.215,0.71,3f714e09
glyph32_U005C,glyph32,cap50000-app2000000,50000,2000000,131,-,class_cap,8,155148,39811,5701,tree_cheaper,190644,131,65,864,192,35,3,28,34,0,11,0,0.00000095367431640625,0,13000.798,1.032,12999.079,20.31,3f714e09
glyph32_U005D,glyph32,cap50000-app2000000,50000,2000000,191,-,quiesced,7,16993,1558,153,tree_cheaper,2360,207,65,752,175,45,5,30,39,0,10,0,0,0,134.246,1.192,133.482,0.72,3f714e09
glyph32_U005E,glyph32,cap50000-app2000000,50000,2000000,207,-,class_cap,6,129907,42526,8286,tree_cheaper,150864,207,102,1280,333,53,5,52,64,0,20,0,0.000000476837158203125,0,14457.234,1.988,14455.408,21.00,3f714e09
glyph32_U005F,glyph32,cap50000-app2000000,50000,2000000,123,-,class_cap,11,268935,22921,1590,tree_cheaper,50832,131,44,576,115,31,3,18,28,0,5,0,0.000001728534698486328,0,84778.522,0.872,84777.425,10.50,3f714e09
glyph32_U0060,glyph32,cap50000-app2000000,50000,2000000,131,-,class_cap,6,108523,40443,8376,tree_cheaper,171552,131,66,896,192,35,3,28,34,0,11,0,0.00000286102294921875,0,8191.486,1.000,8189.001,19.01,3f714e09
glyph32_U0061,glyph32,cap50000-app2000000,50000,2000000,5517,-,class_cap,2,64266,44829,11878,shared,1093224,2929,2266,20208,10017,534,72,937,1260,0,238,0,0.000001430511474609375,0,2420.476,17.648,2414.036,22.09,3f714e09
glyph32_U0062,glyph32,cap50000-app2000000,50000,2000000,3981,-,class_cap,2,59649,41211,9701,shared,873128,2121,1581,14784,7076,388,52,677,907,0,178,0,0.0000016093254089355469,0,934.940,14.237,931.165,19.84,3f714e09
glyph32_U0063,glyph32,cap50000-app2000000,50000,2000000,3963,-,class_cap,2,59815,41609,9846,shared,944700,2083,1526,14112,6812,379,51,668,892,0,176,0,0.0000017881393432617188,0,815.530,12.741,811.278,19.95,3f714e09
glyph32_U0064,glyph32,cap50000-app2000000,50000,2000000,3981,-,class_cap,2,59688,41023,9588,shared,985212,2121,1455,13968,6498,390,52,679,911,0,177,0,0.0000013113021850585938,0,928.992,13.096,925.120,19.83,3f714e09
glyph32_U0065,glyph32,cap50000-app2000000,50000,2000000,4035,-,class_cap,2,60651,42034,9871,shared,1013428,2159,1494,14576,6589,400,53,689,932,0,178,0,0.000001430511474609375,0,875.029,13.469,871.213,20.02,3f714e09
glyph32_U0066,glyph32,cap50000-app2000000,50000,2000000,1245,-,class_cap,3,78151,39030,6655,shared,271020,809,609,5648,2500,143,20,204,265,0,52,0,0.0000001788139343261719,0,1536.637,5.407,1534.128,18.97,3f714e09
glyph32_U0067,glyph32,cap50000-app2000000,50000,2000000,5969,-,class_cap,2,65080,45089,11773,shared,1089200,3173,2331,21232,10317,578,78,1019,1370,0,230,0,0.0000018477439880371096,0,3738.979,19.377,3732.849,22.18,3f714e09
glyph32_U0068,glyph32,cap50000-app2000000,50000,2000000,2145,-,class_cap,3,92112,45135,8188,shared,273764,1221,1045,9872,4422,234,30,385,501,4,87,0,0.000002384185791015625,0,2592.386,9.144,2589.293,21.51,3f714e09
glyph32_U0069,glyph32,cap50000-app2000000,50000,2000000,293,-,class_cap,7,152464,35165,5461,tree_cheaper,154180,321,84,960,237,61,8,46,60,0,13,0,0,0,47531.895,2.134,47530.018,17.75,3f714e09
glyph32_U006A,glyph32,cap50000-app2000000,50000,2000000,1211,-,class_cap,3,71709,35509,6029,shared,309824,771,621,6288,2532,151,19,284,294,2,52,0,0.000000476837158203125,0,1847.621,5.938,1844.891,18.20,3f714e09
glyph32_U006B,glyph32,cap50000-app2000000,50000,2000000,347,-,class_cap,7,190600,37623,4326,tree_cheaper,166316,359,151,1872,496,84,9,83,106,2,33,0,0.00000095367431640625,0,109910.541,2.283,109908.575,19.57,3f714e09
glyph32_U006C,glyph32,cap50000-app2000000,50000,2000000,1143,-,class_cap,3,77121,39397,6741,shared,273516,695,542,4896,2244,136,17,197,271,0,51,0,0.0000002384185791015625,0,1501.355,6.704,1495.900,19.05,3f714e09
glyph32_U006D,glyph32,cap50000-app2000000,50000,2000000,4133,-,class_cap,2,57933,40279,9541,shared,856980,2273,1537,15008,6829,405,56,678,917,15,186,0,0.000002384185791015625,0,1204.702,19.776,1198.277,19.71,3f714e09
psychedelic_packed,psychedelic,cap50000-app2000000,50000,2000000,1246,-,class_cap,5,103075,47130,7712,tree_cheaper,156696,1246,111,2352,829,127,1,29,30,0,12,0,0,0,244.480,1.022,240.599,21.63,8ecdc098
shader_cosine_palette,shader,cap50000-app2000000,50000,2000000,40,-,class_cap,5,70818,43848,8882,tree_cheaper,443724,40,25,1232,292,133,3,99,102,0,1,0,0,0,205.962,1.013,203.936,21.36,3f714e09
shader_smooth_min_scene,shader,cap50000-app2000000,50000,2000000,43,-,class_cap,30,561412,15437,639,shared,20352,43,39,448,144,33,0,0,0,0,3,0,0.0000021457672119140625,0,2228.549,0.402,2227.774,7.52,3f714e09
shader_mandelbrot_distance,shader,cap50000-app2000000,50000,2000000,152,-,quiesced,8,96495,6287,237,tree_cheaper,6208,152,115,1616,595,160,19,31,57,0,5,0,0,0,4843.990,4.327,4843.454,2.73,3f714e09
shader_star_sdf,shader,cap50000-app2000000,50000,2000000,66,-,class_cap,6,75810,36782,4760,tree_cheaper,926076,66,58,640,172,56,1,0,2,0,2,0,0,0,141.048,0.732,139.571,18.59,3f714e09
shader_gyroid_slice,shader,cap50000-app2000000,50000,2000000,40,-,quiesced,9,4675,775,102,tree_cheaper,1520,40,33,2768,932,163,4,124,128,0,8,0,0,0,12.553,1.978,12.259,0.35,3f714e09
shader_plasma,shader,cap50000-app2000000,50000,2000000,37,-,class_cap,8,118426,29370,2197,tree_cheaper,243468,37,29,1376,359,122,3,87,90,0,4,0,0,0,197.051,1.065,195.965,14.41,3f714e09
shader_domain_warp_fbm,shader,cap50000-app2000000,50000,2000000,84,-,class_cap,4,63413,44384,10173,tree_cheaper,821484,84,59,1680,439,182,4,116,120,0,5,0,0,0,146.808,1.436,145.061,21.82,3f714e09
shader_kaleidoscope_fold,shader,cap50000-app2000000,50000,2000000,46,-,quiesced,5,319,131,57,tree_cheaper,412,46,40,2032,560,238,10,156,174,0,8,0,0.000006109476089477539,0,1.403,3.168,1.195,0.09,3f714e09
shader_metaballs,shader,cap50000-app2000000,50000,2000000,62,-,class_cap,7,115282,33876,4530,tree_cheaper,56040,62,75,624,255,49,1,0,0,0,4,0,0,0,13479.155,0.508,13477.958,17.62,3f714e09
shader_julia_set,shader,cap50000-app2000000,50000,2000000,122,-,class_cap,6,68429,34749,4499,shared,298348,122,170,2368,904,255,14,107,111,0,8,0,0,0,813.745,4.721,812.331,18.17,3f714e09
shader_smoothstep_vignette,shader,cap50000-app2000000,50000,2000000,64,-,quiesced,5,1074,283,82,tree_cheaper,1064,64,49,544,194,41,0,0,0,0,7,0,0.0000012069940567016602,0,3.307,0.377,3.038,0.15,3f714e09
shader_torus_slice,shader,cap50000-app2000000,50000,2000000,38,-,quiesced,15,28932,3005,198,shared,5336,38,31,368,130,25,0,0,0,0,3,0,0,0,113.812,0.346,113.463,1.33,3f714e09
cellgrid_80x24_d2,cellgrid,caph10-5000-50000-app40x,5000,200000,667,123,class_cap,3,6826,4634,1322,shared,203960,667,117,2576,428,217,0,0,0,7,19,0,0,0,19.150,0.629,18.358,2.32,3f714e09
chrome_packed,chrome,caph10-5000-50000-app40x,5000,200000,390815,465,class_cap,2,5502,4944,1351,shared,177956,335411,398,3424,1668,385,17,614,616,22,7,0,0,0,179.319,4.991,23.338,34.88,3f714e09
chrome_R,chrome_channel,caph10-5000-50000-app40x,5000,200000,133101,351,class_cap,2,5626,4903,1208,shared,142940,114633,300,2640,1418,288,9,433,435,23,7,0,0.0000177919864654541,0,59.314,3.558,20.639,11.92,3f714e09
glyph16_U0020,glyph16,caph10-5000-50000-app40x,5000,200000,1,1,quiesced,1,0,1,1,tree_cheaper,4,1,1,164,0,1,0,0,0,0,0,0,0,0,0.567,0.253,0.017,0.00,3f714e09
glyph16_U0021,glyph16,caph10-5000-50000-app40x,5000,200000,267,138,class_cap,3,8771,2674,375,tree_cheaper,9768,283,105,1216,362,56,7,48,54,0,16,0,0.000000476837158203125,0,64.916,1.440,64.478,1.37,3f714e09
glyph16_U0022,glyph16,caph10-5000-50000-app40x,5000,200000,191,93,quiesced,7,17694,1642,151,tree_cheaper,2276,207,62,736,175,46,5,31,49,0,8,0,0.000000476837158203125,0,118.545,1.090,118.169,0.84,3f714e09
glyph16_U0023,glyph16,caph10-5000-50000-app40x,5000,200000,647,290,class_cap,2,5950,3379,737,tree_cheaper,37612,663,272,2528,1051,137,17,128,199,0,37,0,0.0000018477439880371096,0,21.032,2.905,20.384,1.80,3f714e09
glyph16_U0024,glyph16,caph10-5000-50000-app40x,28440,1137600,6151,2844,class_cap,2,34696,27194,7062,shared,733788,3363,2311,27520,9858,671,83,1556,1581,0,239,0,0.000002294778823852539,0,406.299,17.319,401.118,12.55,3f714e09
glyph16_U0025,glyph16,caph10-5000-50000-app40x,39940,1597600,8791,3994,class_cap,2,49513,38813,9175,shared,874144,4599,3251,35488,14393,921,113,2251,2263,0,338,0,0.0000019222497940063477,0,4792.238,23.508,4784.054,19.67,3f714e09
glyph16_U0026,glyph16,caph10-5000-50000-app40x,35640,1425600,7719,3564,class_cap,2,44171,34215,8423,shared,874428,4103,2904,33984,12600,828,101,1980,2002,0,302,0,0.0000020265579223632813,0,1762.295,21.732,1755.386,18.72,3f714e09
glyph16_U0027,glyph16,caph10-5000-50000-app40x,5000,200000,123,73,quiesced,7,12774,1153,108,tree_cheaper,1208,131,46,592,124,33,3,18,28,0,6,0,0.00000095367431640625,0,72.935,0.895,72.556,0.64,3f714e09
glyph16_U0028,glyph16,caph10-5000-50000-app40x,9080,363200,1959,908,class_cap,2,11326,8687,2207,tree_cheaper,208384,1031,725,7888,3132,210,25,490,490,0,75,0,0.0000013113021850585938,0,52.891,7.189,51.519,4.70,3f714e09
glyph16_U0029,glyph16,caph10-5000-50000-app40x,8270,330800,1777,827,class_cap,2,10378,7876,2011,shared,187432,953,674,7440,2903,197,23,448,448,0,72,0,0.0000015348196029663086,0,46.850,6.634,45.484,3.96,3f714e09
glyph16_U002A,glyph16,caph10-5000-50000-app40x,5000,200000,647,320,class_cap,2,6378,3765,878,tree_cheaper,44764,663,302,2976,1204,134,17,119,187,0,46,0,0.000002264976501464844,0,20.713,2.970,20.041,1.99,3f714e09
glyph16_U002B,glyph16,caph10-5000-50000-app40x,5000,200000,259,124,class_cap,5,18015,2289,250,tree_cheaper,5468,283,73,816,205,52,7,37,46,0,10,0,0.000000476837158203125,0,84.047,1.375,83.663,1.16,3f714e09
glyph16_U002C,glyph16,caph10-5000-50000-app40x,5000,200000,199,114,class_cap,4,13534,2553,275,tree_cheaper,5756,207,93,1104,314,51,5,43,58,0,15,0,0.0000011920928955078125,0,68.098,1.145,67.740,1.30,3f714e09
glyph16_U002D,glyph16,caph10-5000-50000-app40x,5000,200000,123,74,quiesced,7,12610,1138,110,tree_cheaper,1232,131,47,624,124,33,3,18,28,0,6,0,0.0000019073486328125,0,67.548,0.788,67.194,0.59,3f714e09
glyph16_U002E,glyph16,caph10-5000-50000-app40x,5000,200000,123,70,class_cap,5,18244,3542,550,tree_cheaper,10980,131,43,544,120,33,3,18,28,0,6,0,0.0000019073486328125,0,190.720,0.800,190.330,1.68,3f714e09
glyph16_U002F,glyph16,caph10-5000-50000-app40x,5000,200000,131,84,class_cap,4,11709,2981,405,tree_cheaper,9632,131,66,864,222,35,3,28,34,0,11,0,0.000000476837158203125,0,84.862,0.802,84.384,1.40,3f714e09
glyph16_U0030,glyph16,caph10-5000-50000-app40x,25140,1005600,5767,2514,class_cap,2,30804,24506,5679,shared,559868,2983,2027,22000,9057,591,73,1463,1463,0,215,0,0.0000010728836059570313,0,1799.319,17.186,1794.918,11.71,3f714e09
glyph16_U0031,glyph16,caph10-5000-50000-app40x,5000,200000,301,157,class_cap,3,9593,3104,462,tree_cheaper,13408,321,133,1408,445,75,8,67,96,0,21,0,0.00000095367431640625,0,78.852,1.734,78.361,1.46,3f714e09
glyph16_U0032,glyph16,caph10-5000-50000-app40x,17730,709200,3827,1773,class_cap,2,22197,16962,4150,shared,378576,2043,1448,16288,6208,414,50,965,976,0,149,0,0.0000007152557373046875,0,289.995,12.214,287.144,9.34,3f714e09
glyph16_U0033,glyph16,caph10-5000-50000-app40x,26590,1063600,5901,2659,class_cap,2,33129,25647,6079,shared,610348,3097,2167,23856,9501,622,76,1512,1512,0,225,0,0.0000010132789611816406,0,1508.963,17.039,1503.725,11.94,3f714e09
glyph16_U0034,glyph16,caph10-5000-50000-app40x,5000,200000,335,167,class_cap,3,9777,3051,450,tree_cheaper,13660,359,129,1376,432,72,9,64,79,0,20,0,0.0000016689300537109375,0,80.964,1.715,80.464,1.45,3f714e09
glyph16_U0035,glyph16,caph10-5000-50000-app40x,18280,731200,4031,1828,class_cap,2,23435,17445,4043,shared,391008,2159,1481,16528,6397,437,53,1025,1035,0,155,0,0.0000017881393432617188,0,417.200,11.632,414.206,9.41,3f714e09
glyph16_U0036,glyph16,caph10-5000-50000-app40x,26440,1057600,5793,2644,class_cap,2,33030,25503,6044,shared,602944,3021,2147,23088,9401,603,74,1475,1481,0,222,0,0.0000025853514671325684,0,1914.571,15.405,1909.971,11.90,3f714e09
glyph16_U0037,glyph16,caph10-5000-50000-app40x,5000,200000,199,117,class_cap,4,15234,3533,487,tree_cheaper,12536,207,97,1152,330,53,5,45,60,0,19,0,0.00000095367431640625,0,161.561,1.135,161.042,1.70,3f714e09
glyph16_U0038,glyph16,caph10-5000-50000-app40x,34050,1362000,7671,3405,class_cap,2,41810,33087,7847,shared,799868,3959,2764,29536,12269,784,97,1952,1952,0,289,0,0.000002205371856689453,0,2698.721,20.612,2691.782,18.45,3f714e09
glyph16_U0039,glyph16,caph10-5000-50000-app40x,26660,1066400,5833,2666,class_cap,2,33294,25731,6041,shared,592908,3021,2160,23184,9473,605,74,1485,1485,0,222,0,0.000002574175596237182,0,1911.054,17.074,1906.261,11.93,3f714e09
glyph16_U003A,glyph16,caph10-5000-50000-app40x,5000,200000,191,97,class_cap,4,12594,2762,371,tree_cheaper,8600,207,52,624,143,38,5,23,23,0,7,0,0.000000476837158203125,0,103.343,1.121,102.919,1.37,3f714e09
glyph16_U003B,glyph16,caph10-5000-50000-app40x,5000,200000,267,143,class_cap,3,8699,2710,362,tree_cheaper,9480,283,122,1392,413,65,7,57,81,0,18,0,0.000000476837158203125,0,47.751,1.528,47.332,1.37,3f714e09
glyph16_U003C,glyph16,caph10-5000-50000-app40x,5000,200000,309,178,class_cap,3,9174,3095,488,tree_cheaper,14300,321,156,1680,571,77,8,76,93,0,24,0,0.0000013113021850585938,0,60.496,1.564,60.044,1.46,3f714e09
glyph16_U003D,glyph16,caph10-5000-50000-app40x,5000,200000,191,97,class_cap,4,11780,3763,691,tree_cheaper,16468,207,54,656,148,40,5,25,25,0,7,0,0,0,112.397,1.230,111.913,1.88,3f714e09
glyph16_U003E,glyph16,caph10-5000-50000-app40x,5000,200000,309,178,class_cap,3,9133,3088,493,tree_cheaper,14932,321,156,1664,571,77,8,76,92,0,24,0,0.0000010728836059570313,0,63.290,1.796,62.777,1.45,3f714e09
glyph16_U003F,glyph16,caph10-5000-50000-app40x,19280,771200,4159,1928,class_cap,2,24612,18311,4487,shared,407272,2311,1570,18544,6695,469,57,1070,1083,1,163,0,0.0000012516975402832031,0,439.554,13.028,436.202,9.63,3f714e09
glyph16_U0040,glyph16,caph10-5000-50000-app40x,35130,1405200,7803,3513,class_cap,2,43979,33984,7979,tree_cheaper,668224,4111,2904,30432,12798,834,101,2034,2049,0,299,0,0.0000018477439880371096,0,4328.751,22.060,4321.602,18.62,3f714e09
glyph16_U0041,glyph16,caph10-5000-50000-app40x,5000,200000,283,164,class_cap,3,9718,3699,575,tree_cheaper,18620,283,160,1760,633,71,7,77,95,0,23,0,0.00000095367431640625,0,86.802,1.645,85.982,1.86,3f714e09
glyph16_U0042,glyph16,caph10-5000-50000-app40x,18200,728000,3965,1820,class_cap,2,23281,17346,4124,shared,375508,2121,1466,16208,6338,425,52,1008,1010,0,152,0,0.0000013113021850585938,0,499.534,12.638,496.294,9.40,3f714e09
glyph16_U0043,glyph16,caph10-5000-50000-app40x,18070,722800,3963,1807,class_cap,2,22995,17314,4070,shared,395536,2083,1467,15888,6404,415,51,991,993,0,151,0,0.0000019073486328125,0,382.169,12.443,379.155,9.38,3f714e09
glyph16_U0044,glyph16,caph10-5000-50000-app40x,9390,375600,2027,939,class_cap,2,12449,8917,2056,shared,172032,1107,753,8352,3243,229,27,516,521,0,79,0,0.0000026226043701171875,0,178.926,7.582,177.464,4.74,3f714e09
glyph16_U0045,glyph16,caph10-5000-50000-app40x,5000,200000,259,134,class_cap,4,15297,3531,497,tree_cheaper,13872,283,83,928,226,58,7,43,61,0,14,0,0.00000095367431640625,0,135.788,1.438,135.300,1.71,3f714e09
glyph16_U0046,glyph16,caph10-5000-50000-app40x,5000,200000,225,118,class_cap,4,14175,3184,433,tree_cheaper,11116,245,72,784,196,51,6,36,50,0,12,0,0.0000011920928955078125,0,116.089,1.187,115.667,1.45,3f714e09
glyph16_U0047,glyph16,caph10-5000-50000-app40x,18540,741600,4031,1854,class_cap,2,23653,17714,4187,shared,400740,2159,1514,16736,6529,438,53,1026,1036,0,156,0,0.0000017881393432617188,0,406.094,11.676,403.088,9.48,3f714e09
glyph16_U0048,glyph16,caph10-5000-50000-app40x,5000,200000,259,118,class_cap,4,14395,3202,428,tree_cheaper,11336,283,68,752,195,52,7,37,46,0,10,0,0.00000095367431640625,0,120.959,1.419,120.484,1.46,3f714e09
glyph16_U0049,glyph16,caph10-5000-50000-app40x,5000,200000,259,122,class_cap,4,14634,3224,429,tree_cheaper,11344,283,70,768,201,52,7,37,46,0,10,0,0.00000095367431640625,0,134.989,1.401,134.544,1.46,3f714e09
glyph16_U004A,glyph16,caph10-5000-50000-app40x,9820,392800,2111,982,class_cap,2,12922,9283,2205,shared,201808,1183,793,8960,3346,247,29,545,550,0,84,0,0.0000013709068298339844,0,94.991,7.438,93.435,4.84,3f714e09
glyph16_U004B,glyph16,caph10-5000-50000-app40x,5000,200000,347,190,class_cap,3,10620,3750,581,tree_cheaper,19040,359,171,1792,649,83,9,82,105,0,27,0,0.0000016689300537109375,0,93.951,1.883,93.410,1.89,3f714e09
glyph16_U004C,glyph16,caph10-5000-50000-app40x,5000,200000,157,87,class_cap,4,12137,2666,356,tree_cheaper,8104,169,55,656,151,41,4,26,40,0,9,0,0.00000095367431640625,0,90.125,0.989,89.681,1.33,3f714e09
glyph16_U004D,glyph16,caph10-5000-50000-app40x,5000,200000,343,175,class_cap,3,10275,3654,558,tree_cheaper,17124,359,159,1680,594,83,9,82,112,0,23,0,0.00000095367431640625,0,85.948,1.842,85.449,1.87,3f714e09
glyph16_U004E,glyph16,caph10-5000-50000-app40x,5000,200000,267,130,class_cap,3,8669,2645,368,tree_cheaper,9820,283,104,1152,334,63,7,48,75,0,15,0,0.0000019073486328125,0,56.412,1.509,55.948,1.36,3f714e09
glyph16_U004F,glyph16,caph10-5000-50000-app40x,17070,682800,3863,1707,class_cap,2,21573,16480,3831,shared,361656,2007,1379,14736,6060,400,49,976,976,0,145,0,0.000002205371856689453,0,501.723,16.303,499.000,9.21,3f714e09
glyph16_U0050,glyph16,caph10-5000-50000-app40x,9570,382800,2061,957,class_cap,2,12752,9055,2111,shared,175608,1145,763,8384,3258,233,28,520,522,0,80,0,0.0000018477439880371096,0,178.298,7.506,176.787,4.78,3f714e09
glyph16_U0051,glyph16,caph10-5000-50000-app40x,19940,797600,4461,1994,class_cap,2,25049,19339,4478,shared,419456,2365,1620,17568,7137,477,58,1135,1147,0,172,0,0.0000020265579223632813,0,1108.082,13.488,1104.469,9.82,3f714e09
glyph16_U0052,glyph16,caph10-5000-50000-app40x,14440,577600,3105,1444,class_cap,2,18531,13732,3369,shared,300868,1709,1170,13200,4984,348,42,789,797,0,122,0,0.0000008940696716308594,0,229.012,9.859,226.633,7.08,3f714e09
glyph16_U0053,glyph16,caph10-5000-50000-app40x,27330,1093200,5943,2733,class_cap,2,33720,26365,6417,shared,641968,3135,2233,24848,9689,632,77,1517,1528,0,230,0,0.0000016093254089355469,0,1273.585,17.680,1268.706,12.09,3f714e09
glyph16_U0054,glyph16,caph10-5000-50000-app40x,5000,200000,191,97,class_cap,4,13286,2881,373,tree_cheaper,8628,207,62,704,178,47,5,32,50,0,9,0,0.000001430511474609375,0,108.302,1.174,107.816,1.39,3f714e09
glyph16_U0055,glyph16,caph10-5000-50000-app40x,17790,711600,4031,1779,class_cap,2,22195,17008,4139,shared,412568,2159,1442,16592,6287,435,53,1023,1033,1,154,0,0.00000196695327758789,0,183.157,14.798,178.825,9.34,3f714e09
glyph16_U0056,glyph16,caph10-5000-50000-app40x,5000,200000,207,121,class_cap,3,8160,2821,398,tree_cheaper,11088,207,114,1328,437,53,5,52,64,0,20,0,0.000003337860107421875,0,59.405,1.201,58.864,1.38,3f714e09
glyph16_U0057,glyph16,caph10-5000-50000-app40x,5000,200000,359,204,class_cap,3,10887,3864,611,tree_cheaper,17848,359,194,2128,796,89,9,104,128,0,32,0,0.0000021457672119140625,0,132.861,1.744,132.335,1.89,3f714e09
glyph16_U0058,glyph16,caph10-5000-50000-app40x,5000,200000,359,201,class_cap,3,10197,4050,720,tree_cheaper,25924,359,205,2128,842,87,9,86,122,0,36,0,0.0000026226043701171875,0,106.190,2.244,105.417,1.94,3f714e09
glyph16_U0059,glyph16,caph10-5000-50000-app40x,5000,200000,275,151,class_cap,3,9522,3253,488,tree_cheaper,13852,283,140,1520,534,69,7,68,89,0,20,0,0.000003337860107421875,0,104.726,4.831,100.250,1.67,3f714e09
glyph16_U005A,glyph16,caph10-5000-50000-app40x,5000,200000,267,148,class_cap,3,9221,2922,418,tree_cheaper,11368,283,126,1360,420,68,7,60,84,0,21,0,0.000001430511474609375,0,159.805,1.446,158.104,1.41,3f714e09
glyph16_U005B,glyph16,caph10-5000-50000-app40x,5000,200000,191,105,quiesced,7,16687,1526,152,tree_cheaper,2372,207,64,752,170,44,5,29,39,0,10,0,0.000000476837158203125,0,124.922,1.114,124.464,0.71,3f714e09
glyph16_U005C,glyph16,caph10-5000-50000-app40x,5000,200000,131,84,class_cap,4,11752,2957,398,tree_cheaper,9460,131,70,912,230,35,3,28,34,0,11,0,0.000000476837158203125,0,85.864,0.892,85.419,1.39,3f714e09
glyph16_U005D,glyph16,caph10-5000-50000-app40x,5000,200000,191,105,quiesced,7,16993,1557,153,tree_cheaper,2360,207,65,752,175,45,5,30,39,0,10,0,0.000000476837158203125,0,114.496,1.181,114.069,0.72,3f714e09
glyph16_U005E,glyph16,caph10-5000-50000-app40x,5000,200000,207,125,class_cap,3,8188,3207,530,tree_cheaper,15384,207,117,1376,441,53,5,52,64,0,20,0,0.000000476837158203125,0,44.397,1.323,43.993,1.47,3f714e09
glyph16_U005F,glyph16,caph10-5000-50000-app40x,5000,200000,123,72,class_cap,5,17275,3086,434,tree_cheaper,9500,131,44,576,115,31,3,18,28,0,5,0,0.00000286102294921875,0,221.933,0.826,221.485,1.40,3f714e09
glyph16_U0060,glyph16,caph10-5000-50000-app40x,5000,200000,131,85,class_cap,4,12657,3671,679,tree_cheaper,13440,131,74,960,240,35,3,28,34,0,11,0,0.000000476837158203125,0,66.567,0.822,66.128,1.84,3f714e09
glyph16_U0061,glyph16,caph10-5000-50000-app40x,25000,1000000,5517,2500,class_cap,2,31325,24123,5674,shared,557048,2929,2022,22048,8773,583,72,1387,1398,0,209,0,0.0000018030405044555664,0,1451.982,15.718,1447.416,11.62,3f714e09
glyph16_U0062,glyph16,caph10-5000-50000-app40x,18220,728800,3981,1822,class_cap,2,23495,17359,4030,shared,386812,2121,1480,15936,6442,425,52,1008,1010,0,153,0,0.0000023245811462402344,0,474.533,12.337,471.503,9.39,3f714e09
glyph16_U0063,glyph16,caph10-5000-50000-app40x,18170,726800,3963,1817,class_cap,2,23106,17409,4081,shared,393308,2083,1470,15872,6414,415,51,991,993,0,151,0,0.0000023245811462402344,0,370.167,11.912,367.280,9.40,3f714e09
glyph16_U0064,glyph16,caph10-5000-50000-app40x,18190,727600,3981,1819,class_cap,2,23462,17319,4018,shared,388912,2121,1466,15776,6394,426,52,1002,1011,0,153,0,0.000002384185791015625,0,451.488,11.486,448.412,9.38,3f714e09
glyph16_U0065,glyph16,caph10-5000-50000-app40x,18650,746000,4035,1865,class_cap,2,23938,17757,4159,shared,400364,2159,1519,16688,6556,438,53,1022,1037,0,157,0,0.0000014901161193847656,0,406.318,12.357,403.231,9.49,3f714e09
glyph16_U0066,glyph16,caph10-5000-50000-app40x,5760,230400,1245,576,class_cap,2,8137,5345,1196,shared,86580,809,441,4848,1802,161,20,299,307,0,48,0,0.0000006556510925292969,0,96.059,4.803,95.125,2.79,3f714e09
glyph16_U0067,glyph16,caph10-5000-50000-app40x,26940,1077600,5969,2694,class_cap,2,33913,26018,6059,shared,598700,3173,2172,23920,9504,631,78,1509,1520,0,227,0,0.0000034384429454803467,0,2242.486,18.168,2237.534,12.08,3f714e09
glyph16_U0068,glyph16,caph10-5000-50000-app40x,9870,394800,2145,987,class_cap,2,13163,9357,2151,shared,183352,1221,792,8928,3341,249,30,541,548,0,83,0,0.0000013113021850585938,0,177.599,7.878,175.705,4.86,3f714e09
glyph16_U0069,glyph16,caph10-5000-50000-app40x,5000,200000,293,141,class_cap,4,16090,3725,527,tree_cheaper,15424,321,87,992,242,61,8,46,60,0,13,0,0.000000476837158203125,0,175.401,1.725,174.910,1.86,3f714e09
glyph16_U006A,glyph16,caph10-5000-50000-app40x,5680,227200,1211,568,class_cap,2,7954,5215,1194,shared,93648,771,446,4944,1819,159,19,303,309,0,49,0,0.0000030994415283203125,0,49.910,5.106,48.916,2.57,3f714e09
glyph16_U006B,glyph16,caph10-5000-50000-app40x,5000,200000,347,194,class_cap,3,10682,3764,584,tree_cheaper,19072,359,174,1840,653,84,9,83,106,0,28,0,0.0000016689300537109375,0,93.997,1.901,93.423,1.89,3f714e09
glyph16_U006C,glyph16,caph10-5000-50000-app40x,5380,215200,1143,538,class_cap,2,7382,5055,1153,shared,84720,695,432,4896,1772,150,17,294,304,0,47,0,0.0000015497207641601563,0,62.173,4.778,61.223,2.52,3f714e09
glyph16_U006D,glyph16,caph10-5000-50000-app40x,17690,707600,4133,1769,class_cap,2,22704,16887,4010,shared,369588,2273,1437,16944,6218,446,56,1016,1028,17,147,0,0.0000014901161193847656,0,493.774,14.432,490.485,9.34,3f714e09
glyph16_U006E,glyph16,caph10-5000-50000-app40x,9880,395200,2145,988,class_cap,2,13188,9358,2149,shared,180504,1221,788,8832,3345,249,30,541,548,0,83,0,0.0000025033950805664063,0,179.825,8.148,178.254,4.86,3f714e09
glyph16_U006F,glyph16,caph10-5000-50000-app40x,16470,658800,3863,1647,class_cap,2,20731,15951,3665,shared,354284,2007,1339,15344,5935,398,49,974,974,0,143,0,0.0000021457672119140625,0,429.999,12.045,427.293,8.00,3f714e09
glyph16_U0070,glyph16,caph10-5000-50000-app40x,18200,728000,3981,1820,class_cap,2,23498,17326,4008,shared,387828,2121,1465,15792,6415,425,52,1008,1010,0,153,0,0.000002264976501464844,0,446.332,12.202,443.455,9.38,3f714e09
glyph16_U0071,glyph16,caph10-5000-50000-app40x,18210,728400,3981,1821,class_cap,2,23425,17373,4027,shared,388780,2121,1469,15728,6425,426,52,1002,1011,0,153,0,0.0000021457672119140625,0,458.465,12.887,455.443,9.39,3f714e09
glyph16_U0072,glyph16,caph10-5000-50000-app40x,9900,396000,2127,990,class_cap,2,13009,9415,2213,shared,188940,1183,797,8912,3340,241,29,528,535,0,82,0,0.0000010728836059570313,0,147.735,8.000,146.138,4.86,3f714e09
glyph16_U0073,glyph16,caph10-5000-50000-app40x,26290,1051600,5739,2629,class_cap,2,32576,25334,6130,shared,615688,3051,2151,24320,9298,617,75,1472,1483,0,223,0,0.0000016801059246063232,0,1255.468,17.374,1250.376,11.87,3f714e09
glyph16_U0074,glyph16,caph10-5000-50000-app40x,5720,228800,1245,572,class_cap,2,8038,5296,1198,shared,90092,809,445,4960,1806,160,20,298,306,0,47,0,0.0000006556510925292969,0,73.354,5.649,72.310,2.79,3f714e09
glyph16_U0075,glyph16,caph10-5000-50000-app40x,9900,396000,2145,990,class_cap,2,13130,9333,2195,shared,202064,1221,800,8944,3367,250,30,536,550,0,84,0,0.000001728534698486328,0,95.126,8.281,93.494,4.85,3f714e09
glyph16_U0076,glyph16,caph10-5000-50000-app40x,5000,200000,207,121,class_cap,3,8160,2821,398,tree_cheaper,11088,207,114,1328,437,53,5,52,64,0,20,0,0.000000476837158203125,0,59.200,1.428,58.717,1.38,3f714e09
glyph16_U0077,glyph16,caph10-5000-50000-app40x,5000,200000,359,201,class_cap,3,10514,3688,573,tree_cheaper,17924,359,193,2144,791,87,9,102,126,0,30,0,0.0000019073486328125,0,103.953,2.031,103.384,1.86,3f714e09
glyph16_U0078,glyph16,caph10-5000-50000-app40x,5000,200000,359,201,class_cap,3,10180,4081,719,tree_cheaper,25772,359,200,2064,828,86,9,85,120,0,35,0,0.0000007748603820800781,0,106.239,2.057,105.326,1.94,3f714e09
glyph16_U0079,glyph16,caph10-5000-50000-app40x,8140,325600,1693,814,class_cap,2,10544,7661,1919,shared,168752,977,671,7664,2820,210,24,437,449,0,71,0,0.0000011920928955078125,0,47.010,6.859,45.680,3.92,3f714e09
glyph16_U007A,glyph16,caph10-5000-50000-app40x,5000,200000,267,147,class_cap,3,9092,2847,407,tree_cheaper,11148,283,120,1312,401,64,7,56,72,0,20,0,0.000003337860107421875,0,71.353,1.632,70.819,1.40,3f714e09
glyph16_U007B,glyph16,caph10-5000-50000-app40x,18850,754000,4101,1885,class_cap,2,24515,17786,4263,shared,419184,2273,1512,17008,6452,451,56,1033,1041,0,159,0,0.0000013113021850585938,0,411.469,14.564,406.816,9.52,3f714e09
glyph16_U007C,glyph16,caph10-5000-50000-app40x,5000,200000,123,70,class_cap,5,15936,4327,518,tree_cheaper,12268,131,46,576,128,35,3,20,30,0,6,0,0.0000002980232238769531,0,382.503,1.837,381.522,2.20,3f714e09
glyph16_U007D,glyph16,caph10-5000-50000-app40x,18770,750800,4101,1877,class_cap,2,24363,17741,4236,shared,414712,2273,1501,16576,6459,452,56,1028,1043,0,159,0,0.0000012516975402832031,0,450.621,13.558,447.304,9.51,3f714e09
glyph16_U007E,glyph16,caph10-5000-50000-app40x,18420,736800,3995,1842,class_cap,2,23278,17709,4258,shared,407884,2083,1496,16032,6479,418,51,994,1002,0,150,0,0,0,268.305,11.452,265.151,9.48,3f714e09
psychedelic_packed,psychedelic,caph10-5000-50000-app40x,5000,200000,1246,112,class_cap,3,7328,4670,1263,tree_cheaper,45224,1246,112,2368,825,127,1,29,30,0,13,0,0,0,19.639,1.040,18.813,2.32,3f714e09
shader_cosine_palette,shader,caph10-5000-50000-app40x,5000,200000,40,34,class_cap,4,7099,4611,1308,tree_cheaper,59288,40,25,1232,292,133,3,99,102,0,1,0,0,0,19.723,1.045,18.897,2.33,3f714e09
shader_smooth_min_scene,shader,caph10-5000-50000-app40x,5000,200000,43,40,class_cap,8,30052,2609,234,tree_cheaper,5456,43,39,448,132,34,0,0,0,0,2,0,0,0,55.311,0.355,54.949,1.26,3f714e09
shader_mandelbrot_distance,shader,caph10-5000-50000-app40x,5000,200000,152,128,class_cap,4,15340,3675,415,shared,16048,152,96,1408,518,141,19,12,43,0,4,0,0,0,31.496,3.560,31.060,1.80,3f714e09
shader_star_sdf,shader,caph10-5000-50000-app40x,5000,200000,66,58,class_cap,4,7717,3878,638,tree_cheaper,48548,66,58,640,172,56,1,0,2,0,2,0,0,0,16.410,0.501,16.008,1.89,3f714e09
shader_gyroid_slice,shader,caph10-5000-50000-app40x,5000,200000,40,38,quiesced,9,4675,775,102,tree_cheaper,1520,40,33,2768,932,163,4,124,128,0,8,0,0,0,12.598,1.975,12.297,0.35,3f714e09
shader_plasma,shader,caph10-5000-50000-app40x,5000,200000,37,35,class_cap,4,5981,3439,591,tree_cheaper,42332,37,29,1376,359,122,3,87,90,0,4,0,0,0,12.081,1.119,11.740,1.49,3f714e09
shader_domain_warp_fbm,shader,caph10-5000-50000-app40x,5000,200000,84,67,class_cap,3,6948,4591,1244,tree_cheaper,112556,84,63,1712,457,186,4,116,120,0,5,0,0,0,19.464,1.458,19.045,2.31,3f714e09
shader_kaleidoscope_fold,shader,caph10-5000-50000-app40x,5000,200000,46,43,quiesced,5,319,131,57,tree_cheaper,412,46,40,2032,560,238,10,156,174,0,8,0,0.000006109476089477539,0,1.427,3.402,1.183,0.09,3f714e09
shader_metaballs,shader,caph10-5000-50000-app40x,5000,200000,62,52,class_cap,4,10074,2584,286,shared,7632,62,50,480,155,43,1,0,0,0,3,0,0,0,51.865,0.471,51.508,1.30,3f714e09
shader_julia_set,shader,caph10-5000-50000-app40x,5000,200000,122,110,class_cap,5,14158,4535,819,tree_cheaper,32664,122,123,2064,717,210,14,58,67,0,5,0,0,0,32.422,4.069,29.323,2.28,3f714e09
shader_smoothstep_vignette,shader,caph10-5000-50000-app40x,5000,200000,64,50,quiesced,5,1074,283,82,tree_cheaper,1064,64,49,544,194,41,0,0,0,0,7,0,0.0000012069940567016602,0,3.834,4.171,3.044,0.15,3f714e09
shader_torus_slice,shader,caph10-5000-50000-app40x,5000,200000,38,34,class_cap,8,15310,2750,205,shared,5560,38,31,368,130,25,0,0,0,0,3,0,0,0,28.964,0.361,27.687,1.29,3f714e09
cellgrid_80x24_d2,cellgrid,caph12-5000-50000-app40x,5000,200000,667,123,class_cap,3,6826,4634,1322,shared,203960,667,117,2576,428,217,0,0,0,7,19,0,0,0,19.169,0.613,18.392,2.32,3f714e09
chrome_packed,chrome,caph12-5000-50000-app40x,5580,223200,390815,465,class_cap,2,6275,5499,1367,shared,179932,335411,403,3472,1686,388,17,619,621,26,8,0,0,0,177.545,4.515,24.115,34.88,3f714e09
chrome_R,chrome_channel,caph12-5000-50000-app40x,5000,200000,133101,351,class_cap,2,5626,4903,1208,shared,142940,114633,300,2640,1418,288,9,433,435,23,7,0,0.0000177919864654541,0,59.609,2.950,20.864,11.92,3f714e09
glyph16_U0020,glyph16,caph12-5000-50000-app40x,5000,200000,1,1,quiesced,1,0,1,1,tree_cheaper,4,1,1,164,0,1,0,0,0,0,0,0,0,0,1.032,0.249,0.013,0.00,3f714e09
glyph16_U0021,glyph16,caph12-5000-50000-app40x,5000,200000,267,138,class_cap,3,8771,2674,375,tree_cheaper,9768,283,105,1216,362,56,7,48,54,0,16,0,0.000000476837158203125,0,65.043,1.496,64.593,1.37,3f714e09
glyph16_U0022,glyph16,caph12-5000-50000-app40x,5000,200000,191,93,quiesced,7,17694,1642,151,tree_cheaper,2276,207,62,736,175,46,5,31,49,0,8,0,0.000000476837158203125,0,118.726,1.167,118.057,0.84,3f714e09
glyph16_U0023,glyph16,caph12-5000-50000-app40x,5000,200000,647,290,class_cap,2,5950,3379,737,tree_cheaper,37612,663,272,2528,1051,137,17,128,199,0,37,0,0.0000018477439880371096,0,21.816,3.253,21.038,1.80,3f714e09
glyph16_U0024,glyph16,caph12-5000-50000-app40x,34128,1365120,6151,2844,class_cap,2,40560,32668,9343,shared,982688,3363,2316,27568,9873,671,83,1556,1581,0,239,0,0.000002294778823852539,0,413.983,19.344,408.488,16.09,3f714e09
glyph16_U0025,glyph16,caph12-5000-50000-app40x,47928,1917120,8791,3994,class_cap,2,59344,46088,11956,tree_cheaper,1030336,4599,3269,33968,14569,934,113,2290,2302,0,340,0,0.00000196695327758789,0,5748.126,25.460,5739.573,22.69,3f714e09
glyph16_U0026,glyph16,caph12-5000-50000-app40x,42768,1710720,7719,3564,class_cap,2,51624,41098,11256,shared,1178192,4103,2914,34016,12641,828,101,1980,2002,0,302,0,0.0000020265579223632813,0,1797.599,22.857,1790.478,20.09,3f714e09
glyph16_U0027,glyph16,caph12-5000-50000-app40x,5000,200000,123,73,quiesced,7,12774,1153,108,tree_cheaper,1208,131,46,592,124,33,3,18,28,0,6,0,0.00000095367431640625,0,72.757,0.811,72.422,0.64,3f714e09
glyph16_U0028,glyph16,caph12-5000-50000-app40x,10896,435840,1959,908,class_cap,2,13117,10448,3031,shared,288472,1031,732,8048,3138,210,25,490,490,0,75,0,0.0000013113021850585938,0,58.182,7.038,56.733,5.06,3f714e09
glyph16_U0029,glyph16,caph12-5000-50000-app40x,9924,396960,1777,827,class_cap,2,11918,9495,2770,shared,260368,953,674,7440,2903,197,23,448,448,0,72,0,0.0000015348196029663086,0,55.104,6.693,53.723,4.86,3f714e09
glyph16_U002A,glyph16,caph12-5000-50000-app40x,5000,200000,647,320,class_cap,2,6378,3765,878,tree_cheaper,44764,663,302,2976,1204,134,17,119,187,0,46,0,0.000002264976501464844,0,20.104,3.134,19.377,1.99,3f714e09
glyph16_U002B,glyph16,caph12-5000-50000-app40x,5000,200000,259,124,class_cap,5,18015,2289,250,tree_cheaper,5468,283,73,816,205,52,7,37,46,0,10,0,0.000000476837158203125,0,84.454,1.495,84.004,1.16,3f714e09
glyph16_U002C,glyph16,caph12-5000-50000-app40x,5000,200000,199,114,class_cap,4,13534,2553,275,tree_cheaper,5756,207,93,1104,314,51,5,43,58,0,15,0,0.0000011920928955078125,0,68.832,1.212,68.385,1.30,3f714e09
glyph16_U002D,glyph16,caph12-5000-50000-app40x,5000,200000,123,74,quiesced,7,12610,1138,110,tree_cheaper,1232,131,47,624,124,33,3,18,28,0,6,0,0.0000019073486328125,0,67.039,0.802,66.690,0.59,3f714e09
glyph16_U002E,glyph16,caph12-5000-50000-app40x,5000,200000,123,70,class_cap,5,18244,3542,550,tree_cheaper,10980,131,43,544,120,33,3,18,28,0,6,0,0.0000019073486328125,0,191.641,0.796,191.226,1.68,3f714e09
glyph16_U002F,glyph16,caph12-5000-50000-app40x,5000,200000,131,84,class_cap,4,11709,2981,405,tree_cheaper,9632,131,66,864,222,35,3,28,34,0,11,0,0.000000476837158203125,0,84.452,0.893,84.049,1.40,3f714e09
glyph16_U0030,glyph16,caph12-5000-50000-app40x,30168,1206720,5767,2514,class_cap,2,37352,29003,7377,shared,714448,2983,2030,21904,9086,591,73,1463,1463,0,216,0,0.0000010728836059570313,0,2258.708,16.049,2254.185,15.27,3f714e09
glyph16_U0031,glyph16,caph12-5000-50000-app40x,5000,200000,301,157,class_cap,3,9593,3104,462,tree_cheaper,13408,321,133,1408,445,75,8,67,96,0,21,0,0.00000095367431640625,0,78.370,1.563,77.873,1.46,3f714e09
glyph16_U0032,glyph16,caph12-5000-50000-app40x,21276,851040,3827,1773,class_cap,2,25835,20432,5595,shared,515200,2043,1444,16160,6199,414,50,965,976,0,149,0,0.0000007152557373046875,0,311.357,11.642,308.372,10.03,3f714e09
glyph16_U0033,glyph16,caph12-5000-50000-app40x,31908,1276320,5901,2659,class_cap,2,38980,30715,8081,shared,808168,3097,2179,23808,9571,622,76,1512,1512,0,225,0,0.0000010132789611816406,0,1761.466,17.013,1756.644,15.61,3f714e09
glyph16_U0034,glyph16,caph12-5000-50000-app40x,5000,200000,335,167,class_cap,3,9777,3051,450,tree_cheaper,13660,359,129,1376,432,72,9,64,79,0,20,0,0.0000016689300537109375,0,81.649,1.850,81.067,1.45,3f714e09
glyph16_U0035,glyph16,caph12-5000-50000-app40x,21936,877440,4031,1828,class_cap,2,27572,20973,5394,shared,528220,2159,1479,16880,6391,437,53,1025,1035,0,155,0,0.0000017881393432617188,0,463.640,12.081,460.433,10.11,3f714e09
glyph16_U0036,glyph16,caph12-5000-50000-app40x,31728,1269120,5793,2644,class_cap,2,38495,30570,8141,tree_cheaper,682368,3021,2126,21776,9449,611,74,1499,1505,0,224,0,0.0000025853514671325684,0,2050.714,16.137,2046.069,15.56,3f714e09
glyph16_U0037,glyph16,caph12-5000-50000-app40x,5000,200000,199,117,class_cap,4,15234,3533,487,tree_cheaper,12536,207,97,1152,330,53,5,45,60,0,19,0,0.00000095367431640625,0,161.868,1.148,161.362,1.70,3f714e09
glyph16_U0038,glyph16,caph12-5000-50000-app40x,40860,1634400,7671,3405,class_cap,2,50768,39163,10116,tree_cheaper,873560,3959,2798,28528,12501,795,97,1985,1985,0,291,0,0.000002205371856689453,0,2469.033,20.696,2461.900,19.67,3f714e09
glyph16_U0039,glyph16,caph12-5000-50000-app40x,31992,1279680,5833,2666,class_cap,2,39561,30624,7918,shared,778516,3021,2165,23344,9517,605,74,1485,1485,0,222,0,0.000002574175596237182,0,2170.804,17.050,2165.868,15.55,3f714e09
glyph16_U003A,glyph16,caph12-5000-50000-app40x,5000,200000,191,97,class_cap,4,12594,2762,371,tree_cheaper,8600,207,52,624,143,38,5,23,23,0,7,0,0.000000476837158203125,0,103.306,1.159,102.831,1.37,3f714e09
glyph16_U003B,glyph16,caph12-5000-50000-app40x,5000,200000,267,143,class_cap,3,8699,2710,362,tree_cheaper,9480,283,122,1392,413,65,7,57,81,0,18,0,0.000000476837158203125,0,48.281,1.456,47.901,1.37,3f714e09
glyph16_U003C,glyph16,caph12-5000-50000-app40x,5000,200000,309,178,class_cap,3,9174,3095,488,tree_cheaper,14300,321,156,1680,571,77,8,76,93,0,24,0,0.0000013113021850585938,0,61.393,1.835,60.927,1.46,3f714e09
glyph16_U003D,glyph16,caph12-5000-50000-app40x,5000,200000,191,97,class_cap,4,11780,3763,691,tree_cheaper,16468,207,54,656,148,40,5,25,25,0,7,0,0,0,114.398,1.161,113.945,1.88,3f714e09
glyph16_U003E,glyph16,caph12-5000-50000-app40x,5000,200000,309,178,class_cap,3,9133,3088,493,tree_cheaper,14932,321,156,1664,571,77,8,76,92,0,24,0,0.0000010728836059570313,0,61.786,1.811,61.294,1.45,3f714e09
glyph16_U003F,glyph16,caph12-5000-50000-app40x,23136,925440,4159,1928,class_cap,2,28609,22084,6050,shared,558936,2311,1573,18368,6715,469,57,1070,1083,2,163,0,0.0000012516975402832031,0,462.440,12.534,458.983,10.40,3f714e09
glyph16_U0040,glyph16,caph12-5000-50000-app40x,42156,1686240,7803,3513,class_cap,2,51956,40545,10543,tree_cheaper,859548,4111,2872,30928,12777,832,101,2028,2043,0,299,0,0.0000018477439880371096,0,4558.963,26.095,4551.685,19.92,3f714e09
glyph16_U0041,glyph16,caph12-5000-50000-app40x,5000,200000,283,164,class_cap,3,9718,3699,575,tree_cheaper,18620,283,160,1760,633,71,7,77,95,0,23,0,0.00000095367431640625,0,85.414,1.593,84.911,1.86,3f714e09
glyph16_U0042,glyph16,caph12-5000-50000-app40x,21840,873600,3965,1820,class_cap,2,27243,20799,5523,shared,507964,2121,1474,16240,6362,425,52,1008,1010,0,152,0,0.0000013113021850585938,0,540.908,12.947,537.807,10.10,3f714e09
glyph16_U0043,glyph16,caph12-5000-50000-app40x,21684,867360,3963,1807,class_cap,2,27114,20798,5424,shared,536400,2083,1465,15936,6398,415,51,991,993,0,151,0,0.0000019073486328125,0,411.285,12.732,408.086,10.09,3f714e09
glyph16_U0044,glyph16,caph12-5000-50000-app40x,11268,450720,2027,939,class_cap,2,14791,10570,2732,shared,232044,1107,748,8512,3219,229,27,516,521,0,79,0,0.0000026226043701171875,0,182.889,7.756,181.298,5.09,3f714e09
glyph16_U0045,glyph16,caph12-5000-50000-app40x,5000,200000,259,134,class_cap,4,15297,3531,497,tree_cheaper,13872,283,83,928,226,58,7,43,61,0,14,0,0.00000095367431640625,0,137.621,1.506,137.123,1.71,3f714e09
glyph16_U0046,glyph16,caph12-5000-50000-app40x,5000,200000,225,118,class_cap,4,14175,3184,433,tree_cheaper,11116,245,72,784,196,51,6,36,50,0,12,0,0.0000011920928955078125,0,118.809,1.418,118.335,1.45,3f714e09
glyph16_U0047,glyph16,caph12-5000-50000-app40x,22248,889920,4031,1854,class_cap,2,27659,21327,5631,shared,530672,2159,1526,17200,6607,438,53,1026,1036,0,157,0,0.0000017881393432617188,0,442.596,12.899,439.291,10.21,3f714e09
glyph16_U0048,glyph16,caph12-5000-50000-app40x,5000,200000,259,118,class_cap,4,14395,3202,428,tree_cheaper,11336,283,68,752,195,52,7,37,46,0,10,0,0.00000095367431640625,0,120.945,1.485,120.441,1.46,3f714e09
glyph16_U0049,glyph16,caph12-5000-50000-app40x,5000,200000,259,122,class_cap,4,14634,3224,429,tree_cheaper,11344,283,70,768,201,52,7,37,46,0,10,0,0.00000095367431640625,0,136.019,1.571,135.536,1.46,3f714e09
glyph16_U004A,glyph16,caph12-5000-50000-app40x,11784,471360,2111,982,class_cap,2,15202,11110,2954,shared,277896,1183,796,8976,3356,247,29,545,550,0,84,0,0.0000013709068298339844,0,103.189,8.042,101.567,5.20,3f714e09
glyph16_U004B,glyph16,caph12-5000-50000-app40x,5000,200000,347,190,class_cap,3,10620,3750,581,tree_cheaper,19040,359,171,1792,649,83,9,82,105,0,27,0,0.0000016689300537109375,0,93.953,1.927,93.405,1.89,3f714e09
glyph16_U004C,glyph16,caph12-5000-50000-app40x,5000,200000,157,87,class_cap,4,12137,2666,356,tree_cheaper,8104,169,55,656,151,41,4,26,40,0,9,0,0.00000095367431640625,0,89.623,1.072,89.213,1.33,3f714e09
glyph16_U004D,glyph16,caph12-5000-50000-app40x,5000,200000,343,175,class_cap,3,10275,3654,558,tree_cheaper,17124,359,159,1680,594,83,9,82,112,0,23,0,0.00000095367431640625,0,85.327,1.998,84.775,1.87,3f714e09
glyph16_U004E,glyph16,caph12-5000-50000-app40x,5000,200000,267,130,class_cap,3,8669,2645,368,tree_cheaper,9820,283,104,1152,334,63,7,48,75,0,15,0,0.0000019073486328125,0,56.985,1.580,56.475,1.36,3f714e09
glyph16_U004F,glyph16,caph12-5000-50000-app40x,20484,819360,3863,1707,class_cap,2,25783,19606,5084,shared,465980,2007,1385,14688,6094,400,49,976,976,0,146,0,0.000002205371856689453,0,565.668,13.101,562.568,9.84,3f714e09
glyph16_U0050,glyph16,caph12-5000-50000-app40x,11484,459360,2061,957,class_cap,2,15097,10735,2807,shared,236896,1145,758,8400,3234,233,28,520,522,0,80,0,0.0000018477439880371096,0,190.135,8.043,188.208,5.12,3f714e09
glyph16_U0051,glyph16,caph12-5000-50000-app40x,23928,957120,4461,1994,class_cap,2,29932,22994,5851,shared,547240,2365,1616,17504,7140,477,58,1135,1147,0,174,0,0.0000020265579223632813,0,1611.435,15.389,1607.945,11.36,3f714e09
glyph16_U0052,glyph16,caph12-5000-50000-app40x,17328,693120,3105,1444,class_cap,2,21514,16522,4515,shared,411784,1709,1169,13200,4979,348,42,789,797,0,122,0,0.0000008940696716308594,0,261.639,12.336,258.624,9.21,3f714e09
glyph16_U0053,glyph16,caph12-5000-50000-app40x,32796,1311840,5943,2733,class_cap,2,39303,31588,8609,tree_cheaper,724984,3135,2215,23408,9774,638,77,1535,1546,0,232,0,0.0000014901161193847656,0,1323.158,18.381,1317.985,15.75,3f714e09
glyph16_U0054,glyph16,caph12-5000-50000-app40x,5000,200000,191,97,class_cap,4,13286,2881,373,tree_cheaper,8628,207,62,704,178,47,5,32,50,0,9,0,0.000001430511474609375,0,106.296,1.134,105.828,1.39,3f714e09
glyph16_U0055,glyph16,caph12-5000-50000-app40x,21348,853920,4031,1779,class_cap,2,25792,20518,5594,shared,557256,2159,1439,16528,6282,435,53,1023,1033,5,153,0,0.00000196695327758789,0,189.702,13.076,186.595,10.05,3f714e09
glyph16_U0056,glyph16,caph12-5000-50000-app40x,5000,200000,207,121,class_cap,3,8160,2821,398,tree_cheaper,11088,207,114,1328,437,53,5,52,64,0,20,0,0.000003337860107421875,0,58.921,1.228,58.476,1.38,3f714e09
glyph16_U0057,glyph16,caph12-5000-50000-app40x,5000,200000,359,204,class_cap,3,10887,3864,611,tree_cheaper,17848,359,194,2128,796,89,9,104,128,0,32,0,0.0000021457672119140625,0,131.654,1.953,130.842,1.89,3f714e09
glyph16_U0058,glyph16,caph12-5000-50000-app40x,5000,200000,359,201,class_cap,3,10197,4050,720,tree_cheaper,25924,359,205,2128,842,87,9,86,122,0,36,0,0.0000026226043701171875,0,104.125,2.088,103.526,1.94,3f714e09
glyph16_U0059,glyph16,caph12-5000-50000-app40x,5000,200000,275,151,class_cap,3,9522,3253,488,tree_cheaper,13852,283,140,1520,534,69,7,68,89,0,20,0,0.000003337860107421875,0,77.844,1.639,77.356,1.67,3f714e09
glyph16_U005A,glyph16,caph12-5000-50000-app40x,5000,200000,267,148,class_cap,3,9221,2922,418,tree_cheaper,11368,283,126,1360,420,68,7,60,84,0,21,0,0.000001430511474609375,0,75.472,1.580,74.676,1.41,3f714e09
glyph16_U005B,glyph16,caph12-5000-50000-app40x,5000,200000,191,105,quiesced,7,16687,1526,152,tree_cheaper,2372,207,64,752,170,44,5,29,39,0,10,0,0.000000476837158203125,0,98.562,1.187,98.150,0.71,3f714e09
glyph16_U005C,glyph16,caph12-5000-50000-app40x,5000,200000,131,84,class_cap,4,11752,2957,398,tree_cheaper,9460,131,70,912,230,35,3,28,34,0,11,0,0.000000476837158203125,0,85.380,1.073,84.935,1.39,3f714e09
glyph16_U005D,glyph16,caph12-5000-50000-app40x,5000,200000,191,105,quiesced,7,16993,1557,153,tree_cheaper,2360,207,65,752,175,45,5,30,39,0,10,0,0.000000476837158203125,0,113.766,1.158,113.351,0.72,3f714e09
glyph16_U005E,glyph16,caph12-5000-50000-app40x,5000,200000,207,125,class_cap,3,8188,3207,530,tree_cheaper,15384,207,117,1376,441,53,5,52,64,0,20,0,0.000000476837158203125,0,44.326,1.257,43.874,1.47,3f714e09
glyph16_U005F,glyph16,caph12-5000-50000-app40x,5000,200000,123,72,class_cap,5,17275,3086,434,tree_cheaper,9500,131,44,576,115,31,3,18,28,0,5,0,0.00000286102294921875,0,228.218,0.911,227.829,1.40,3f714e09
glyph16_U0060,glyph16,caph12-5000-50000-app40x,5000,200000,131,85,class_cap,4,12657,3671,679,tree_cheaper,13440,131,74,960,240,35,3,28,34,0,11,0,0.000000476837158203125,0,66.981,0.902,66.529,1.84,3f714e09
glyph16_U0061,glyph16,caph12-5000-50000-app40x,30000,1200000,5517,2500,class_cap,2,36715,28761,7468,shared,733396,2929,2032,22576,8829,583,72,1387,1398,0,209,0,0.0000018030405044555664,0,1614.184,17.016,1609.478,15.19,3f714e09
glyph16_U0062,glyph16,caph12-5000-50000-app40x,21864,874560,3981,1822,class_cap,2,27587,20876,5398,shared,510292,2121,1482,16000,6476,425,52,1008,1010,0,153,0,0.0000023245811462402344,0,523.696,12.166,520.630,10.10,3f714e09
glyph16_U0063,glyph16,caph12-5000-50000-app40x,21804,872160,3963,1817,class_cap,2,27317,20895,5426,shared,532796,2083,1463,15824,6400,415,51,991,993,0,151,0,0.0000023245811462402344,0,425.671,12.873,421.566,10.10,3f714e09
glyph16_U0064,glyph16,caph12-5000-50000-app40x,21828,873120,3981,1819,class_cap,2,27618,20824,5378,shared,527856,2121,1465,15792,6397,426,52,1002,1011,0,153,0,0.000002384185791015625,0,529.071,13.603,524.563,10.08,3f714e09
glyph16_U0065,glyph16,caph12-5000-50000-app40x,22380,895200,4035,1865,class_cap,2,27985,21415,5576,shared,543816,2159,1519,16608,6559,438,53,1022,1037,0,157,0,0.0000014901161193847656,0,456.007,12.565,452.761,10.22,3f714e09
glyph16_U0066,glyph16,caph12-5000-50000-app40x,6912,276480,1245,576,class_cap,2,9726,6248,1569,shared,121080,809,442,4976,1795,161,20,299,307,0,48,0,0.0000006556510925292969,0,104.377,5.392,103.293,2.98,3f714e09
glyph16_U0067,glyph16,caph12-5000-50000-app40x,32328,1293120,5969,2694,class_cap,2,39692,31062,8008,shared,766588,3173,2173,24624,9510,631,78,1509,1520,0,227,0,0.0000033974647521972656,0,2343.762,16.866,2338.744,15.66,3f714e09
glyph16_U0068,glyph16,caph12-5000-50000-app40x,11844,473760,2145,987,class_cap,2,15443,11170,2902,shared,253104,1221,798,8928,3363,249,30,541,548,0,83,0,0.0000013113021850585938,0,193.802,7.933,192.098,5.61,3f714e09
glyph16_U0069,glyph16,caph12-5000-50000-app40x,5000,200000,293,141,class_cap,4,16090,3725,527,tree_cheaper,15424,321,87,992,242,61,8,46,60,0,13,0,0.000000476837158203125,0,177.992,1.530,177.413,1.86,3f714e09
glyph16_U006A,glyph16,caph12-5000-50000-app40x,6816,272640,1211,568,class_cap,2,9438,6170,1569,shared,132744,771,449,4976,1829,159,19,303,309,0,49,0,0.0000030994415283203125,0,53.997,4.288,53.013,2.96,3f714e09
glyph16_U006B,glyph16,caph12-5000-50000-app40x,5000,200000,347,194,class_cap,3,10682,3764,584,tree_cheaper,19072,359,174,1840,653,84,9,83,106,0,28,0,0.0000016689300537109375,0,93.391,1.825,92.847,1.89,3f714e09
glyph16_U006C,glyph16,caph12-5000-50000-app40x,6456,258240,1143,538,class_cap,2,8693,6020,1546,shared,124072,695,433,4848,1780,150,17,294,304,0,47,0,0.0000015497207641601563,0,66.062,4.514,65.081,2.92,3f714e09
glyph16_U006D,glyph16,caph12-5000-50000-app40x,21228,849120,4133,1769,class_cap,2,26468,20315,5398,shared,504748,2273,1427,16848,6181,446,56,1016,1028,19,147,0,0.0000014901161193847656,0,530.825,13.095,527.590,10.02,3f714e09
glyph16_U006E,glyph16,caph12-5000-50000-app40x,11856,474240,2145,988,class_cap,2,15483,11179,2899,shared,250024,1221,793,8832,3361,249,30,541,548,0,83,0,0.0000025033950805664063,0,187.892,7.494,186.284,5.61,3f714e09
glyph16_U006F,glyph16,caph12-5000-50000-app40x,19764,790560,3863,1647,class_cap,2,25169,18815,4782,shared,472932,2007,1337,15232,5934,398,49,974,974,0,143,0,0.0000021457672119140625,0,512.997,11.335,510.080,9.70,3f714e09
glyph16_U0070,glyph16,caph12-5000-50000-app40x,21840,873600,3981,1820,class_cap,2,27671,20827,5372,shared,526036,2121,1465,15840,6418,425,52,1008,1010,0,153,0,0.000002264976501464844,0,493.813,11.755,490.865,10.08,3f714e09
glyph16_U0071,glyph16,caph12-5000-50000-app40x,21852,874080,3981,1821,class_cap,2,27539,20894,5403,shared,511312,2121,1476,15808,6481,426,52,1002,1011,0,153,0,0.0000021457672119140625,0,504.506,12.170,501.438,10.11,3f714e09
glyph16_U0072,glyph16,caph12-5000-50000-app40x,11880,475200,2127,990,class_cap,2,15269,11264,2979,shared,261808,1183,802,8896,3362,241,29,528,535,0,82,0,0.0000010728836059570313,0,155.241,7.542,153.599,5.62,3f714e09
glyph16_U0073,glyph16,caph12-5000-50000-app40x,31548,1261920,5739,2629,class_cap,2,38067,30337,8175,shared,825476,3051,2151,24672,9295,617,75,1472,1483,0,223,0,0.0000016801059246063232,0,1345.015,16.407,1340.217,15.46,3f714e09
glyph16_U0074,glyph16,caph12-5000-50000-app40x,6864,274560,1245,572,class_cap,2,9567,6246,1565,shared,127200,809,445,4912,1811,160,20,298,306,0,48,0,0.0000006556510925292969,0,75.909,4.780,74.788,2.98,3f714e09
glyph16_U0075,glyph16,caph12-5000-50000-app40x,11880,475200,2145,990,class_cap,2,15398,11164,2946,shared,277096,1221,802,8880,3379,250,30,536,550,0,84,0,0.000001728534698486328,0,100.602,7.390,98.967,5.61,3f714e09
glyph16_U0076,glyph16,caph12-5000-50000-app40x,5000,200000,207,121,class_cap,3,8160,2821,398,tree_cheaper,11088,207,114,1328,437,53,5,52,64,0,20,0,0.000000476837158203125,0,58.109,1.233,57.635,1.38,3f714e09
glyph16_U0077,glyph16,caph12-5000-50000-app40x,5000,200000,359,201,class_cap,3,10514,3688,573,tree_cheaper,17924,359,193,2144,791,87,9,102,126,0,30,0,0.0000019073486328125,0,103.674,1.926,103.147,1.86,3f714e09
glyph16_U0078,glyph16,caph12-5000-50000-app40x,5000,200000,359,201,class_cap,3,10180,4081,719,tree_cheaper,25772,359,200,2064,828,86,9,85,120,0,35,0,0.0000007748603820800781,0,219.264,3.972,218.248,1.94,3f714e09
glyph16_U0079,glyph16,caph12-5000-50000-app40x,9768,390720,1693,814,class_cap,2,12378,9178,2547,shared,234104,977,670,7616,2819,210,24,437,449,0,71,0,0.0000011920928955078125,0,61.446,6.264,60.015,4.80,3f714e09
glyph16_U007A,glyph16,caph12-5000-50000-app40x,5000,200000,267,147,class_cap,3,9092,2847,407,tree_cheaper,11148,283,120,1312,401,64,7,56,72,0,20,0,0.000003337860107421875,0,70.776,1.545,70.227,1.40,3f714e09
glyph16_U007B,glyph16,caph12-5000-50000-app40x,22620,904800,4101,1885,class_cap,2,28634,21395,5732,shared,571164,2273,1512,17344,6453,451,56,1033,1041,0,159,0,0.0000013113021850585938,0,437.633,12.617,434.311,10.25,3f714e09
glyph16_U007C,glyph16,caph12-5000-50000-app40x,5000,200000,123,70,class_cap,5,15936,4327,518,tree_cheaper,12268,131,46,576,128,35,3,20,30,0,6,0,0.0000002980232238769531,0,269.649,0.781,269.157,2.20,3f714e09
glyph16_U007D,glyph16,caph12-5000-50000-app40x,22524,900960,4101,1877,class_cap,2,28410,21355,5717,shared,568748,2273,1503,17024,6462,452,56,1028,1043,0,159,0,0.0000012516975402832031,0,478.690,12.812,475.242,10.24,3f714e09
glyph16_U007E,glyph16,caph12-5000-50000-app40x,22104,884160,3995,1842,class_cap,2,27124,21340,5681,shared,550928,2083,1497,15936,6485,418,51,994,1002,0,150,0,0,0,296.160,11.588,292.994,10.19,3f714e09
psychedelic_packed,psychedelic,caph12-5000-50000-app40x,5000,200000,1246,112,class_cap,3,7328,4670,1263,tree_cheaper,45224,1246,112,2368,825,127,1,29,30,0,13,0,0,0,19.863,0.922,19.217,2.32,3f714e09
shader_cosine_palette,shader,caph12-5000-50000-app40x,5000,200000,40,34,class_cap,4,7099,4611,1308,tree_cheaper,59288,40,25,1232,292,133,3,99,102,0,1,0,0,0,19.037,1.159,18.350,2.33,3f714e09
shader_smooth_min_scene,shader,caph12-5000-50000-app40x,5000,200000,43,40,class_cap,8,30052,2609,234,tree_cheaper,5456,43,39,448,132,34,0,0,0,0,2,0,0,0,55.651,0.360,55.305,1.26,3f714e09
shader_mandelbrot_distance,shader,caph12-5000-50000-app40x,5000,200000,152,128,class_cap,4,15340,3675,415,shared,16048,152,96,1408,518,141,19,12,43,0,4,0,0,0,31.594,3.678,31.174,1.80,3f714e09
shader_star_sdf,shader,caph12-5000-50000-app40x,5000,200000,66,58,class_cap,4,7717,3878,638,tree_cheaper,48548,66,58,640,172,56,1,0,2,0,2,0,0,0,16.281,0.474,15.934,1.89,3f714e09
shader_gyroid_slice,shader,caph12-5000-50000-app40x,5000,200000,40,38,quiesced,9,4675,775,102,tree_cheaper,1520,40,33,2768,932,163,4,124,128,0,8,0,0,0,12.040,2.083,11.823,0.35,3f714e09
shader_plasma,shader,caph12-5000-50000-app40x,5000,200000,37,35,class_cap,4,5981,3439,591,tree_cheaper,42332,37,29,1376,359,122,3,87,90,0,4,0,0,0,11.710,1.155,11.430,1.49,3f714e09
shader_domain_warp_fbm,shader,caph12-5000-50000-app40x,5000,200000,84,67,class_cap,3,6948,4591,1244,tree_cheaper,112556,84,63,1712,457,186,4,116,120,0,5,0,0,0,19.364,1.511,18.926,2.31,3f714e09
shader_kaleidoscope_fold,shader,caph12-5000-50000-app40x,5000,200000,46,43,quiesced,5,319,131,57,tree_cheaper,412,46,40,2032,560,238,10,156,174,0,8,0,0.000006109476089477539,0,1.409,3.221,1.170,0.09,3f714e09
shader_metaballs,shader,caph12-5000-50000-app40x,5000,200000,62,52,class_cap,4,10074,2584,286,shared,7632,62,50,480,155,43,1,0,0,0,3,0,0,0,52.937,0.494,52.307,1.30,3f714e09
shader_julia_set,shader,caph12-5000-50000-app40x,5000,200000,122,110,class_cap,5,14158,4535,819,tree_cheaper,32664,122,123,2064,717,210,14,58,67,0,5,0,0,0,30.899,3.664,30.483,2.28,3f714e09
shader_smoothstep_vignette,shader,caph12-5000-50000-app40x,5000,200000,64,50,quiesced,5,1074,283,82,tree_cheaper,1064,64,49,544,194,41,0,0,0,0,7,0,0.0000012069940567016602,0,3.243,0.531,3.040,0.15,3f714e09
shader_torus_slice,shader,caph12-5000-50000-app40x,5000,200000,38,34,class_cap,8,15310,2750,205,shared,5560,38,31,368,130,25,0,0,0,0,3,0,0,0,28.146,0.374,27.796,1.29,3f714e09
glyph16_U0020,glyph16,caph6-5000-50000-app40x,5000,200000,1,1,quiesced,1,0,1,1,tree_cheaper,4,1,1,164,0,1,0,0,0,0,0,0,0,0,0.512,0.250,0.019,0.00,3f714e09
glyph16_U0021,glyph16,caph6-5000-50000-app40x,5000,200000,267,138,class_cap,3,8771,2674,375,tree_cheaper,9768,283,105,1216,362,56,7,48,54,0,16,0,0.000000476837158203125,0,79.819,1.737,79.309,1.37,3f714e09
glyph16_U0022,glyph16,caph6-5000-50000-app40x,5000,200000,191,93,quiesced,7,17694,1642,151,tree_cheaper,2276,207,62,736,175,46,5,31,49,0,8,0,0.000000476837158203125,0,132.681,2.481,132.208,0.84,3f714e09
glyph16_U0023,glyph16,caph6-5000-50000-app40x,5000,200000,647,290,class_cap,2,5950,3379,737,tree_cheaper,37612,663,272,2528,1051,137,17,128,199,0,37,0,0.0000018477439880371096,0,24.936,3.167,24.208,1.80,3f714e09
glyph16_U0024,glyph16,caph6-5000-50000-app40x,17064,682560,6151,2844,class_cap,1,13217,16504,6489,shared,653668,3363,2371,27296,10656,675,83,1560,1591,1,295,0,0.000002294778823852539,0,58.441,22.765,52.546,9.82,3f714e09
glyph16_U0025,glyph16,caph6-5000-50000-app40x,23964,958560,8791,3994,class_cap,1,19197,23343,8986,shared,1011296,4599,3327,34896,15401,921,113,2251,2263,0,415,0,0.0000019073486328125,0,88.823,29.131,78.866,11.62,3f714e09
glyph16_U0026,glyph16,caph6-5000-50000-app40x,21384,855360,7719,3564,class_cap,1,16976,20869,8064,shared,823168,4103,2981,32720,13590,828,101,1980,2002,0,375,0,0.0000020265579223632813,0,72.425,27.422,65.650,11.02,3f714e09
glyph16_U0027,glyph16,caph6-5000-50000-app40x,5000,200000,123,73,quiesced,7,12774,1153,108,tree_cheaper,1208,131,46,592,124,33,3,18,28,0,6,0,0.00000095367431640625,0,91.283,0.833,90.868,0.64,3f714e09
glyph16_U0028,glyph16,caph6-5000-50000-app40x,5448,217920,1959,908,class_cap,1,4304,5310,2078,shared,189320,1031,751,7920,3377,210,25,490,490,0,93,0,0.0000013113021850585938,0,15.038,7.512,13.817,2.79,3f714e09
glyph16_U0029,glyph16,caph6-5000-50000-app40x,5000,200000,1777,827,class_cap,1,3932,4863,1901,shared,169444,953,692,7312,3119,197,23,448,448,0,89,0,0.0000015348196029663086,0,18.229,8.478,16.935,2.63,3f714e09
glyph16_U002A,glyph16,caph6-5000-50000-app40x,5000,200000,647,320,class_cap,2,6378,3765,878,tree_cheaper,44764,663,302,2976,1204,134,17,119,187,0,46,0,0.000002264976501464844,0,25.510,3.310,24.733,1.99,3f714e09
glyph16_U002B,glyph16,caph6-5000-50000-app40x,5000,200000,259,124,class_cap,5,18015,2289,250,tree_cheaper,5468,283,73,816,205,52,7,37,46,0,10,0,0.000000476837158203125,0,99.583,1.520,99.089,1.16,3f714e09
glyph16_U002C,glyph16,caph6-5000-50000-app40x,5000,200000,199,114,class_cap,4,13534,2553,275,tree_cheaper,5756,207,93,1104,314,51,5,43,58,0,15,0,0.0000011920928955078125,0,83.711,1.588,83.269,1.30,3f714e09
glyph16_U002D,glyph16,caph6-5000-50000-app40x,5000,200000,123,74,quiesced,7,12610,1138,110,tree_cheaper,1232,131,47,624,124,33,3,18,28,0,6,0,0.0000019073486328125,0,80.043,2.093,79.654,0.59,3f714e09
glyph16_U002E,glyph16,caph6-5000-50000-app40x,5000,200000,123,70,class_cap,5,18244,3542,550,tree_cheaper,10980,131,43,544,120,33,3,18,28,0,6,0,0.0000019073486328125,0,222.836,1.223,221.828,1.68,3f714e09
glyph16_U002F,glyph16,caph6-5000-50000-app40x,5000,200000,131,84,class_cap,4,11709,2981,405,tree_cheaper,9632,131,66,864,222,35,3,28,34,0,11,0,0.000000476837158203125,0,101.166,1.010,100.731,1.40,3f714e09
glyph16_U0030,glyph16,caph6-5000-50000-app40x,15084,603360,5767,2514,class_cap,1,12122,14752,5691,shared,571116,2983,2134,23328,9895,591,73,1463,1463,8,271,0,0.0000010728836059570313,0,51.998,21.042,47.684,8.17,3f714e09
glyph16_U0031,glyph16,caph6-5000-50000-app40x,5000,200000,301,157,class_cap,3,9593,3104,462,tree_cheaper,13408,321,133,1408,445,75,8,67,96,0,21,0,0.00000095367431640625,0,96.201,1.932,95.378,1.46,3f714e09
glyph16_U0032,glyph16,caph6-5000-50000-app40x,10638,425520,3827,1773,class_cap,1,8410,10395,4029,shared,422228,2043,1478,15872,6693,414,50,965,976,0,187,0,0.0000007152557373046875,0,34.944,16.397,31.588,5.39,3f714e09
glyph16_U0033,glyph16,caph6-5000-50000-app40x,15954,638160,5901,2659,class_cap,1,12761,15593,6004,shared,603564,3097,2227,23648,10217,622,76,1512,1512,0,281,0,0.0000010132789611816406,0,53.349,22.669,48.806,8.40,3f714e09
glyph16_U0034,glyph16,caph6-5000-50000-app40x,5000,200000,335,167,class_cap,3,9777,3051,450,tree_cheaper,13660,359,129,1376,432,72,9,64,79,0,20,0,0.0000016689300537109375,0,92.029,2.713,91.472,1.45,3f714e09
glyph16_U0035,glyph16,caph6-5000-50000-app40x,10968,438720,4031,1828,class_cap,1,8798,10718,4102,shared,393692,2159,1542,16592,6979,437,53,1025,1035,7,195,0,0.0000017881393432617188,0,35.171,15.349,31.129,5.58,3f714e09
glyph16_U0036,glyph16,caph6-5000-50000-app40x,15864,634560,5793,2644,class_cap,1,12686,15528,5953,shared,587824,3021,2189,22592,10062,603,74,1475,1481,0,274,0,0.0000025853514671325684,0,54.996,22.888,50.630,8.37,3f714e09
glyph16_U0037,glyph16,caph6-5000-50000-app40x,5000,200000,199,117,class_cap,4,15234,3533,487,tree_cheaper,12536,207,97,1152,330,53,5,45,60,0,19,0,0.00000095367431640625,0,198.787,1.312,198.262,1.70,3f714e09
glyph16_U0038,glyph16,caph6-5000-50000-app40x,20430,817200,7671,3405,class_cap,1,16381,19900,7708,shared,793540,3959,2839,29936,13149,784,97,1952,1952,0,355,0,0.000002205371856689453,0,67.529,26.898,61.225,10.56,3f714e09
glyph16_U0039,glyph16,caph6-5000-50000-app40x,15996,639840,5833,2666,class_cap,1,12836,15647,5999,shared,598296,3021,2205,22768,10147,605,74,1485,1485,0,273,0,0.000002574175596237182,0,54.863,22.689,49.117,8.39,3f714e09
glyph16_U003A,glyph16,caph6-5000-50000-app40x,5000,200000,191,97,class_cap,4,12594,2762,371,tree_cheaper,8600,207,52,624,143,38,5,23,23,0,7,0,0.000000476837158203125,0,118.145,1.763,117.627,1.37,3f714e09
glyph16_U003B,glyph16,caph6-5000-50000-app40x,5000,200000,267,143,class_cap,3,8699,2710,362,tree_cheaper,9480,283,122,1392,413,65,7,57,81,0,18,0,0.000000476837158203125,0,55.004,2.773,54.512,1.37,3f714e09
glyph16_U003C,glyph16,caph6-5000-50000-app40x,5000,200000,309,178,class_cap,3,9174,3095,488,tree_cheaper,14300,321,156,1680,571,77,8,76,93,0,24,0,0.0000013113021850585938,0,69.692,2.095,69.179,1.46,3f714e09
glyph16_U003D,glyph16,caph6-5000-50000-app40x,5000,200000,191,97,class_cap,4,11780,3763,691,tree_cheaper,16468,207,54,656,148,40,5,25,25,0,7,0,0,0,127.864,1.259,127.376,1.88,3f714e09
glyph16_U003E,glyph16,caph6-5000-50000-app40x,5000,200000,309,178,class_cap,3,9133,3088,493,tree_cheaper,14932,321,156,1664,571,77,8,76,92,0,24,0,0.0000010728836059570313,0,79.117,2.585,78.294,1.45,3f714e09
glyph16_U003F,glyph16,caph6-5000-50000-app40x,11568,462720,4159,1928,class_cap,1,9164,11279,4332,shared,454288,2311,1609,18624,7193,470,57,1071,1086,1,203,0,0.0000012516975402832031,0,40.041,15.503,36.440,5.76,3f714e09
glyph16_U0040,glyph16,caph6-5000-50000-app40x,21078,843120,7803,3513,class_cap,1,16936,20577,7885,shared,807060,4111,2927,31152,13497,820,101,1988,2007,0,370,0,0.0000018477439880371096,0,72.446,27.968,64.985,10.74,3f714e09
glyph16_U0041,glyph16,caph6-5000-50000-app40x,5000,200000,283,164,class_cap,3,9718,3699,575,tree_cheaper,18620,283,160,1760,633,71,7,77,95,0,23,0,0.00000095367431640625,0,98.996,2.052,98.167,1.86,3f714e09
glyph16_U0042,glyph16,caph6-5000-50000-app40x,10920,436800,3965,1820,class_cap,1,8735,10664,4090,shared,432992,2121,1505,16000,6838,427,52,1010,1016,0,190,0,0.0000012516975402832031,0,33.236,14.615,30.170,5.56,3f714e09
glyph16_U0043,glyph16,caph6-5000-50000-app40x,10842,433680,3963,1807,class_cap,1,8670,10593,4067,shared,391500,2083,1503,15616,6894,416,51,992,996,0,187,0,0.0000019073486328125,0,38.690,13.250,35.825,5.42,3f714e09
glyph16_U0044,glyph16,caph6-5000-50000-app40x,5634,225360,2027,939,class_cap,1,4565,5498,2091,shared,204836,1107,776,8304,3491,229,27,516,521,0,98,0,0.000002562999725341797,0,22.412,9.406,20.616,2.83,3f714e09
glyph16_U0045,glyph16,caph6-5000-50000-app40x,5000,200000,259,134,class_cap,4,15297,3531,497,tree_cheaper,13872,283,83,928,226,58,7,43,61,0,14,0,0.00000095367431640625,0,168.855,1.859,168.354,1.71,3f714e09
glyph16_U0046,glyph16,caph6-5000-50000-app40x,5000,200000,225,118,class_cap,4,14175,3184,433,tree_cheaper,11116,245,72,784,196,51,6,36,50,0,12,0,0.0000011920928955078125,0,145.077,1.512,144.549,1.45,3f714e09
glyph16_U0047,glyph16,caph6-5000-50000-app40x,11124,444960,4031,1854,class_cap,1,8904,10876,4164,shared,398592,2159,1539,16400,6965,438,53,1026,1036,0,191,0,0.0000017881393432617188,0,39.450,15.213,35.609,5.62,3f714e09
glyph16_U0048,glyph16,caph6-5000-50000-app40x,5000,200000,259,118,class_cap,4,14395,3202,428,tree_cheaper,11336,283,68,752,195,52,7,37,46,0,10,0,0.00000095367431640625,0,145.815,1.614,145.260,1.46,3f714e09
glyph16_U0049,glyph16,caph6-5000-50000-app40x,5000,200000,259,122,class_cap,4,14634,3224,429,tree_cheaper,11344,283,70,768,201,52,7,37,46,0,10,0,0.00000095367431640625,0,160.672,2.116,160.131,1.46,3f714e09
glyph16_U004A,glyph16,caph6-5000-50000-app40x,5892,235680,2111,982,class_cap,1,4762,5752,2184,shared,195900,1183,817,8880,3626,247,29,545,550,0,103,0,0.0000013709068298339844,0,22.075,8.875,20.055,2.90,3f714e09
glyph16_U004B,glyph16,caph6-5000-50000-app40x,5000,200000,347,190,class_cap,3,10620,3750,581,tree_cheaper,19040,359,171,1792,649,83,9,82,105,0,27,0,0.0000016689300537109375,0,122.527,2.153,121.314,1.89,3f714e09
glyph16_U004C,glyph16,caph6-5000-50000-app40x,5000,200000,157,87,class_cap,4,12137,2666,356,tree_cheaper,8104,169,55,656,151,41,4,26,40,0,9,0,0.00000095367431640625,0,110.501,1.005,110.012,1.33,3f714e09
glyph16_U004D,glyph16,caph6-5000-50000-app40x,5000,200000,343,175,class_cap,3,10275,3654,558,tree_cheaper,17124,359,159,1680,594,83,9,82,112,0,23,0,0.00000095367431640625,0,107.957,2.328,107.374,1.87,3f714e09
glyph16_U004E,glyph16,caph6-5000-50000-app40x,5000,200000,267,130,class_cap,3,8669,2645,368,tree_cheaper,9820,283,104,1152,334,63,7,48,75,0,15,0,0.0000019073486328125,0,72.834,1.563,72.286,1.36,3f714e09
glyph16_U004F,glyph16,caph6-5000-50000-app40x,10242,409680,3863,1707,class_cap,1,8240,9998,3846,shared,370900,2007,1439,15008,6598,400,49,976,976,0,182,0,0.000002205371856689453,0,33.178,13.404,29.709,5.28,3f714e09
glyph16_U0050,glyph16,caph6-5000-50000-app40x,5742,229680,2061,957,class_cap,1,4656,5602,2122,shared,207256,1145,789,8464,3519,234,28,521,525,0,101,0,0.0000018477439880371096,0,22.656,14.377,20.001,2.86,3f714e09
glyph16_U0051,glyph16,caph6-5000-50000-app40x,11964,478560,4461,1994,class_cap,1,9607,11694,4485,shared,433116,2365,1691,18096,7752,477,58,1135,1147,0,217,0,0.0000020265579223632813,0,47.764,14.095,42.526,5.81,3f714e09
glyph16_U0052,glyph16,caph6-5000-50000-app40x,8664,346560,3105,1444,class_cap,1,6914,8460,3238,shared,332008,1709,1203,12960,5399,349,42,790,800,0,152,0,0.0000008940696716308594,0,77.750,17.325,74.668,4.94,3f714e09
glyph16_U0053,glyph16,caph6-5000-50000-app40x,16398,655920,5943,2733,class_cap,1,13031,16047,6197,shared,617756,3135,2280,24352,10402,632,77,1517,1528,0,285,0,0.0000016093254089355469,0,106.154,28.758,72.740,8.52,3f714e09
glyph16_U0054,glyph16,caph6-5000-50000-app40x,5000,200000,191,97,class_cap,4,13286,2881,373,tree_cheaper,8628,207,62,704,178,47,5,32,50,0,9,0,0.000001430511474609375,0,177.789,3.746,173.816,1.39,3f714e09
glyph16_U0055,glyph16,caph6-5000-50000-app40x,10674,426960,4031,1779,class_cap,1,8503,10417,4028,shared,398008,2159,1483,16656,6747,435,53,1023,1033,6,184,0,0.0000020265579223632813,0,43.229,25.305,40.323,5.42,3f714e09
glyph16_U0056,glyph16,caph6-5000-50000-app40x,5000,200000,207,121,class_cap,3,8160,2821,398,tree_cheaper,11088,207,114,1328,437,53,5,52,64,0,20,0,0.000003337860107421875,0,104.283,1.196,103.453,1.38,3f714e09
glyph16_U0057,glyph16,caph6-5000-50000-app40x,5000,200000,359,204,class_cap,3,10887,3864,611,tree_cheaper,17848,359,194,2128,796,89,9,104,128,0,32,0,0.0000021457672119140625,0,462.010,2.034,461.383,1.89,3f714e09
glyph16_U0058,glyph16,caph6-5000-50000-app40x,5000,200000,359,201,class_cap,3,10197,4050,720,tree_cheaper,25924,359,205,2128,842,87,9,86,122,0,36,0,0.0000026226043701171875,0,206.815,2.427,205.754,1.94,3f714e09
glyph16_U0059,glyph16,caph6-5000-50000-app40x,5000,200000,275,151,class_cap,3,9522,3253,488,tree_cheaper,13852,283,140,1520,534,69,7,68,89,0,20,0,0.000003337860107421875,0,115.653,1.511,114.754,1.67,3f714e09
glyph16_U005A,glyph16,caph6-5000-50000-app40x,5000,200000,267,148,class_cap,3,9221,2922,418,tree_cheaper,11368,283,126,1360,420,68,7,60,84,0,21,0,0.000001430511474609375,0,100.436,1.451,99.882,1.41,3f714e09
glyph16_U005B,glyph16,caph6-5000-50000-app40x,5000,200000,191,105,quiesced,7,16687,1526,152,tree_cheaper,2372,207,64,752,170,44,5,29,39,0,10,0,0.000000476837158203125,0,139.162,1.176,138.669,0.71,3f714e09
glyph16_U005C,glyph16,caph6-5000-50000-app40x,5000,200000,131,84,class_cap,4,11752,2957,398,tree_cheaper,9460,131,70,912,230,35,3,28,34,0,11,0,0.000000476837158203125,0,104.157,0.834,103.635,1.39,3f714e09
glyph16_U005D,glyph16,caph6-5000-50000-app40x,5000,200000,191,105,quiesced,7,16993,1557,153,tree_cheaper,2360,207,65,752,175,45,5,30,39,0,10,0,0.000000476837158203125,0,157.422,2.026,157.028,0.72,3f714e09
glyph16_U005E,glyph16,caph6-5000-50000-app40x,5000,200000,207,125,class_cap,3,8188,3207,530,tree_cheaper,15384,207,117,1376,441,53,5,52,64,0,20,0,0.000000476837158203125,0,60.544,1.215,60.088,1.47,3f714e09
glyph16_U005F,glyph16,caph6-5000-50000-app40x,5000,200000,123,72,class_cap,5,17275,3086,434,tree_cheaper,9500,131,44,576,115,31,3,18,28,0,5,0,0.00000286102294921875,0,292.107,0.836,291.690,1.40,3f714e09
glyph16_U0060,glyph16,caph6-5000-50000-app40x,5000,200000,131,85,class_cap,4,12657,3671,679,tree_cheaper,13440,131,74,960,240,35,3,28,34,0,11,0,0.000000476837158203125,0,93.450,3.188,93.017,1.84,3f714e09
glyph16_U0061,glyph16,caph6-5000-50000-app40x,15000,600000,5517,2500,class_cap,1,11994,14679,5641,shared,558628,2929,2092,22096,9517,587,72,1391,1408,5,261,0,0.0000018030405044555664,0,64.366,23.492,60.039,8.18,3f714e09
glyph16_U0062,glyph16,caph6-5000-50000-app40x,10932,437280,3981,1822,class_cap,1,8764,10679,4082,shared,390952,2121,1504,15728,6857,426,52,1009,1013,0,186,0,0.0000023245811462402344,0,48.448,14.349,44.402,5.45,3f714e09
glyph16_U0063,glyph16,caph6-5000-50000-app40x,10902,436080,3963,1817,class_cap,1,8704,10657,4098,shared,393308,2083,1509,15680,6909,416,51,992,996,0,190,0,0.000002384185791015625,0,45.355,15.932,41.404,5.45,3f714e09
glyph16_U0064,glyph16,caph6-5000-50000-app40x,10914,436560,3981,1819,class_cap,1,8755,10661,4082,shared,390312,2121,1512,15824,6912,428,52,1004,1017,0,191,0,0.000002384185791015625,0,41.348,16.385,37.320,5.45,3f714e09
glyph16_U0065,glyph16,caph6-5000-50000-app40x,11190,447600,4035,1865,class_cap,1,8936,10937,4193,shared,400380,2159,1561,16496,7071,438,53,1022,1037,0,198,0,0.000001430511474609375,0,46.218,18.911,42.003,5.63,3f714e09
glyph16_U0066,glyph16,caph6-5000-50000-app40x,5000,200000,1245,576,class_cap,2,6766,4781,1109,shared,82460,809,447,4944,1821,161,20,299,307,0,48,0,0.0000006854534149169922,0,153.682,6.112,151.979,2.48,3f714e09
glyph16_U0067,glyph16,caph6-5000-50000-app40x,16164,646560,5969,2694,class_cap,1,12979,15816,6054,shared,606624,3173,2233,23744,10219,633,78,1511,1525,0,279,0,0.0000033974647521972656,0,74.267,28.731,65.253,8.45,3f714e09
glyph16_U0068,glyph16,caph6-5000-50000-app40x,5922,236880,2145,987,class_cap,1,4782,5781,2196,shared,212484,1221,823,8832,3665,250,30,542,551,0,107,0,0.0000013709068298339844,0,24.235,12.517,22.706,2.91,3f714e09
glyph16_U0069,glyph16,caph6-5000-50000-app40x,5000,200000,293,141,class_cap,4,16090,3725,527,tree_cheaper,15424,321,87,992,242,61,8,46,60,0,13,0,0.000000476837158203125,0,236.204,3.745,235.605,1.86,3f714e09
glyph16_U006A,glyph16,caph6-5000-50000-app40x,5000,200000,1211,568,class_cap,2,6745,4718,1083,shared,82636,771,450,5024,1828,159,19,303,309,0,49,0,0.0000030994415283203125,0,62.162,8.086,60.409,2.45,3f714e09
glyph16_U006B,glyph16,caph6-5000-50000-app40x,5000,200000,347,194,class_cap,3,10682,3764,584,tree_cheaper,19072,359,174,1840,653,84,9,83,106,0,28,0,0.0000016689300537109375,0,127.699,3.706,126.767,1.89,3f714e09
glyph16_U006C,glyph16,caph6-5000-50000-app40x,5000,200000,1143,538,class_cap,2,6691,4789,1067,shared,75932,695,432,4896,1773,150,17,294,304,0,47,0,0.0000015497207641601563,0,74.303,5.178,73.141,2.47,3f714e09
glyph16_U006D,glyph16,caph6-5000-50000-app40x,10614,424560,4133,1769,class_cap,1,8449,10377,3968,shared,420908,2273,1484,17040,6726,447,56,1017,1031,23,186,0,0.0000015497207641601563,0,44.818,18.623,41.158,5.44,3f714e09
glyph16_U006E,glyph16,caph6-5000-50000-app40x,5928,237120,2145,988,class_cap,1,4786,5787,2198,shared,212500,1221,824,8848,3665,250,30,542,551,0,107,0,0.0000025033950805664063,0,25.863,14.460,24.355,2.91,3f714e09
glyph16_U006F,glyph16,caph6-5000-50000-app40x,9882,395280,3863,1647,class_cap,1,7984,9649,3713,shared,363900,2007,1415,15952,6510,398,49,974,974,18,184,0,0.0000021457672119140625,0,53.111,25.535,47.555,5.20,3f714e09
glyph16_U0070,glyph16,caph6-5000-50000-app40x,10920,436800,3981,1820,class_cap,1,8756,10670,4084,shared,390864,2121,1498,15776,6862,427,52,1010,1016,0,186,0,0.0000023245811462402344,0,53.762,19.007,48.658,5.45,3f714e09
glyph16_U0071,glyph16,caph6-5000-50000-app40x,10926,437040,3981,1821,class_cap,1,8752,10673,4088,shared,391548,2121,1508,15696,6907,427,52,1003,1014,0,191,0,0.0000021457672119140625,0,48.381,15.753,43.328,5.45,3f714e09
glyph16_U0072,glyph16,caph6-5000-50000-app40x,5940,237600,2127,990,class_cap,1,4795,5800,2198,shared,213332,1183,820,8768,3634,242,29,529,538,0,103,0,0.0000010728836059570313,0,25.548,11.848,24.096,2.91,3f714e09
glyph16_U0073,glyph16,caph6-5000-50000-app40x,15774,630960,5739,2629,class_cap,1,12544,15434,5947,shared,590704,3051,2207,23760,10029,617,75,1472,1483,0,280,0,0.00000173225998878479,0,74.340,38.614,68.868,8.37,3f714e09
glyph16_U0074,glyph16,caph6-5000-50000-app40x,5000,200000,1245,572,class_cap,2,6723,4784,1103,shared,81604,809,441,4912,1798,160,20,298,306,0,47,0,0.0000006556510925292969,0,104.931,12.799,103.909,2.48,3f714e09
glyph16_U0075,glyph16,caph6-5000-50000-app40x,5940,237600,2145,990,class_cap,1,4801,5795,2199,shared,197304,1221,820,8736,3637,251,30,537,553,0,103,0,0.000001728534698486328,0,35.581,23.747,33.947,2.92,3f714e09
glyph16_U0076,glyph16,caph6-5000-50000-app40x,5000,200000,207,121,class_cap,3,8160,2821,398,tree_cheaper,11088,207,114,1328,437,53,5,52,64,0,20,0,0.000000476837158203125,0,80.082,2.889,78.854,1.38,3f714e09
glyph16_U0077,glyph16,caph6-5000-50000-app40x,5000,200000,359,201,class_cap,3,10514,3688,573,tree_cheaper,17924,359,193,2144,791,87,9,102,126,0,30,0,0.0000019073486328125,0,175.075,1.897,173.878,1.86,3f714e09
glyph16_U0078,glyph16,caph6-5000-50000-app40x,5000,200000,359,201,class_cap,3,10180,4081,719,tree_cheaper,25772,359,200,2064,828,86,9,85,120,0,35,0,0.0000007748603820800781,0,138.022,3.487,137.488,1.94,3f714e09
glyph16_U0079,glyph16,caph6-5000-50000-app40x,5000,200000,1693,814,class_cap,1,3917,4808,1842,shared,157720,977,700,7712,3110,210,24,437,449,0,103,0,0.0000011920928955078125,0,31.298,14.405,28.489,2.61,3f714e09
glyph16_U007A,glyph16,caph6-5000-50000-app40x,5000,200000,267,147,class_cap,3,9092,2847,407,tree_cheaper,11148,283,120,1312,401,64,7,56,72,0,20,0,0.000003337860107421875,0,175.857,2.912,168.753,1.40,3f714e09
glyph16_U007B,glyph16,caph6-5000-50000-app40x,11310,452400,4101,1885,class_cap,1,9040,11012,4200,shared,404256,2273,1553,16528,6958,455,56,1037,1053,0,191,0,0.0000013113021850585938,0,114.527,12.553,101.863,5.70,3f714e09
glyph16_U007C,glyph16,caph6-5000-50000-app40x,5000,200000,123,70,class_cap,5,15936,4327,518,tree_cheaper,12268,131,46,576,128,35,3,20,30,0,6,0,0.0000002980232238769531,0,408.760,0.952,407.369,2.20,3f714e09
glyph16_U007D,glyph16,caph6-5000-50000-app40x,11262,450480,4101,1877,class_cap,1,9013,10995,4195,shared,403000,2273,1545,16304,6953,456,56,1032,1055,0,189,0,0.0000012516975402832031,0,38.666,14.788,35.697,5.70,3f714e09
glyph16_U007E,glyph16,caph6-5000-50000-app40x,11052,442080,3995,1842,class_cap,1,8900,10793,4115,shared,401712,2083,1530,16160,6968,421,51,1004,1009,0,194,0,0,0,33.762,13.878,31.000,5.60,3f714e09
glyph16_U0020,glyph16,caph7-5000-50000-app40x,5000,200000,1,1,quiesced,1,0,1,1,tree_cheaper,4,1,1,164,0,1,0,0,0,0,0,0,0,0,0.482,0.225,0.016,0.00,3f714e09
glyph16_U0021,glyph16,caph7-5000-50000-app40x,5000,200000,267,138,class_cap,3,8771,2674,375,tree_cheaper,9768,283,105,1216,362,56,7,48,54,0,16,0,0.000000476837158203125,0,78.497,1.562,78.003,1.37,3f714e09
glyph16_U0022,glyph16,caph7-5000-50000-app40x,5000,200000,191,93,quiesced,7,17694,1642,151,tree_cheaper,2276,207,62,736,175,46,5,31,49,0,8,0,0.000000476837158203125,0,132.695,1.439,132.270,0.84,3f714e09
glyph16_U0023,glyph16,caph7-5000-50000-app40x,5000,200000,647,290,class_cap,2,5950,3379,737,tree_cheaper,37612,663,272,2528,1051,137,17,128,199,0,37,0,0.0000018477439880371096,0,23.971,3.496,23.085,1.80,3f714e09
glyph16_U0024,glyph16,caph7-5000-50000-app40x,19908,796320,6151,2844,class_cap,2,21111,19529,6258,tree_cheaper,658492,3363,2301,27312,9848,671,83,1556,1581,0,239,0,0.000002294778823852539,0,217.496,25.363,212.333,10.25,3f714e09
glyph16_U0025,glyph16,caph7-5000-50000-app40x,27958,1118320,8791,3994,class_cap,2,29030,27735,8750,shared,878404,4599,3259,36000,14409,921,113,2251,2263,0,338,0,0.0000019073486328125,0,1266.281,27.944,1257.728,14.76,3f714e09
glyph16_U0026,glyph16,caph7-5000-50000-app40x,24948,997920,7719,3564,class_cap,2,26243,24632,7781,shared,815920,4103,2902,34032,12595,828,101,1980,2002,0,301,0,0.0000020265579223632813,0,896.436,26.923,887.423,12.21,3f714e09
glyph16_U0027,glyph16,caph7-5000-50000-app40x,5000,200000,123,73,quiesced,7,12774,1153,108,tree_cheaper,1208,131,46,592,124,33,3,18,28,0,6,0,0.00000095367431640625,0,84.507,1.287,83.421,0.64,3f714e09
glyph16_U0028,glyph16,caph7-5000-50000-app40x,6356,254240,1959,908,class_cap,2,6676,6258,2020,shared,192448,1031,726,8016,3125,210,25,490,490,0,74,0,0.0000013113021850585938,0,40.028,8.694,38.541,3.12,3f714e09
glyph16_U0029,glyph16,caph7-5000-50000-app40x,5789,231560,1777,827,class_cap,2,6151,5686,1828,shared,171160,953,668,7376,2886,197,23,448,448,0,72,0,0.0000015348196029663086,0,39.505,7.054,37.605,2.75,3f714e09
glyph16_U002A,glyph16,caph7-5000-50000-app40x,5000,200000,647,320,class_cap,2,6378,3765,878,tree_cheaper,44764,663,302,2976,1204,134,17,119,187,0,46,0,0.000002264976501464844,0,21.640,3.567,20.884,1.99,3f714e09
glyph16_U002B,glyph16,caph7-5000-50000-app40x,5000,200000,259,124,class_cap,5,18015,2289,250,tree_cheaper,5468,283,73,816,205,52,7,37,46,0,10,0,0.000000476837158203125,0,95.290,1.557,94.824,1.16,3f714e09
glyph16_U002C,glyph16,caph7-5000-50000-app40x,5000,200000,199,114,class_cap,4,13534,2553,275,tree_cheaper,5756,207,93,1104,314,51,5,43,58,0,15,0,0.0000011920928955078125,0,77.224,1.274,76.787,1.30,3f714e09
glyph16_U002D,glyph16,caph7-5000-50000-app40x,5000,200000,123,74,quiesced,7,12610,1138,110,tree_cheaper,1232,131,47,624,124,33,3,18,28,0,6,0,0.0000019073486328125,0,77.106,0.873,76.199,0.59,3f714e09
glyph16_U002E,glyph16,caph7-5000-50000-app40x,5000,200000,123,70,class_cap,5,18244,3542,550,tree_cheaper,10980,131,43,544,120,33,3,18,28,0,6,0,0.0000019073486328125,0,218.353,0.800,217.609,1.68,3f714e09
glyph16_U002F,glyph16,caph7-5000-50000-app40x,5000,200000,131,84,class_cap,4,11709,2981,405,tree_cheaper,9632,131,66,864,222,35,3,28,34,0,11,0,0.000000476837158203125,0,97.249,1.484,96.445,1.40,3f714e09
glyph16_U0030,glyph16,caph7-5000-50000-app40x,17598,703920,5767,2514,class_cap,2,17991,17461,5505,tree_cheaper,573952,2983,2040,22032,9115,591,73,1463,1463,0,215,0,0.0000010728836059570313,0,273.971,18.094,268.866,9.80,3f714e09
glyph16_U0031,glyph16,caph7-5000-50000-app40x,5000,200000,301,157,class_cap,3,9593,3104,462,tree_cheaper,13408,321,133,1408,445,75,8,67,96,0,21,0,0.00000095367431640625,0,93.327,2.064,92.512,1.46,3f714e09
glyph16_U0032,glyph16,caph7-5000-50000-app40x,12411,496440,3827,1773,class_cap,2,13056,12247,3882,shared,367568,2043,1443,16256,6202,414,50,965,976,0,148,0,0.0000007152557373046875,0,175.188,12.865,172.168,6.08,3f714e09
glyph16_U0033,glyph16,caph7-5000-50000-app40x,18613,744520,5901,2659,class_cap,2,19631,18323,5712,shared,585148,3097,2163,24048,9488,622,76,1512,1512,0,224,0,0.0000010728836059570313,0,398.094,22.552,391.809,9.98,3f714e09
glyph16_U0034,glyph16,caph7-5000-50000-app40x,5000,200000,335,167,class_cap,3,9777,3051,450,tree_cheaper,13660,359,129,1376,432,72,9,64,79,0,20,0,0.0000016689300537109375,0,90.518,2.138,89.945,1.45,3f714e09
glyph16_U0035,glyph16,caph7-5000-50000-app40x,12796,511840,4031,1828,class_cap,2,13641,12595,3863,shared,378416,2159,1481,16656,6388,437,53,1025,1035,0,154,0,0.0000017881393432617188,0,219.329,16.471,216.400,6.16,3f714e09
glyph16_U0036,glyph16,caph7-5000-50000-app40x,18508,740320,5793,2644,class_cap,2,19672,18206,5648,shared,577080,3021,2144,23184,9386,603,74,1475,1481,0,221,0,0.0000025853514671325684,0,486.883,20.599,481.966,9.93,3f714e09
glyph16_U0037,glyph16,caph7-5000-50000-app40x,5000,200000,199,117,class_cap,4,15234,3533,487,tree_cheaper,12536,207,97,1152,330,53,5,45,60,0,19,0,0.00000095367431640625,0,202.233,1.381,201.689,1.70,3f714e09
glyph16_U0038,glyph16,caph7-5000-50000-app40x,23835,953400,7671,3405,class_cap,2,24626,23617,7488,shared,783240,3959,2764,29600,12269,784,97,1952,1952,0,288,0,0.000002205371856689453,0,679.894,25.056,672.890,11.20,3f714e09
glyph16_U0039,glyph16,caph7-5000-50000-app40x,18662,746480,5833,2666,class_cap,2,19717,18394,5703,shared,575724,3021,2161,23264,9477,605,74,1485,1485,0,221,0,0.000002574175596237182,0,409.284,20.605,404.382,9.96,3f714e09
glyph16_U003A,glyph16,caph7-5000-50000-app40x,5000,200000,191,97,class_cap,4,12594,2762,371,tree_cheaper,8600,207,52,624,143,38,5,23,23,0,7,0,0.000000476837158203125,0,120.174,1.177,119.383,1.37,3f714e09
glyph16_U003B,glyph16,caph7-5000-50000-app40x,5000,200000,267,143,class_cap,3,8699,2710,362,tree_cheaper,9480,283,122,1392,413,65,7,57,81,0,18,0,0.000000476837158203125,0,57.323,1.881,56.628,1.37,3f714e09
glyph16_U003C,glyph16,caph7-5000-50000-app40x,5000,200000,309,178,class_cap,3,9174,3095,488,tree_cheaper,14300,321,156,1680,571,77,8,76,93,0,24,0,0.0000013113021850585938,0,68.676,1.865,67.876,1.46,3f714e09
glyph16_U003D,glyph16,caph7-5000-50000-app40x,5000,200000,191,97,class_cap,4,11780,3763,691,tree_cheaper,16468,207,54,656,148,40,5,25,25,0,7,0,0,0,122.724,2.293,121.951,1.88,3f714e09
glyph16_U003E,glyph16,caph7-5000-50000-app40x,5000,200000,309,178,class_cap,3,9133,3088,493,tree_cheaper,14932,321,156,1664,571,77,8,76,92,0,24,0,0.0000010728836059570313,0,76.748,1.964,75.930,1.45,3f714e09
glyph16_U003F,glyph16,caph7-5000-50000-app40x,13496,539840,4159,1928,class_cap,2,14623,13297,4117,shared,388396,2311,1574,18688,6713,469,57,1070,1083,2,163,0,0.0000013113021850585938,0,271.166,15.481,267.433,6.44,3f714e09
glyph16_U0040,glyph16,caph7-5000-50000-app40x,24591,983640,7803,3513,class_cap,2,26171,24210,7447,shared,773404,4111,2841,31280,12542,818,101,1986,2001,0,298,0,0.0000018477439880371096,0,982.251,24.843,975.136,12.09,3f714e09
glyph16_U0041,glyph16,caph7-5000-50000-app40x,5000,200000,283,164,class_cap,3,9718,3699,575,tree_cheaper,18620,283,160,1760,633,71,7,77,95,0,23,0,0.00000095367431640625,0,96.809,1.622,95.960,1.86,3f714e09
glyph16_U0042,glyph16,caph7-5000-50000-app40x,12740,509600,3965,1820,class_cap,2,13671,12571,3892,shared,370784,2121,1470,16320,6352,425,52,1008,1010,0,152,0,0.0000013113021850585938,0,258.342,13.911,255.211,6.15,3f714e09
glyph16_U0043,glyph16,caph7-5000-50000-app40x,12649,505960,3963,1807,class_cap,2,13291,12461,3870,shared,381980,2083,1462,15952,6395,415,51,991,993,0,150,0,0.0000019073486328125,0,187.716,14.249,184.615,6.13,3f714e09
glyph16_U0044,glyph16,caph7-5000-50000-app40x,6573,262920,2027,939,class_cap,2,7204,6486,1948,shared,171548,1107,757,8448,3250,229,27,516,521,0,79,0,0.000002562999725341797,0,92.221,9.217,90.520,3.13,3f714e09
glyph16_U0045,glyph16,caph7-5000-50000-app40x,5000,200000,259,134,class_cap,4,15297,3531,497,tree_cheaper,13872,283,83,928,226,58,7,43,61,0,14,0,0.00000095367431640625,0,152.136,1.611,151.280,1.71,3f714e09
glyph16_U0046,glyph16,caph7-5000-50000-app40x,5000,200000,225,118,class_cap,4,14175,3184,433,tree_cheaper,11116,245,72,784,196,51,6,36,50,0,12,0,0.0000011920928955078125,0,136.834,1.415,136.068,1.45,3f714e09
glyph16_U0047,glyph16,caph7-5000-50000-app40x,12978,519120,4031,1854,class_cap,2,13819,12760,3944,shared,384508,2159,1506,16816,6486,438,53,1026,1036,0,155,0,0.0000017881393432617188,0,220.896,14.838,217.661,6.20,3f714e09
glyph16_U0048,glyph16,caph7-5000-50000-app40x,5000,200000,259,118,class_cap,4,14395,3202,428,tree_cheaper,11336,283,68,752,195,52,7,37,46,0,10,0,0.00000095367431640625,0,137.155,2.452,136.302,1.46,3f714e09
glyph16_U0049,glyph16,caph7-5000-50000-app40x,5000,200000,259,122,class_cap,4,14634,3224,429,tree_cheaper,11344,283,70,768,201,52,7,37,46,0,10,0,0.00000095367431640625,0,153.130,1.563,152.374,1.46,3f714e09
glyph16_U004A,glyph16,caph7-5000-50000-app40x,6874,274960,2111,982,class_cap,2,7594,6727,2029,shared,187556,1183,793,9024,3345,247,29,545,550,0,83,0,0.0000013709068298339844,0,74.504,9.457,72.698,3.64,3f714e09
glyph16_U004B,glyph16,caph7-5000-50000-app40x,5000,200000,347,190,class_cap,3,10620,3750,581,tree_cheaper,19040,359,171,1792,649,83,9,82,105,0,27,0,0.0000016689300537109375,0,107.981,3.355,107.071,1.89,3f714e09
glyph16_U004C,glyph16,caph7-5000-50000-app40x,5000,200000,157,87,class_cap,4,12137,2666,356,tree_cheaper,8104,169,55,656,151,41,4,26,40,0,9,0,0.00000095367431640625,0,106.858,2.176,106.010,1.33,3f714e09
glyph16_U004D,glyph16,caph7-5000-50000-app40x,5000,200000,343,175,class_cap,3,10275,3654,558,tree_cheaper,17124,359,159,1680,594,83,9,82,112,0,23,0,0.00000095367431640625,0,102.832,1.911,101.688,1.87,3f714e09
glyph16_U004E,glyph16,caph7-5000-50000-app40x,5000,200000,267,130,class_cap,3,8669,2645,368,tree_cheaper,9820,283,104,1152,334,63,7,48,75,0,15,0,0.0000019073486328125,0,66.387,1.653,65.428,1.36,3f714e09
glyph16_U004F,glyph16,caph7-5000-50000-app40x,11949,477960,3863,1707,class_cap,2,12293,11846,3733,tree_cheaper,370292,2007,1388,14816,6098,400,49,976,976,0,144,0,0.000002205371856689453,0,146.209,13.422,142.433,5.61,3f714e09
glyph16_U0050,glyph16,caph7-5000-50000-app40x,6699,267960,2061,957,class_cap,2,7399,6601,1980,shared,173088,1145,767,8560,3265,233,28,520,522,0,80,0,0.0000018477439880371096,0,94.913,10.028,93.452,3.16,3f714e09
glyph16_U0051,glyph16,caph7-5000-50000-app40x,13958,558320,4461,1994,class_cap,2,14519,13838,4288,shared,420004,2365,1619,17568,7140,477,58,1135,1147,0,171,0,0.0000020265579223632813,0,232.625,19.056,227.908,7.38,3f714e09
glyph16_U0052,glyph16,caph7-5000-50000-app40x,10108,404320,3105,1444,class_cap,2,10955,9955,3083,shared,286480,1709,1172,13248,4995,348,42,789,797,0,122,0,0.0000008940696716308594,0,141.483,13.307,138.535,5.16,3f714e09
glyph16_U0053,glyph16,caph7-5000-50000-app40x,19131,765240,5943,2733,class_cap,2,20269,18797,5901,shared,603100,3135,2223,24816,9660,632,77,1517,1528,0,229,0,0.0000016093254089355469,0,352.385,20.046,347.356,10.08,3f714e09
glyph16_U0054,glyph16,caph7-5000-50000-app40x,5000,200000,191,97,class_cap,4,13286,2881,373,tree_cheaper,8628,207,62,704,178,47,5,32,50,0,9,0,0.000001430511474609375,0,117.124,1.265,116.340,1.39,3f714e09
glyph16_U0055,glyph16,caph7-5000-50000-app40x,12453,498120,4031,1779,class_cap,2,13180,12228,3833,shared,386044,2159,1443,16656,6300,435,53,1023,1033,0,152,0,0.00000196695327758789,0,137.287,13.873,133.499,6.11,3f714e09
glyph16_U0056,glyph16,caph7-5000-50000-app40x,5000,200000,207,121,class_cap,3,8160,2821,398,tree_cheaper,11088,207,114,1328,437,53,5,52,64,0,20,0,0.000003337860107421875,0,65.929,1.230,65.150,1.38,3f714e09
glyph16_U0057,glyph16,caph7-5000-50000-app40x,5000,200000,359,204,class_cap,3,10887,3864,611,tree_cheaper,17848,359,194,2128,796,89,9,104,128,0,32,0,0.0000021457672119140625,0,149.559,1.965,148.716,1.89,3f714e09
glyph16_U0058,glyph16,caph7-5000-50000-app40x,5000,200000,359,201,class_cap,3,10197,4050,720,tree_cheaper,25924,359,205,2128,842,87,9,86,122,0,36,0,0.0000026226043701171875,0,116.591,2.103,115.614,1.94,3f714e09
glyph16_U0059,glyph16,caph7-5000-50000-app40x,5000,200000,275,151,class_cap,3,9522,3253,488,tree_cheaper,13852,283,140,1520,534,69,7,68,89,0,20,0,0.000003337860107421875,0,86.251,1.565,85.668,1.67,3f714e09
glyph16_U005A,glyph16,caph7-5000-50000-app40x,5000,200000,267,148,class_cap,3,9221,2922,418,tree_cheaper,11368,283,126,1360,420,68,7,60,84,0,21,0,0.000001430511474609375,0,82.549,2.346,81.769,1.41,3f714e09
glyph16_U005B,glyph16,caph7-5000-50000-app40x,5000,200000,191,105,quiesced,7,16687,1526,152,tree_cheaper,2372,207,64,752,170,44,5,29,39,0,10,0,0.000000476837158203125,0,118.328,1.250,117.921,0.71,3f714e09
glyph16_U005C,glyph16,caph7-5000-50000-app40x,5000,200000,131,84,class_cap,4,11752,2957,398,tree_cheaper,9460,131,70,912,230,35,3,28,34,0,11,0,0.000000476837158203125,0,102.937,0.907,102.196,1.39,3f714e09
glyph16_U005D,glyph16,caph7-5000-50000-app40x,5000,200000,191,105,quiesced,7,16993,1557,153,tree_cheaper,2360,207,65,752,175,45,5,30,39,0,10,0,0.000000476837158203125,0,125.960,1.468,125.250,0.72,3f714e09
glyph16_U005E,glyph16,caph7-5000-50000-app40x,5000,200000,207,125,class_cap,3,8188,3207,530,tree_cheaper,15384,207,117,1376,441,53,5,52,64,0,20,0,0.000000476837158203125,0,53.798,1.206,53.091,1.47,3f714e09
glyph16_U005F,glyph16,caph7-5000-50000-app40x,5000,200000,123,72,class_cap,5,17275,3086,434,tree_cheaper,9500,131,44,576,115,31,3,18,28,0,5,0,0.00000286102294921875,0,254.247,0.899,253.785,1.40,3f714e09
glyph16_U0060,glyph16,caph7-5000-50000-app40x,5000,200000,131,85,class_cap,4,12657,3671,679,tree_cheaper,13440,131,74,960,240,35,3,28,34,0,11,0,0.000000476837158203125,0,89.750,0.908,88.991,1.84,3f714e09
glyph16_U0061,glyph16,caph7-5000-50000-app40x,17500,700000,5517,2500,class_cap,2,18503,17257,5317,shared,535716,2929,2023,22128,8776,583,72,1387,1398,0,208,0,0.0000018030405044555664,0,384.363,17.789,378.739,9.72,3f714e09
glyph16_U0062,glyph16,caph7-5000-50000-app40x,12754,510160,3981,1822,class_cap,2,13653,12551,3831,shared,374796,2121,1472,16160,6399,425,52,1008,1010,0,152,0,0.0000023245811462402344,0,237.142,14.830,234.223,6.18,3f714e09
glyph16_U0063,glyph16,caph7-5000-50000-app40x,12719,508760,3963,1817,class_cap,2,13306,12542,3895,shared,380556,2083,1466,15952,6405,415,51,991,993,0,150,0,0.0000023245811462402344,0,200.479,14.208,196.075,6.15,3f714e09
glyph16_U0064,glyph16,caph7-5000-50000-app40x,12733,509320,3981,1819,class_cap,2,13638,12521,3838,shared,375024,2121,1470,16032,6404,426,52,1002,1011,0,152,0,0.000002384185791015625,0,228.234,15.834,224.100,6.17,3f714e09
glyph16_U0065,glyph16,caph7-5000-50000-app40x,13055,522200,4035,1865,class_cap,2,13901,12842,3948,shared,384476,2159,1515,16784,6543,438,53,1022,1037,0,156,0,0.0000014901161193847656,0,215.927,15.776,212.989,6.21,3f714e09
glyph16_U0066,glyph16,caph7-5000-50000-app40x,5000,200000,1245,576,class_cap,2,6766,4781,1109,shared,82460,809,447,4944,1821,161,20,299,307,0,48,0,0.0000006854534149169922,0,92.794,5.608,91.460,2.48,3f714e09
glyph16_U0067,glyph16,caph7-5000-50000-app40x,18858,754320,5969,2694,class_cap,2,20062,18569,5703,shared,576928,3173,2170,23920,9502,631,78,1509,1520,0,226,0,0.0000034384429454803467,0,857.608,20.473,852.918,10.03,3f714e09
glyph16_U0068,glyph16,caph7-5000-50000-app40x,6909,276360,2145,987,class_cap,2,7612,6805,2042,shared,182116,1221,792,8960,3345,249,30,541,548,0,83,0,0.0000013113021850585938,0,115.345,10.096,113.704,3.67,3f714e09
glyph16_U0069,glyph16,caph7-5000-50000-app40x,5000,200000,293,141,class_cap,4,16090,3725,527,tree_cheaper,15424,321,87,992,242,61,8,46,60,0,13,0,0.000000476837158203125,0,246.720,1.790,245.867,1.86,3f714e09
glyph16_U006A,glyph16,caph7-5000-50000-app40x,5000,200000,1211,568,class_cap,2,6745,4718,1083,shared,82636,771,450,5024,1828,159,19,303,309,0,49,0,0.0000030994415283203125,0,55.052,6.521,53.644,2.45,3f714e09
glyph16_U006B,glyph16,caph7-5000-50000-app40x,5000,200000,347,194,class_cap,3,10682,3764,584,tree_cheaper,19072,359,174,1840,653,84,9,83,106,0,28,0,0.0000016689300537109375,0,124.911,1.797,124.321,1.89,3f714e09
glyph16_U006C,glyph16,caph7-5000-50000-app40x,5000,200000,1143,538,class_cap,2,6691,4789,1067,shared,75932,695,432,4896,1773,150,17,294,304,0,47,0,0.0000015497207641601563,0,101.903,5.324,99.368,2.47,3f714e09
glyph16_U006D,glyph16,caph7-5000-50000-app40x,12383,495320,4133,1769,class_cap,2,13261,12217,3744,shared,360812,2273,1439,17120,6216,446,56,1016,1028,19,147,0,0.0000014901161193847656,0,295.644,15.200,291.252,6.10,3f714e09
glyph16_U006E,glyph16,caph7-5000-50000-app40x,6916,276640,2145,988,class_cap,2,7628,6811,2038,shared,179560,1221,792,8928,3355,249,30,541,548,0,83,0,0.0000025033950805664063,0,120.467,10.295,118.137,3.66,3f714e09
glyph16_U006F,glyph16,caph7-5000-50000-app40x,11529,461160,3863,1647,class_cap,2,11807,11441,3580,tree_cheaper,364888,2007,1336,15264,5931,398,49,974,974,0,142,0,0.0000021457672119140625,0,160.543,12.448,155.144,5.54,3f714e09
glyph16_U0070,glyph16,caph7-5000-50000-app40x,12740,509600,3981,1820,class_cap,2,13634,12525,3834,shared,374788,2121,1465,16016,6407,425,52,1008,1010,0,152,0,0.000002264976501464844,0,276.160,14.274,272.974,6.17,3f714e09
glyph16_U0071,glyph16,caph7-5000-50000-app40x,12747,509880,3981,1821,class_cap,2,13626,12543,3829,shared,375104,2121,1467,15936,6412,426,52,1002,1011,0,152,0,0.0000021457672119140625,0,257.901,14.564,255.053,6.18,3f714e09
glyph16_U0072,glyph16,caph7-5000-50000-app40x,6930,277200,2127,990,class_cap,2,7591,6818,2071,shared,184888,1183,797,8944,3346,241,29,528,535,0,82,0,0.000001132488250732422,0,110.727,21.326,108.369,3.67,3f714e09
glyph16_U0073,glyph16,caph7-5000-50000-app40x,18403,736120,5739,2629,class_cap,2,19478,18091,5645,shared,578832,3051,2144,24304,9279,617,75,1472,1483,0,222,0,0.0000016801059246063232,0,415.507,35.342,407.743,9.92,3f714e09
glyph16_U0074,glyph16,caph7-5000-50000-app40x,5000,200000,1245,572,class_cap,2,6723,4784,1103,shared,81604,809,441,4912,1798,160,20,298,306,0,47,0,0.0000006556510925292969,0,151.171,16.639,150.087,2.48,3f714e09
glyph16_U0075,glyph16,caph7-5000-50000-app40x,6930,277200,2145,990,class_cap,2,7716,6772,2036,shared,188296,1221,795,8912,3353,250,30,536,550,0,83,0,0.000001728534698486328,0,85.906,10.940,83.589,3.66,3f714e09
glyph16_U0076,glyph16,caph7-5000-50000-app40x,5000,200000,207,121,class_cap,3,8160,2821,398,tree_cheaper,11088,207,114,1328,437,53,5,52,64,0,20,0,0.000000476837158203125,0,70.003,1.224,69.468,1.38,3f714e09
glyph16_U0077,glyph16,caph7-5000-50000-app40x,5000,200000,359,201,class_cap,3,10514,3688,573,tree_cheaper,17924,359,193,2144,791,87,9,102,126,0,30,0,0.0000019073486328125,0,163.507,1.787,162.928,1.86,3f714e09
glyph16_U0078,glyph16,caph7-5000-50000-app40x,5000,200000,359,201,class_cap,3,10180,4081,719,tree_cheaper,25772,359,200,2064,828,86,9,85,120,0,35,0,0.0000007748603820800781,0,187.599,3.006,186.939,1.94,3f714e09
glyph16_U0079,glyph16,caph7-5000-50000-app40x,5698,227920,1693,814,class_cap,2,6288,5560,1695,shared,148272,977,666,7632,2807,210,24,437,449,0,70,0,0.0000011920928955078125,0,50.512,6.637,47.233,2.71,3f714e09
glyph16_U007A,glyph16,caph7-5000-50000-app40x,5000,200000,267,147,class_cap,3,9092,2847,407,tree_cheaper,11148,283,120,1312,401,64,7,56,72,0,20,0,0.000003337860107421875,0,95.850,1.432,95.287,1.40,3f714e09
glyph16_U007B,glyph16,caph7-5000-50000-app40x,13195,527800,4101,1885,class_cap,2,14525,12919,3942,shared,394644,2273,1509,16864,6450,451,56,1033,1041,0,158,0,0.0000013113021850585938,0,259.648,16.161,256.559,6.27,3f714e09
glyph16_U007C,glyph16,caph7-5000-50000-app40x,5000,200000,123,70,class_cap,5,15936,4327,518,tree_cheaper,12268,131,46,576,128,35,3,20,30,0,6,0,0.0000002980232238769531,0,362.649,1.201,362.107,2.20,3f714e09
glyph16_U007D,glyph16,caph7-5000-50000-app40x,13139,525560,4101,1877,class_cap,2,14375,12887,3934,shared,392424,2273,1502,16624,6464,452,56,1028,1043,0,158,0,0.0000012516975402832031,0,275.836,14.451,272.709,6.26,3f714e09
glyph16_U007E,glyph16,caph7-5000-50000-app40x,12894,515760,3995,1842,class_cap,2,13787,12689,3943,shared,385704,2083,1495,16144,6465,418,51,994,1002,0,149,0,0,0,197.214,17.845,193.485,6.18,3f714e09
cellgrid_80x24_d2,cellgrid,caph8-5000-50000-app40x,5000,200000,667,123,class_cap,3,6826,4634,1322,shared,203960,667,117,2576,428,217,0,0,0,7,19,0,0,0,18.845,0.568,18.028,2.32,3f714e09
chrome_packed,chrome,caph8-5000-50000-app40x,5000,200000,390815,465,class_cap,2,5502,4944,1351,shared,177956,335411,398,3424,1668,385,17,614,616,22,7,0,0,0,177.477,4.334,22.400,34.88,3f714e09
chrome_R,chrome_channel,caph8-5000-50000-app40x,5000,200000,133101,351,class_cap,2,5626,4903,1208,shared,142940,114633,300,2640,1418,288,9,433,435,23,7,0,0.0000177919864654541,0,59.243,2.812,20.881,11.92,3f714e09
glyph16_U0020,glyph16,caph8-5000-50000-app40x,5000,200000,1,1,quiesced,1,0,1,1,tree_cheaper,4,1,1,164,0,1,0,0,0,0,0,0,0,0,0.458,0.332,0.014,0.00,3f714e09
glyph16_U0021,glyph16,caph8-5000-50000-app40x,5000,200000,267,138,class_cap,3,8771,2674,375,tree_cheaper,9768,283,105,1216,362,56,7,48,54,0,16,0,0.000000476837158203125,0,65.407,1.460,64.961,1.37,3f714e09
glyph16_U0022,glyph16,caph8-5000-50000-app40x,5000,200000,191,93,quiesced,7,17694,1642,151,tree_cheaper,2276,207,62,736,175,46,5,31,49,0,8,0,0.000000476837158203125,0,119.200,1.073,118.853,0.84,3f714e09
glyph16_U0023,glyph16,caph8-5000-50000-app40x,5000,200000,647,290,class_cap,2,5950,3379,737,tree_cheaper,37612,663,272,2528,1051,137,17,128,199,0,37,0,0.0000018477439880371096,0,20.578,3.017,19.996,1.80,3f714e09
glyph16_U0024,glyph16,caph8-5000-50000-app40x,22752,910080,6151,2844,class_cap,2,25715,22309,6544,shared,681016,3363,2307,27488,9849,671,83,1556,1581,0,239,0,0.000002294778823852539,0,308.078,17.701,302.647,10.67,3f714e09
glyph16_U0025,glyph16,caph8-5000-50000-app40x,31952,1278080,8791,3994,class_cap,2,36580,31499,8769,shared,870812,4599,3257,35952,14406,921,113,2251,2263,0,338,0,0.0000019073486328125,0,2500.107,24.265,2492.184,16.13,3f714e09
glyph16_U0026,glyph16,caph8-5000-50000-app40x,28512,1140480,7719,3564,class_cap,2,32859,27846,7866,shared,823716,4103,2906,34048,12605,828,101,1980,2002,0,302,0,0.0000020265579223632813,0,914.993,21.317,908.184,14.43,3f714e09
glyph16_U0027,glyph16,caph8-5000-50000-app40x,5000,200000,123,73,quiesced,7,12774,1153,108,tree_cheaper,1208,131,46,592,124,33,3,18,28,0,6,0,0.00000095367431640625,0,72.518,0.799,72.114,0.64,3f714e09
glyph16_U0028,glyph16,caph8-5000-50000-app40x,7264,290560,1959,908,class_cap,2,8405,7083,2054,shared,194712,1031,731,8064,3137,210,25,490,490,0,75,0,0.0000013113021850585938,0,44.097,6.798,42.792,3.64,3f714e09
glyph16_U0029,glyph16,caph8-5000-50000-app40x,6616,264640,1777,827,class_cap,2,7674,6440,1876,shared,174988,953,668,7376,2885,197,23,448,448,0,72,0,0.0000015348196029663086,0,38.294,6.564,37.107,3.10,3f714e09
glyph16_U002A,glyph16,caph8-5000-50000-app40x,5000,200000,647,320,class_cap,2,6378,3765,878,tree_cheaper,44764,663,302,2976,1204,134,17,119,187,0,46,0,0.000002264976501464844,0,20.248,2.964,19.563,1.99,3f714e09
glyph16_U002B,glyph16,caph8-5000-50000-app40x,5000,200000,259,124,class_cap,5,18015,2289,250,tree_cheaper,5468,283,73,816,205,52,7,37,46,0,10,0,0.000000476837158203125,0,84.702,1.316,84.283,1.16,3f714e09
glyph16_U002C,glyph16,caph8-5000-50000-app40x,5000,200000,199,114,class_cap,4,13534,2553,275,tree_cheaper,5756,207,93,1104,314,51,5,43,58,0,15,0,0.0000011920928955078125,0,67.691,1.204,67.359,1.30,3f714e09
glyph16_U002D,glyph16,caph8-5000-50000-app40x,5000,200000,123,74,quiesced,7,12610,1138,110,tree_cheaper,1232,131,47,624,124,33,3,18,28,0,6,0,0.0000019073486328125,0,67.284,0.899,66.950,0.59,3f714e09
glyph16_U002E,glyph16,caph8-5000-50000-app40x,5000,200000,123,70,class_cap,5,18244,3542,550,tree_cheaper,10980,131,43,544,120,33,3,18,28,0,6,0,0.0000019073486328125,0,190.571,0.742,190.168,1.68,3f714e09
glyph16_U002F,glyph16,caph8-5000-50000-app40x,5000,200000,131,84,class_cap,4,11709,2981,405,tree_cheaper,9632,131,66,864,222,35,3,28,34,0,11,0,0.000000476837158203125,0,83.642,0.790,83.277,1.40,3f714e09
glyph16_U0030,glyph16,caph8-5000-50000-app40x,20112,804480,5767,2514,class_cap,2,23166,19737,5402,shared,541740,2983,2027,22016,9058,591,73,1463,1463,0,215,0,0.0000010728836059570313,0,816.452,16.853,812.052,10.09,3f714e09
glyph16_U0031,glyph16,caph8-5000-50000-app40x,5000,200000,301,157,class_cap,3,9593,3104,462,tree_cheaper,13408,321,133,1408,445,75,8,67,96,0,21,0,0.00000095367431640625,0,80.717,1.596,80.196,1.46,3f714e09
glyph16_U0032,glyph16,caph8-5000-50000-app40x,14184,567360,3827,1773,class_cap,2,16525,13873,3916,shared,332524,2043,1448,16176,6218,414,50,965,976,0,149,0,0.0000007152557373046875,0,201.938,12.117,199.137,7.20,3f714e09
glyph16_U0033,glyph16,caph8-5000-50000-app40x,21272,850880,5901,2659,class_cap,2,24368,20908,5769,shared,582096,3097,2163,24048,9488,622,76,1512,1512,0,224,0,0.0000010728836059570313,0,790.749,17.040,786.005,10.32,3f714e09
glyph16_U0034,glyph16,caph8-5000-50000-app40x,5000,200000,335,167,class_cap,3,9777,3051,450,tree_cheaper,13660,359,129,1376,432,72,9,64,79,0,20,0,0.0000016689300537109375,0,81.171,1.700,80.656,1.45,3f714e09
glyph16_U0035,glyph16,caph8-5000-50000-app40x,14624,584960,4031,1828,class_cap,2,17210,14359,3897,shared,387528,2159,1482,16640,6391,437,53,1025,1035,0,155,0,0.0000017881393432617188,0,376.118,11.765,373.197,7.75,3f714e09
glyph16_U0036,glyph16,caph8-5000-50000-app40x,21152,846080,5793,2644,class_cap,2,24435,20759,5726,shared,575188,3021,2142,23152,9380,603,74,1475,1481,0,221,0,0.0000025853514671325684,0,954.404,16.224,949.899,10.28,3f714e09
glyph16_U0037,glyph16,caph8-5000-50000-app40x,5000,200000,199,117,class_cap,4,15234,3533,487,tree_cheaper,12536,207,97,1152,330,53,5,45,60,0,19,0,0.00000095367431640625,0,161.612,1.257,161.144,1.70,3f714e09
glyph16_U0038,glyph16,caph8-5000-50000-app40x,27240,1089600,7671,3405,class_cap,2,31354,26649,7321,shared,765612,3959,2764,29600,12266,784,97,1952,1952,0,288,0,0.000002205371856689453,0,1149.341,22.829,1142.553,12.37,3f714e09
glyph16_U0039,glyph16,caph8-5000-50000-app40x,21328,853120,5833,2666,class_cap,2,24479,20973,5730,shared,567464,3021,2161,23264,9477,605,74,1485,1485,0,221,0,0.000002574175596237182,0,939.032,23.346,934.460,10.31,3f714e09
glyph16_U003A,glyph16,caph8-5000-50000-app40x,5000,200000,191,97,class_cap,4,12594,2762,371,tree_cheaper,8600,207,52,624,143,38,5,23,23,0,7,0,0.000000476837158203125,0,106.486,1.083,106.038,1.37,3f714e09
glyph16_U003B,glyph16,caph8-5000-50000-app40x,5000,200000,267,143,class_cap,3,8699,2710,362,tree_cheaper,9480,283,122,1392,413,65,7,57,81,0,18,0,0.000000476837158203125,0,48.415,1.709,47.930,1.37,3f714e09
glyph16_U003C,glyph16,caph8-5000-50000-app40x,5000,200000,309,178,class_cap,3,9174,3095,488,tree_cheaper,14300,321,156,1680,571,77,8,76,93,0,24,0,0.0000013113021850585938,0,60.118,1.578,59.626,1.46,3f714e09
glyph16_U003D,glyph16,caph8-5000-50000-app40x,5000,200000,191,97,class_cap,4,11780,3763,691,tree_cheaper,16468,207,54,656,148,40,5,25,25,0,7,0,0,0,110.165,1.010,109.767,1.88,3f714e09
glyph16_U003E,glyph16,caph8-5000-50000-app40x,5000,200000,309,178,class_cap,3,9133,3088,493,tree_cheaper,14932,321,156,1664,571,77,8,76,92,0,24,0,0.0000010728836059570313,0,60.157,1.578,59.700,1.45,3f714e09
glyph16_U003F,glyph16,caph8-5000-50000-app40x,15424,616960,4159,1928,class_cap,2,18413,15036,4185,shared,353872,2311,1572,18624,6710,469,57,1070,1083,1,163,0,0.0000013113021850585938,0,290.883,13.741,287.823,7.92,3f714e09
glyph16_U0040,glyph16,caph8-5000-50000-app40x,28104,1124160,7803,3513,class_cap,2,32868,27484,7398,tree_cheaper,659872,4111,2916,32048,12813,834,101,2034,2049,0,298,0,0.0000018477439880371096,0,1993.914,22.397,1986.983,14.39,3f714e09
glyph16_U0041,glyph16,caph8-5000-50000-app40x,5000,200000,283,164,class_cap,3,9718,3699,575,tree_cheaper,18620,283,160,1760,633,71,7,77,95,0,23,0,0.00000095367431640625,0,85.298,1.433,84.739,1.86,3f714e09
glyph16_U0042,glyph16,caph8-5000-50000-app40x,14560,582400,3965,1820,class_cap,2,17310,14217,3913,shared,357204,2121,1470,16304,6349,425,52,1008,1010,0,152,0,0.0000013113021850585938,0,288.747,12.561,285.811,7.30,3f714e09
glyph16_U0043,glyph16,caph8-5000-50000-app40x,14456,578240,3963,1807,class_cap,2,17010,14066,3843,shared,376016,2083,1458,15856,6385,415,51,991,993,0,150,0,0.0000019073486328125,0,211.228,12.062,208.388,7.27,3f714e09
glyph16_U0044,glyph16,caph8-5000-50000-app40x,7512,300480,2027,939,class_cap,2,9205,7315,1948,shared,168484,1107,755,8400,3247,229,27,516,521,0,79,0,0.0000026226043701171875,0,106.499,7.371,105.077,3.89,3f714e09
glyph16_U0045,glyph16,caph8-5000-50000-app40x,5000,200000,259,134,class_cap,4,15297,3531,497,tree_cheaper,13872,283,83,928,226,58,7,43,61,0,14,0,0.00000095367431640625,0,138.077,1.416,137.571,1.71,3f714e09
glyph16_U0046,glyph16,caph8-5000-50000-app40x,5000,200000,225,118,class_cap,4,14175,3184,433,tree_cheaper,11116,245,72,784,196,51,6,36,50,0,12,0,0.0000011920928955078125,0,115.768,1.234,115.310,1.45,3f714e09
glyph16_U0047,glyph16,caph8-5000-50000-app40x,14832,593280,4031,1854,class_cap,2,17426,14549,4010,shared,398208,2159,1507,16768,6499,438,53,1026,1036,0,156,0,0.0000017881393432617188,0,361.151,12.240,358.266,7.78,3f714e09
glyph16_U0048,glyph16,caph8-5000-50000-app40x,5000,200000,259,118,class_cap,4,14395,3202,428,tree_cheaper,11336,283,68,752,195,52,7,37,46,0,10,0,0.00000095367431640625,0,121.226,1.368,120.715,1.46,3f714e09
glyph16_U0049,glyph16,caph8-5000-50000-app40x,5000,200000,259,122,class_cap,4,14634,3224,429,tree_cheaper,11344,283,70,768,201,52,7,37,46,0,10,0,0.00000095367431640625,0,137.027,1.417,136.584,1.46,3f714e09
glyph16_U004A,glyph16,caph8-5000-50000-app40x,7856,314240,2111,982,class_cap,2,9627,7591,2039,shared,186624,1183,797,9040,3356,247,29,545,550,0,84,0,0.0000013709068298339844,0,66.790,7.413,65.341,3.96,3f714e09
glyph16_U004B,glyph16,caph8-5000-50000-app40x,5000,200000,347,190,class_cap,3,10620,3750,581,tree_cheaper,19040,359,171,1792,649,83,9,82,105,0,27,0,0.0000016689300537109375,0,96.239,1.739,95.749,1.89,3f714e09
glyph16_U004C,glyph16,caph8-5000-50000-app40x,5000,200000,157,87,class_cap,4,12137,2666,356,tree_cheaper,8104,169,55,656,151,41,4,26,40,0,9,0,0.00000095367431640625,0,89.989,0.969,89.603,1.33,3f714e09
glyph16_U004D,glyph16,caph8-5000-50000-app40x,5000,200000,343,175,class_cap,3,10275,3654,558,tree_cheaper,17124,359,159,1680,594,83,9,82,112,0,23,0,0.00000095367431640625,0,87.654,1.767,87.124,1.87,3f714e09
glyph16_U004E,glyph16,caph8-5000-50000-app40x,5000,200000,267,130,class_cap,3,8669,2645,368,tree_cheaper,9820,283,104,1152,334,63,7,48,75,0,15,0,0.0000019073486328125,0,57.126,1.459,56.726,1.36,3f714e09
glyph16_U004F,glyph16,caph8-5000-50000-app40x,13656,546240,3863,1707,class_cap,2,15796,13444,3689,shared,351460,2007,1384,14896,6071,400,49,976,976,0,144,0,0.000002205371856689453,0,332.535,11.198,329.868,6.24,3f714e09
glyph16_U0050,glyph16,caph8-5000-50000-app40x,7656,306240,2061,957,class_cap,2,9437,7436,1982,shared,170296,1145,765,8496,3262,233,28,520,522,0,80,0,0.0000018477439880371096,0,106.860,7.369,105.460,3.92,3f714e09
glyph16_U0051,glyph16,caph8-5000-50000-app40x,15952,638080,4461,1994,class_cap,2,18586,15656,4226,shared,401380,2365,1613,17488,7116,477,58,1135,1147,0,171,0,0.0000020265579223632813,0,432.850,13.795,429.638,8.05,3f714e09
glyph16_U0052,glyph16,caph8-5000-50000-app40x,11552,462080,3105,1444,class_cap,2,13753,11265,3141,shared,280940,1709,1170,13184,4987,348,42,789,797,0,122,0,0.0000008940696716308594,0,150.975,10.260,148.762,5.34,3f714e09
glyph16_U0053,glyph16,caph8-5000-50000-app40x,21864,874560,5943,2733,class_cap,2,25000,21449,6011,shared,604652,3135,2225,24848,9665,632,77,1517,1528,0,229,0,0.0000016093254089355469,0,655.509,16.825,650.386,10.44,3f714e09
glyph16_U0054,glyph16,caph8-5000-50000-app40x,5000,200000,191,97,class_cap,4,13286,2881,373,tree_cheaper,8628,207,62,704,178,47,5,32,50,0,9,0,0.000001430511474609375,0,106.694,1.102,106.254,1.39,3f714e09
glyph16_U0055,glyph16,caph8-5000-50000-app40x,14232,569280,4031,1779,class_cap,2,16364,13980,3919,shared,402560,2159,1446,16688,6309,435,53,1023,1033,0,153,0,0.00000196695327758789,0,166.363,11.811,163.469,7.24,3f714e09
glyph16_U0056,glyph16,caph8-5000-50000-app40x,5000,200000,207,121,class_cap,3,8160,2821,398,tree_cheaper,11088,207,114,1328,437,53,5,52,64,0,20,0,0.000003337860107421875,0,59.031,1.133,58.581,1.38,3f714e09
glyph16_U0057,glyph16,caph8-5000-50000-app40x,5000,200000,359,204,class_cap,3,10887,3864,611,tree_cheaper,17848,359,194,2128,796,89,9,104,128,0,32,0,0.0000021457672119140625,0,131.514,1.933,130.988,1.89,3f714e09
glyph16_U0058,glyph16,caph8-5000-50000-app40x,5000,200000,359,201,class_cap,3,10197,4050,720,tree_cheaper,25924,359,205,2128,842,87,9,86,122,0,36,0,0.0000026226043701171875,0,103.912,1.834,103.332,1.94,3f714e09
glyph16_U0059,glyph16,caph8-5000-50000-app40x,5000,200000,275,151,class_cap,3,9522,3253,488,tree_cheaper,13852,283,140,1520,534,69,7,68,89,0,20,0,0.000003337860107421875,0,74.230,1.430,73.767,1.67,3f714e09
glyph16_U005A,glyph16,caph8-5000-50000-app40x,5000,200000,267,148,class_cap,3,9221,2922,418,tree_cheaper,11368,283,126,1360,420,68,7,60,84,0,21,0,0.000001430511474609375,0,69.953,1.384,69.511,1.41,3f714e09
glyph16_U005B,glyph16,caph8-5000-50000-app40x,5000,200000,191,105,quiesced,7,16687,1526,152,tree_cheaper,2372,207,64,752,170,44,5,29,39,0,10,0,0.000000476837158203125,0,100.447,1.147,100.070,0.71,3f714e09
glyph16_U005C,glyph16,caph8-5000-50000-app40x,5000,200000,131,84,class_cap,4,11752,2957,398,tree_cheaper,9460,131,70,912,230,35,3,28,34,0,11,0,0.000000476837158203125,0,84.971,0.808,84.543,1.39,3f714e09
glyph16_U005D,glyph16,caph8-5000-50000-app40x,5000,200000,191,105,quiesced,7,16993,1557,153,tree_cheaper,2360,207,65,752,175,45,5,30,39,0,10,0,0.000000476837158203125,0,113.487,1.109,113.135,0.72,3f714e09
glyph16_U005E,glyph16,caph8-5000-50000-app40x,5000,200000,207,125,class_cap,3,8188,3207,530,tree_cheaper,15384,207,117,1376,441,53,5,52,64,0,20,0,0.000000476837158203125,0,43.923,1.169,43.515,1.47,3f714e09
glyph16_U005F,glyph16,caph8-5000-50000-app40x,5000,200000,123,72,class_cap,5,17275,3086,434,tree_cheaper,9500,131,44,576,115,31,3,18,28,0,5,0,0.00000286102294921875,0,219.541,1.023,219.145,1.40,3f714e09
glyph16_U0060,glyph16,caph8-5000-50000-app40x,5000,200000,131,85,class_cap,4,12657,3671,679,tree_cheaper,13440,131,74,960,240,35,3,28,34,0,11,0,0.000000476837158203125,0,66.854,0.826,66.206,1.84,3f714e09
glyph16_U0061,glyph16,caph8-5000-50000-app40x,20000,800000,5517,2500,class_cap,2,23144,19635,5327,shared,527052,2929,2023,22128,8776,583,72,1387,1398,0,208,0,0.0000018030405044555664,0,724.860,15.744,720.621,10.04,3f714e09
glyph16_U0062,glyph16,caph8-5000-50000-app40x,14576,583040,3981,1822,class_cap,2,17446,14143,3818,shared,370664,2121,1468,15968,6389,425,52,1008,1010,0,152,0,0.0000023245811462402344,0,259.358,12.134,256.526,7.28,3f714e09
glyph16_U0063,glyph16,caph8-5000-50000-app40x,14536,581440,3963,1817,class_cap,2,17074,14149,3861,shared,374120,2083,1462,15856,6395,415,51,991,993,0,150,0,0.0000023245811462402344,0,219.784,13.153,216.693,7.28,3f714e09
glyph16_U0064,glyph16,caph8-5000-50000-app40x,14552,582080,3981,1819,class_cap,2,17387,14120,3822,shared,370244,2121,1466,15840,6393,426,52,1002,1011,0,152,0,0.000002384185791015625,0,253.470,11.616,250.580,7.28,3f714e09
glyph16_U0065,glyph16,caph8-5000-50000-app40x,14920,596800,4035,1865,class_cap,2,17504,14641,4006,shared,397532,2159,1518,17152,6562,438,53,1022,1037,0,157,0,0.0000014901161193847656,0,442.613,12.657,439.601,7.80,3f714e09
glyph16_U0066,glyph16,caph8-5000-50000-app40x,5000,200000,1245,576,class_cap,2,6766,4781,1109,shared,82460,809,447,4944,1821,161,20,299,307,0,48,0,0.0000006854534149169922,0,84.591,4.892,83.520,2.48,3f714e09
glyph16_U0067,glyph16,caph8-5000-50000-app40x,21552,862080,5969,2694,class_cap,2,24827,21202,5751,shared,571484,3173,2170,23920,9503,631,78,1509,1520,0,226,0,0.0000034384429454803467,0,1095.910,18.044,1091.212,10.38,3f714e09
glyph16_U0068,glyph16,caph8-5000-50000-app40x,7896,315840,2145,987,class_cap,2,9724,7671,2029,shared,178248,1221,792,8960,3345,249,30,541,548,0,83,0,0.0000013113021850585938,0,114.636,7.980,113.066,3.98,3f714e09
glyph16_U0069,glyph16,caph8-5000-50000-app40x,5000,200000,293,141,class_cap,4,16090,3725,527,tree_cheaper,15424,321,87,992,242,61,8,46,60,0,13,0,0.000000476837158203125,0,176.520,1.652,175.873,1.86,3f714e09
glyph16_U006A,glyph16,caph8-5000-50000-app40x,5000,200000,1211,568,class_cap,2,6745,4718,1083,shared,82636,771,450,5024,1828,159,19,303,309,0,49,0,0.0000030994415283203125,0,45.821,4.525,44.902,2.45,3f714e09
glyph16_U006B,glyph16,caph8-5000-50000-app40x,5000,200000,347,194,class_cap,3,10682,3764,584,tree_cheaper,19072,359,174,1840,653,84,9,83,106,0,28,0,0.0000016689300537109375,0,96.571,1.812,95.989,1.89,3f714e09
glyph16_U006C,glyph16,caph8-5000-50000-app40x,5000,200000,1143,538,class_cap,2,6691,4789,1067,shared,75932,695,432,4896,1773,150,17,294,304,0,47,0,0.0000015497207641601563,0,61.716,4.373,60.824,2.47,3f714e09
glyph16_U006D,glyph16,caph8-5000-50000-app40x,14152,566080,4133,1769,class_cap,2,16829,13820,3764,shared,348316,2273,1439,17104,6212,446,56,1016,1028,19,147,0,0.0000014901161193847656,0,267.700,13.200,264.590,7.25,3f714e09
glyph16_U006E,glyph16,caph8-5000-50000-app40x,7904,316160,2145,988,class_cap,2,9754,7673,2026,shared,175768,1221,792,8928,3355,249,30,541,548,0,83,0,0.0000025033950805664063,0,114.336,7.558,112.835,3.98,3f714e09
glyph16_U006F,glyph16,caph8-5000-50000-app40x,13176,527040,3863,1647,class_cap,2,15365,12918,3517,shared,344016,2007,1338,15376,5933,398,49,974,974,0,142,0,0.0000021457672119140625,0,229.359,11.660,226.301,6.15,3f714e09
glyph16_U0070,glyph16,caph8-5000-50000-app40x,14560,582400,3981,1820,class_cap,2,17398,14124,3811,shared,369468,2121,1461,15824,6396,425,52,1008,1010,0,152,0,0.000002264976501464844,0,255.114,13.209,252.090,7.28,3f714e09
glyph16_U0071,glyph16,caph8-5000-50000-app40x,14568,582720,3981,1821,class_cap,2,17409,14140,3809,shared,370364,2121,1464,15760,6402,426,52,1002,1011,0,152,0,0.0000021457672119140625,0,261.409,13.271,258.389,7.28,3f714e09
glyph16_U0072,glyph16,caph8-5000-50000-app40x,7920,316800,2127,990,class_cap,2,9663,7690,2069,shared,175904,1183,797,8928,3344,241,29,528,535,0,82,0,0.0000010728836059570313,0,92.953,8.401,91.405,3.98,3f714e09
glyph16_U0073,glyph16,caph8-5000-50000-app40x,21032,841280,5739,2629,class_cap,2,24049,20647,5746,shared,579464,3051,2145,24336,9277,617,75,1472,1483,0,222,0,0.0000016801059246063232,0,660.669,18.103,655.752,10.27,3f714e09
glyph16_U0074,glyph16,caph8-5000-50000-app40x,5000,200000,1245,572,class_cap,2,6723,4784,1103,shared,81604,809,441,4912,1798,160,20,298,306,0,47,0,0.0000006556510925292969,0,72.576,5.227,71.488,2.48,3f714e09
glyph16_U0075,glyph16,caph8-5000-50000-app40x,7920,316800,2145,990,class_cap,2,9724,7650,2047,shared,187608,1221,799,8944,3366,250,30,536,550,0,84,0,0.000001728534698486328,0,67.350,7.788,65.825,3.98,3f714e09
glyph16_U0076,glyph16,caph8-5000-50000-app40x,5000,200000,207,121,class_cap,3,8160,2821,398,tree_cheaper,11088,207,114,1328,437,53,5,52,64,0,20,0,0.000000476837158203125,0,58.637,1.206,57.906,1.38,3f714e09
glyph16_U0077,glyph16,caph8-5000-50000-app40x,5000,200000,359,201,class_cap,3,10514,3688,573,tree_cheaper,17924,359,193,2144,791,87,9,102,126,0,30,0,0.0000019073486328125,0,103.639,1.885,103.066,1.86,3f714e09
glyph16_U0078,glyph16,caph8-5000-50000-app40x,5000,200000,359,201,class_cap,3,10180,4081,719,tree_cheaper,25772,359,200,2064,828,86,9,85,120,0,35,0,0.0000007748603820800781,0,105.346,1.896,104.543,1.94,3f714e09
glyph16_U0079,glyph16,caph8-5000-50000-app40x,6512,260480,1693,814,class_cap,2,7781,6313,1748,shared,152976,977,670,7664,2820,210,24,437,449,0,71,0,0.0000011920928955078125,0,37.393,6.569,36.137,3.01,3f714e09
glyph16_U007A,glyph16,caph8-5000-50000-app40x,5000,200000,267,147,class_cap,3,9092,2847,407,tree_cheaper,11148,283,120,1312,401,64,7,56,72,0,20,0,0.000003337860107421875,0,69.181,1.532,68.427,1.40,3f714e09
glyph16_U007B,glyph16,caph8-5000-50000-app40x,15080,603200,4101,1885,class_cap,2,18386,14567,3971,shared,393860,2273,1513,16800,6461,451,56,1033,1041,0,159,0,0.0000013113021850585938,0,237.253,13.171,234.152,7.79,3f714e09
glyph16_U007C,glyph16,caph8-5000-50000-app40x,5000,200000,123,70,class_cap,5,15936,4327,518,tree_cheaper,12268,131,46,576,128,35,3,20,30,0,6,0,0.0000002980232238769531,0,268.178,1.575,267.701,2.20,3f714e09
glyph16_U007D,glyph16,caph8-5000-50000-app40x,15016,600640,4101,1877,class_cap,2,18263,14513,3938,shared,388372,2273,1506,16656,6475,452,56,1028,1043,0,159,0,0.0000012516975402832031,0,257.930,12.148,254.812,7.78,3f714e09
glyph16_U007E,glyph16,caph8-5000-50000-app40x,14736,589440,3995,1842,class_cap,2,17169,14476,4008,shared,386336,2083,1495,16128,6470,418,51,994,1002,0,149,0,0,0,277.642,11.587,274.719,7.72,3f714e09
psychedelic_packed,psychedelic,caph8-5000-50000-app40x,5000,200000,1246,112,class_cap,3,7328,4670,1263,tree_cheaper,45224,1246,112,2368,825,127,1,29,30,0,13,0,0,0,19.661,0.906,18.838,2.32,3f714e09
shader_cosine_palette,shader,caph8-5000-50000-app40x,5000,200000,40,34,class_cap,4,7099,4611,1308,tree_cheaper,59288,40,25,1232,292,133,3,99,102,0,1,0,0,0,19.802,1.033,19.118,2.33,3f714e09
shader_smooth_min_scene,shader,caph8-5000-50000-app40x,5000,200000,43,40,class_cap,8,30052,2609,234,tree_cheaper,5456,43,39,448,132,34,0,0,0,0,2,0,0,0,55.638,0.358,55.241,1.26,3f714e09
shader_mandelbrot_distance,shader,caph8-5000-50000-app40x,5000,200000,152,128,class_cap,4,15340,3675,415,shared,16048,152,96,1408,518,141,19,12,43,0,4,0,0,0,31.504,3.437,31.133,1.80,3f714e09
shader_star_sdf,shader,caph8-5000-50000-app40x,5000,200000,66,58,class_cap,4,7717,3878,638,tree_cheaper,48548,66,58,640,172,56,1,0,2,0,2,0,0,0,16.173,0.578,15.852,1.89,3f714e09
shader_gyroid_slice,shader,caph8-5000-50000-app40x,5000,200000,40,38,quiesced,9,4675,775,102,tree_cheaper,1520,40,33,2768,932,163,4,124,128,0,8,0,0,0,12.506,1.921,12.278,0.35,3f714e09
shader_plasma,shader,caph8-5000-50000-app40x,5000,200000,37,35,class_cap,4,5981,3439,591,tree_cheaper,42332,37,29,1376,359,122,3,87,90,0,4,0,0,0,11.973,1.093,11.646,1.49,3f714e09
shader_domain_warp_fbm,shader,caph8-5000-50000-app40x,5000,200000,84,67,class_cap,3,6948,4591,1244,tree_cheaper,112556,84,63,1712,457,186,4,116,120,0,5,0,0,0,18.948,1.521,18.565,2.31,3f714e09
shader_kaleidoscope_fold,shader,caph8-5000-50000-app40x,5000,200000,46,43,quiesced,5,319,131,57,tree_cheaper,412,46,40,2032,560,238,10,156,174,0,8,0,0.000006109476089477539,0,1.383,3.093,1.182,0.09,3f714e09
shader_metaballs,shader,caph8-5000-50000-app40x,5000,200000,62,52,class_cap,4,10074,2584,286,shared,7632,62,50,480,155,43,1,0,0,0,3,0,0,0,51.534,0.499,51.133,1.30,3f714e09
shader_julia_set,shader,caph8-5000-50000-app40x,5000,200000,122,110,class_cap,5,14158,4535,819,tree_cheaper,32664,122,123,2064,717,210,14,58,67,0,5,0,0,0,30.064,3.705,29.712,2.28,3f714e09
shader_smoothstep_vignette,shader,caph8-5000-50000-app40x,5000,200000,64,50,quiesced,5,1074,283,82,tree_cheaper,1064,64,49,544,194,41,0,0,0,0,7,0,0.0000012069940567016602,0,3.250,0.305,3.031,0.15,3f714e09
shader_torus_slice,shader,caph8-5000-50000-app40x,5000,200000,38,34,class_cap,8,15310,2750,205,shared,5560,38,31,368,130,25,0,0,0,0,3,0,0,0,28.041,0.352,27.773,1.29,3f714e09
cellgrid_80x24_d2,cellgrid,capx4-5000-100000-app40x,5000,200000,667,-,class_cap,3,6826,4634,1322,shared,203960,667,117,2576,428,217,0,0,0,7,19,0,0,0,19.258,0.643,18.438,2.32,3f714e09
chrome_packed,chrome,capx4-5000-100000-app40x,100000,4000000,390815,-,class_cap,3,142134,85977,16021,tree_cheaper,530296,335411,568,4768,2374,547,17,888,890,57,13,0,0,1,3570.742,5.962,3411.590,64.27,3f714e09
chrome_R,chrome_channel,capx4-5000-100000-app40x,100000,4000000,133101,-,class_cap,3,137787,84136,15535,tree_cheaper,510984,114633,405,3456,1860,389,9,596,598,41,13,0,0.00001800060272216797,0,3464.904,3.752,3424.382,49.83,3f714e09
glyph16_U0020,glyph16,capx4-5000-100000-app40x,5000,200000,1,-,quiesced,1,0,1,1,tree_cheaper,4,1,1,164,0,1,0,0,0,0,0,0,0,0,0.981,0.308,0.014,0.00,3f714e09
glyph16_U0021,glyph16,capx4-5000-100000-app40x,5000,200000,267,-,class_cap,3,8771,2674,375,tree_cheaper,9768,283,105,1216,362,56,7,48,54,0,16,0,0.000000476837158203125,0,64.977,1.574,64.224,1.37,3f714e09
glyph16_U0022,glyph16,capx4-5000-100000-app40x,5000,200000,191,-,quiesced,7,17694,1642,151,tree_cheaper,2276,207,62,736,175,46,5,31,49,0,8,0,0.000000476837158203125,0,118.734,1.235,118.381,0.84,3f714e09
glyph16_U0023,glyph16,capx4-5000-100000-app40x,5000,200000,647,-,class_cap,2,5950,3379,737,tree_cheaper,37612,663,272,2528,1051,137,17,128,199,0,37,0,0.0000018477439880371096,0,21.033,3.207,20.298,1.80,3f714e09
glyph16_U0024,glyph16,capx4-5000-100000-app40x,24604,984160,6151,-,class_cap,2,28576,23937,6551,shared,685632,3363,2308,27520,9852,671,83,1556,1581,0,239,0,0.000002294778823852539,0,260.697,18.692,255.649,11.68,3f714e09
glyph16_U0025,glyph16,capx4-5000-100000-app40x,35164,1406560,8791,-,class_cap,2,42393,34421,9086,shared,894852,4599,3259,35920,14415,921,113,2251,2263,0,338,0,0.0000019073486328125,0,3493.613,23.952,3485.447,18.86,3f714e09
glyph16_U0026,glyph16,capx4-5000-100000-app40x,30876,1235040,7719,-,class_cap,2,36991,29952,8065,shared,841772,4103,2906,34048,12605,828,101,1980,2002,0,302,0,0.0000020265579223632813,0,944.444,21.325,937.399,15.57,3f714e09
glyph16_U0027,glyph16,capx4-5000-100000-app40x,5000,200000,123,-,quiesced,7,12774,1153,108,tree_cheaper,1208,131,46,592,124,33,3,18,28,0,6,0,0.00000095367431640625,0,73.129,0.802,72.727,0.64,3f714e09
glyph16_U0028,glyph16,capx4-5000-100000-app40x,7836,313440,1959,-,class_cap,2,9355,7612,2120,tree_cheaper,199904,1031,729,7952,3136,210,25,490,490,0,75,0,0.0000013113021850585938,0,49.663,6.935,48.311,3.93,3f714e09
glyph16_U0029,glyph16,capx4-5000-100000-app40x,7108,284320,1777,-,class_cap,2,8483,6899,1926,shared,179052,953,673,7440,2901,197,23,448,448,0,72,0,0.0000015348196029663086,0,43.314,6.610,42.055,3.57,3f714e09
glyph16_U002A,glyph16,capx4-5000-100000-app40x,5000,200000,647,-,class_cap,2,6378,3765,878,tree_cheaper,44764,663,302,2976,1204,134,17,119,187,0,46,0,0.000002264976501464844,0,20.197,2.914,19.544,1.99,3f714e09
glyph16_U002B,glyph16,capx4-5000-100000-app40x,5000,200000,259,-,class_cap,5,18015,2289,250,tree_cheaper,5468,283,73,816,205,52,7,37,46,0,10,0,0.000000476837158203125,0,84.918,1.376,84.485,1.16,3f714e09
glyph16_U002C,glyph16,capx4-5000-100000-app40x,5000,200000,199,-,class_cap,4,13534,2553,275,tree_cheaper,5756,207,93,1104,314,51,5,43,58,0,15,0,0.0000011920928955078125,0,68.099,1.144,67.681,1.30,3f714e09
glyph16_U002D,glyph16,capx4-5000-100000-app40x,5000,200000,123,-,quiesced,7,12610,1138,110,tree_cheaper,1232,131,47,624,124,33,3,18,28,0,6,0,0.0000019073486328125,0,66.309,0.829,66.007,0.59,3f714e09
glyph16_U002E,glyph16,capx4-5000-100000-app40x,5000,200000,123,-,class_cap,5,18244,3542,550,tree_cheaper,10980,131,43,544,120,33,3,18,28,0,6,0,0.0000019073486328125,0,190.526,0.836,190.055,1.68,3f714e09
glyph16_U002F,glyph16,capx4-5000-100000-app40x,5000,200000,131,-,class_cap,4,11709,2981,405,tree_cheaper,9632,131,66,864,222,35,3,28,34,0,11,0,0.000000476837158203125,0,84.013,0.818,83.616,1.40,3f714e09
glyph16_U0030,glyph16,capx4-5000-100000-app40x,23068,922720,5767,-,class_cap,2,27836,22585,5696,shared,565168,2983,2028,22032,9063,591,73,1463,1463,0,215,0,0.0000010728836059570313,0,1285.826,16.182,1281.287,11.33,3f714e09
glyph16_U0031,glyph16,capx4-5000-100000-app40x,5000,200000,301,-,class_cap,3,9593,3104,462,tree_cheaper,13408,321,133,1408,445,75,8,67,96,0,21,0,0.00000095367431640625,0,79.481,1.646,79.046,1.46,3f714e09
glyph16_U0032,glyph16,capx4-5000-100000-app40x,15308,612320,3827,-,class_cap,2,18411,14868,4062,shared,369540,2043,1447,16176,6208,414,50,965,976,0,149,0,0.0000007152557373046875,0,195.691,11.722,192.878,7.77,3f714e09
glyph16_U0033,glyph16,capx4-5000-100000-app40x,23604,944160,5901,-,class_cap,2,28720,22888,5890,shared,596660,3097,2163,23968,9490,622,76,1512,1512,0,225,0,0.0000010132789611816406,0,773.900,17.969,769.011,11.41,3f714e09
glyph16_U0034,glyph16,capx4-5000-100000-app40x,5000,200000,335,-,class_cap,3,9777,3051,450,tree_cheaper,13660,359,129,1376,432,72,9,64,79,0,20,0,0.0000016689300537109375,0,81.626,1.704,81.101,1.45,3f714e09
glyph16_U0035,glyph16,capx4-5000-100000-app40x,16124,644960,4031,-,class_cap,2,20085,15564,3967,shared,382744,2159,1481,16592,6389,437,53,1025,1035,0,155,0,0.0000017881393432617188,0,302.408,12.021,299.332,7.93,3f714e09
glyph16_U0036,glyph16,capx4-5000-100000-app40x,23172,926880,5793,-,class_cap,2,28339,22464,5814,shared,586832,3021,2144,23136,9385,603,74,1475,1481,0,221,0,0.0000025853514671325684,0,967.196,16.002,962.509,11.31,3f714e09
glyph16_U0037,glyph16,capx4-5000-100000-app40x,5000,200000,199,-,class_cap,4,15234,3533,487,tree_cheaper,12536,207,97,1152,330,53,5,45,60,0,19,0,0.00000095367431640625,0,160.241,1.458,159.787,1.70,3f714e09
glyph16_U0038,glyph16,capx4-5000-100000-app40x,30684,1227360,7671,-,class_cap,2,37167,29973,7791,shared,799020,3959,2764,29536,12272,784,97,1952,1952,0,289,0,0.000002205371856689453,0,1803.913,20.867,1797.180,15.52,3f714e09
glyph16_U0039,glyph16,capx4-5000-100000-app40x,23332,933280,5833,-,class_cap,2,28051,22757,5943,shared,585228,3021,2161,23248,9475,605,74,1485,1485,0,221,0,0.000002574175596237182,0,1295.805,17.021,1291.138,11.38,3f714e09
glyph16_U003A,glyph16,capx4-5000-100000-app40x,5000,200000,191,-,class_cap,4,12594,2762,371,tree_cheaper,8600,207,52,624,143,38,5,23,23,0,7,0,0.000000476837158203125,0,104.872,1.095,104.400,1.37,3f714e09
glyph16_U003B,glyph16,capx4-5000-100000-app40x,5000,200000,267,-,class_cap,3,8699,2710,362,tree_cheaper,9480,283,122,1392,413,65,7,57,81,0,18,0,0.000000476837158203125,0,49.138,1.445,48.734,1.37,3f714e09
glyph16_U003C,glyph16,capx4-5000-100000-app40x,5000,200000,309,-,class_cap,3,9174,3095,488,tree_cheaper,14300,321,156,1680,571,77,8,76,93,0,24,0,0.0000013113021850585938,0,60.835,1.641,60.299,1.46,3f714e09
glyph16_U003D,glyph16,capx4-5000-100000-app40x,5000,200000,191,-,class_cap,4,11780,3763,691,tree_cheaper,16468,207,54,656,148,40,5,25,25,0,7,0,0,0,110.776,1.148,110.318,1.88,3f714e09
glyph16_U003E,glyph16,capx4-5000-100000-app40x,5000,200000,309,-,class_cap,3,9133,3088,493,tree_cheaper,14932,321,156,1664,571,77,8,76,92,0,24,0,0.0000010728836059570313,0,59.936,1.712,59.481,1.45,3f714e09
glyph16_U003F,glyph16,capx4-5000-100000-app40x,16636,665440,4159,-,class_cap,2,20266,16147,4290,shared,388876,2311,1570,18608,6700,469,57,1070,1083,1,163,0,0.0000012516975402832031,0,391.284,13.631,387.936,8.08,3f714e09
glyph16_U0040,glyph16,capx4-5000-100000-app40x,31212,1248480,7803,-,class_cap,2,38559,30229,7649,shared,783804,4111,2840,31120,12539,818,101,1986,2001,0,298,0,0.0000018477439880371096,0,2137.426,22.849,2130.440,15.64,3f714e09
glyph16_U0041,glyph16,capx4-5000-100000-app40x,5000,200000,283,-,class_cap,3,9718,3699,575,tree_cheaper,18620,283,160,1760,633,71,7,77,95,0,23,0,0.00000095367431640625,0,84.796,1.747,84.275,1.86,3f714e09
glyph16_U0042,glyph16,capx4-5000-100000-app40x,15860,634400,3965,-,class_cap,2,19518,15393,4011,shared,338960,2121,1472,16304,6357,425,52,1008,1010,0,152,0,0.0000013113021850585938,0,491.204,14.365,487.906,7.89,3f714e09
glyph16_U0043,glyph16,capx4-5000-100000-app40x,15852,634080,3963,-,class_cap,2,19296,15492,4078,shared,391040,2083,1474,15968,6423,415,51,991,993,0,151,0,0.0000019073486328125,0,403.901,13.722,400.902,7.91,3f714e09
glyph16_U0044,glyph16,capx4-5000-100000-app40x,8108,324320,2027,-,class_cap,2,10389,7832,2000,shared,165852,1107,753,8352,3239,229,27,516,521,0,79,0,0.0000026226043701171875,0,129.454,8.132,127.992,3.97,3f714e09
glyph16_U0045,glyph16,capx4-5000-100000-app40x,5000,200000,259,-,class_cap,4,15297,3531,497,tree_cheaper,13872,283,83,928,226,58,7,43,61,0,14,0,0.00000095367431640625,0,140.157,1.686,139.403,1.71,3f714e09
glyph16_U0046,glyph16,capx4-5000-100000-app40x,5000,200000,225,-,class_cap,4,14175,3184,433,tree_cheaper,11116,245,72,784,196,51,6,36,50,0,12,0,0.0000011920928955078125,0,117.674,1.376,116.911,1.45,3f714e09
glyph16_U0047,glyph16,capx4-5000-100000-app40x,16124,644960,4031,-,class_cap,2,19922,15595,4071,shared,391672,2159,1506,16768,6487,438,53,1026,1036,0,156,0,0.0000017881393432617188,0,268.472,14.226,265.250,7.94,3f714e09
glyph16_U0048,glyph16,capx4-5000-100000-app40x,5000,200000,259,-,class_cap,4,14395,3202,428,tree_cheaper,11336,283,68,752,195,52,7,37,46,0,10,0,0.00000095367431640625,0,119.323,1.576,118.835,1.46,3f714e09
glyph16_U0049,glyph16,capx4-5000-100000-app40x,5000,200000,259,-,class_cap,4,14634,3224,429,tree_cheaper,11344,283,70,768,201,52,7,37,46,0,10,0,0.00000095367431640625,0,133.215,3.556,132.763,1.46,3f714e09
glyph16_U004A,glyph16,capx4-5000-100000-app40x,8444,337760,2111,-,class_cap,2,10688,8109,2094,shared,191432,1183,797,9040,3356,247,29,545,550,0,84,0,0.0000013709068298339844,0,78.193,8.239,76.537,4.05,3f714e09
glyph16_U004B,glyph16,capx4-5000-100000-app40x,5000,200000,347,-,class_cap,3,10620,3750,581,tree_cheaper,19040,359,171,1792,649,83,9,82,105,0,27,0,0.0000016689300537109375,0,95.879,2.033,95.041,1.89,3f714e09
glyph16_U004C,glyph16,capx4-5000-100000-app40x,5000,200000,157,-,class_cap,4,12137,2666,356,tree_cheaper,8104,169,55,656,151,41,4,26,40,0,9,0,0.00000095367431640625,0,89.376,0.994,88.978,1.33,3f714e09
glyph16_U004D,glyph16,capx4-5000-100000-app40x,5000,200000,343,-,class_cap,3,10275,3654,558,tree_cheaper,17124,359,159,1680,594,83,9,82,112,0,23,0,0.00000095367431640625,0,88.953,2.140,88.410,1.87,3f714e09
glyph16_U004E,glyph16,capx4-5000-100000-app40x,5000,200000,267,-,class_cap,3,8669,2645,368,tree_cheaper,9820,283,104,1152,334,63,7,48,75,0,15,0,0.0000019073486328125,0,57.947,1.655,57.481,1.36,3f714e09
glyph16_U004F,glyph16,capx4-5000-100000-app40x,15452,618080,3863,-,class_cap,2,19129,15018,3847,shared,362016,2007,1374,14720,6045,400,49,976,976,0,144,0,0.000002205371856689453,0,370.723,12.328,367.809,7.80,3f714e09
glyph16_U0050,glyph16,capx4-5000-100000-app40x,8244,329760,2061,-,class_cap,2,10570,7951,2030,shared,167472,1145,763,8464,3255,233,28,520,522,0,80,0,0.0000018477439880371096,0,129.459,8.076,127.688,4.00,3f714e09
glyph16_U0051,glyph16,capx4-5000-100000-app40x,17844,713760,4461,-,class_cap,2,22070,17393,4415,shared,413376,2365,1614,17456,7121,477,58,1135,1147,0,171,0,0.0000020265579223632813,0,544.413,15.207,540.719,9.45,3f714e09
glyph16_U0052,glyph16,capx4-5000-100000-app40x,12420,496800,3105,-,class_cap,2,15227,12048,3217,shared,287016,1709,1170,13184,4986,348,42,789,797,0,122,0,0.0000008940696716308594,0,181.353,10.979,178.782,5.86,3f714e09
glyph16_U0053,glyph16,capx4-5000-100000-app40x,23772,950880,5943,-,class_cap,2,28490,23106,6121,shared,619064,3135,2229,24848,9679,632,77,1517,1528,0,230,0,0.0000016093254089355469,0,652.130,18.653,647.372,11.48,3f714e09
glyph16_U0054,glyph16,capx4-5000-100000-app40x,5000,200000,191,-,class_cap,4,13286,2881,373,tree_cheaper,8628,207,62,704,178,47,5,32,50,0,9,0,0.000001430511474609375,0,105.140,1.305,104.703,1.39,3f714e09
glyph16_U0055,glyph16,capx4-5000-100000-app40x,16124,644960,4031,-,class_cap,2,19286,15749,4036,shared,398352,2159,1448,16688,6318,435,53,1023,1033,0,153,0,0.00000196695327758789,0,204.973,13.922,201.932,7.92,3f714e09
glyph16_U0056,glyph16,capx4-5000-100000-app40x,5000,200000,207,-,class_cap,3,8160,2821,398,tree_cheaper,11088,207,114,1328,437,53,5,52,64,0,20,0,0.000003337860107421875,0,58.581,1.276,58.102,1.38,3f714e09
glyph16_U0057,glyph16,capx4-5000-100000-app40x,5000,200000,359,-,class_cap,3,10887,3864,611,tree_cheaper,17848,359,194,2128,796,89,9,104,128,0,32,0,0.0000021457672119140625,0,136.025,1.956,135.230,1.89,3f714e09
glyph16_U0058,glyph16,capx4-5000-100000-app40x,5000,200000,359,-,class_cap,3,10197,4050,720,tree_cheaper,25924,359,205,2128,842,87,9,86,122,0,36,0,0.0000026226043701171875,0,104.460,2.036,103.596,1.94,3f714e09
glyph16_U0059,glyph16,capx4-5000-100000-app40x,5000,200000,275,-,class_cap,3,9522,3253,488,tree_cheaper,13852,283,140,1520,534,69,7,68,89,0,20,0,0.000003337860107421875,0,74.386,1.603,73.919,1.67,3f714e09
glyph16_U005A,glyph16,capx4-5000-100000-app40x,5000,200000,267,-,class_cap,3,9221,2922,418,tree_cheaper,11368,283,126,1360,420,68,7,60,84,0,21,0,0.000001430511474609375,0,70.608,1.678,70.099,1.41,3f714e09
glyph16_U005B,glyph16,capx4-5000-100000-app40x,5000,200000,191,-,quiesced,7,16687,1526,152,tree_cheaper,2372,207,64,752,170,44,5,29,39,0,10,0,0.000000476837158203125,0,98.901,1.353,98.202,0.71,3f714e09
glyph16_U005C,glyph16,capx4-5000-100000-app40x,5000,200000,131,-,class_cap,4,11752,2957,398,tree_cheaper,9460,131,70,912,230,35,3,28,34,0,11,0,0.000000476837158203125,0,85.271,0.869,84.582,1.39,3f714e09
glyph16_U005D,glyph16,capx4-5000-100000-app40x,5000,200000,191,-,quiesced,7,16993,1557,153,tree_cheaper,2360,207,65,752,175,45,5,30,39,0,10,0,0.000000476837158203125,0,113.735,1.265,113.053,0.72,3f714e09
glyph16_U005E,glyph16,capx4-5000-100000-app40x,5000,200000,207,-,class_cap,3,8188,3207,530,tree_cheaper,15384,207,117,1376,441,53,5,52,64,0,20,0,0.000000476837158203125,0,44.087,1.263,43.626,1.47,3f714e09
glyph16_U005F,glyph16,capx4-5000-100000-app40x,5000,200000,123,-,class_cap,5,17275,3086,434,tree_cheaper,9500,131,44,576,115,31,3,18,28,0,5,0,0.00000286102294921875,0,345.627,0.918,345.235,1.40,3f714e09
glyph16_U0060,glyph16,capx4-5000-100000-app40x,5000,200000,131,-,class_cap,4,12657,3671,679,tree_cheaper,13440,131,74,960,240,35,3,28,34,0,11,0,0.000000476837158203125,0,65.644,1.019,65.233,1.84,3f714e09
glyph16_U0061,glyph16,capx4-5000-100000-app40x,22068,882720,5517,-,class_cap,2,26553,21532,5544,shared,545180,2929,2023,22128,8774,583,72,1387,1398,0,208,0,0.0000018030405044555664,0,963.326,18.334,958.535,10.33,3f714e09
glyph16_U0062,glyph16,capx4-5000-100000-app40x,15924,636960,3981,-,class_cap,2,19695,15509,4022,shared,382368,2121,1472,15984,6402,425,52,1008,1010,0,153,0,0.0000023245811462402344,0,515.905,14.875,512.593,7.91,3f714e09
glyph16_U0063,glyph16,capx4-5000-100000-app40x,15852,634080,3963,-,class_cap,2,19295,15496,4107,shared,389872,2083,1476,15824,6425,415,51,991,993,0,151,0,0.0000023245811462402344,0,402.304,12.771,399.038,7.93,3f714e09
glyph16_U0064,glyph16,capx4-5000-100000-app40x,15924,636960,3981,-,class_cap,2,19614,15512,4033,shared,382548,2121,1470,16032,6402,426,52,1002,1011,0,152,0,0.000002384185791015625,0,509.340,13.256,506.190,7.91,3f714e09
glyph16_U0065,glyph16,capx4-5000-100000-app40x,16140,645600,4035,-,class_cap,2,20033,15570,4067,shared,390252,2159,1515,16720,6545,438,53,1022,1037,0,157,0,0.0000014901161193847656,0,269.969,13.480,266.912,7.94,3f714e09
glyph16_U0066,glyph16,capx4-5000-100000-app40x,5000,200000,1245,-,class_cap,2,6766,4781,1109,shared,82460,809,447,4944,1821,161,20,299,307,0,48,0,0.0000006854534149169922,0,84.388,5.329,83.085,2.48,3f714e09
glyph16_U0067,glyph16,capx4-5000-100000-app40x,23876,955040,5969,-,class_cap,2,28711,23333,5953,tree_cheaper,543388,3173,2235,23216,9734,645,78,1551,1562,0,226,0,0.000003993511199951172,0,1554.502,19.239,1549.767,11.50,3f714e09
glyph16_U0068,glyph16,capx4-5000-100000-app40x,8580,343200,2145,-,class_cap,2,11013,8269,2110,shared,178824,1221,792,8944,3344,249,30,541,548,0,83,0,0.0000013113021850585938,0,125.750,8.571,124.182,4.65,3f714e09
glyph16_U0069,glyph16,capx4-5000-100000-app40x,5000,200000,293,-,class_cap,4,16090,3725,527,tree_cheaper,15424,321,87,992,242,61,8,46,60,0,13,0,0.000000476837158203125,0,179.609,1.744,179.006,1.86,3f714e09
glyph16_U006A,glyph16,capx4-5000-100000-app40x,5000,200000,1211,-,class_cap,2,6745,4718,1083,shared,82636,771,450,5024,1828,159,19,303,309,0,49,0,0.0000030994415283203125,0,46.845,5.037,45.844,2.45,3f714e09
glyph16_U006B,glyph16,capx4-5000-100000-app40x,5000,200000,347,-,class_cap,3,10682,3764,584,tree_cheaper,19072,359,174,1840,653,84,9,83,106,0,28,0,0.0000016689300537109375,0,98.425,2.091,97.857,1.89,3f714e09
glyph16_U006C,glyph16,capx4-5000-100000-app40x,5000,200000,1143,-,class_cap,2,6691,4789,1067,shared,75932,695,432,4896,1773,150,17,294,304,0,47,0,0.0000015497207641601563,0,63.538,4.716,62.524,2.47,3f714e09
glyph16_U006D,glyph16,capx4-5000-100000-app40x,16532,661280,4133,-,class_cap,2,20780,15972,3842,shared,356416,2273,1435,17008,6208,446,56,1016,1028,19,147,0,0.0000014901161193847656,0,491.894,20.912,488.692,8.02,3f714e09
glyph16_U006E,glyph16,capx4-5000-100000-app40x,8580,343200,2145,-,class_cap,2,11022,8265,2107,shared,176428,1221,792,8912,3354,249,30,541,548,0,83,0,0.0000025033950805664063,0,124.121,9.626,122.417,4.65,3f714e09
glyph16_U006F,glyph16,capx4-5000-100000-app40x,15452,618080,3863,-,class_cap,2,19135,15082,3685,shared,355868,2007,1340,15392,5942,398,49,974,974,0,142,0,0.0000021457672119140625,0,482.181,13.356,479.133,7.78,3f714e09
glyph16_U0070,glyph16,capx4-5000-100000-app40x,15924,636960,3981,-,class_cap,2,19674,15506,4027,shared,382188,2121,1463,15856,6403,425,52,1008,1010,0,152,0,0.000002264976501464844,0,520.704,13.795,517.623,7.91,3f714e09
glyph16_U0071,glyph16,capx4-5000-100000-app40x,15924,636960,3981,-,class_cap,2,19644,15522,4026,shared,383240,2121,1473,15968,6431,426,52,1002,1011,0,153,0,0.0000021457672119140625,0,538.703,12.592,535.739,7.92,3f714e09
glyph16_U0072,glyph16,capx4-5000-100000-app40x,8508,340320,2127,-,class_cap,2,10737,8213,2150,shared,183216,1183,797,8928,3343,241,29,528,535,0,82,0,0.0000010728836059570313,0,98.373,8.198,96.841,4.64,3f714e09
glyph16_U0073,glyph16,capx4-5000-100000-app40x,22956,918240,5739,-,class_cap,2,27595,22300,5831,shared,591696,3051,2148,24320,9288,617,75,1472,1483,0,223,0,0.0000016801059246063232,0,700.881,16.953,695.896,11.31,3f714e09
glyph16_U0074,glyph16,capx4-5000-100000-app40x,5000,200000,1245,-,class_cap,2,6723,4784,1103,shared,81604,809,441,4912,1798,160,20,298,306,0,47,0,0.0000006556510925292969,0,73.026,5.329,71.977,2.48,3f714e09
glyph16_U0075,glyph16,capx4-5000-100000-app40x,8580,343200,2145,-,class_cap,2,10870,8238,2108,shared,193116,1221,799,8944,3366,250,30,536,550,0,84,0,0.000001728534698486328,0,80.341,8.298,78.715,4.64,3f714e09
glyph16_U0076,glyph16,capx4-5000-100000-app40x,5000,200000,207,-,class_cap,3,8160,2821,398,tree_cheaper,11088,207,114,1328,437,53,5,52,64,0,20,0,0.000000476837158203125,0,59.183,1.291,58.745,1.38,3f714e09
glyph16_U0077,glyph16,capx4-5000-100000-app40x,5000,200000,359,-,class_cap,3,10514,3688,573,tree_cheaper,17924,359,193,2144,791,87,9,102,126,0,30,0,0.0000019073486328125,0,104.974,1.933,104.438,1.86,3f714e09
glyph16_U0078,glyph16,capx4-5000-100000-app40x,5000,200000,359,-,class_cap,3,10180,4081,719,tree_cheaper,25772,359,200,2064,828,86,9,85,120,0,35,0,0.0000007748603820800781,0,106.505,2.029,105.934,1.94,3f714e09
glyph16_U0079,glyph16,capx4-5000-100000-app40x,6772,270880,1693,-,class_cap,2,8266,6540,1779,shared,155440,977,670,7664,2819,210,24,437,449,0,71,0,0.0000011920928955078125,0,39.810,6.847,38.614,3.05,3f714e09
glyph16_U007A,glyph16,capx4-5000-100000-app40x,5000,200000,267,-,class_cap,3,9092,2847,407,tree_cheaper,11148,283,120,1312,401,64,7,56,72,0,20,0,0.000003337860107421875,0,70.228,1.465,69.727,1.40,3f714e09
glyph16_U007B,glyph16,capx4-5000-100000-app40x,16404,656160,4101,-,class_cap,2,20065,15949,4116,shared,414720,2273,1516,16816,6476,451,56,1033,1041,0,160,0,0.0000013113021850585938,0,547.531,13.468,544.323,8.01,3f714e09
glyph16_U007C,glyph16,capx4-5000-100000-app40x,5000,200000,123,-,class_cap,5,15936,4327,518,tree_cheaper,12268,131,46,576,128,35,3,20,30,0,6,0,0.0000002980232238769531,0,270.814,1.022,270.284,2.20,3f714e09
glyph16_U007D,glyph16,capx4-5000-100000-app40x,16404,656160,4101,-,class_cap,2,20087,15960,4101,shared,410908,2273,1509,16640,6491,452,56,1028,1043,0,160,0,0.0000012516975402832031,0,529.898,12.808,526.425,8.02,3f714e09
glyph16_U007E,glyph16,capx4-5000-100000-app40x,15980,639200,3995,-,class_cap,2,19285,15606,4114,shared,391876,2083,1495,16096,6469,418,51,994,1002,0,150,0,0,0,275.661,11.898,272.680,7.91,3f714e09
psychedelic_packed,psychedelic,capx4-5000-100000-app40x,5000,200000,1246,-,class_cap,3,7328,4670,1263,tree_cheaper,45224,1246,112,2368,825,127,1,29,30,0,13,0,0,0,20.853,0.912,19.049,2.32,3f714e09
shader_cosine_palette,shader,capx4-5000-100000-app40x,5000,200000,40,-,class_cap,4,7099,4611,1308,tree_cheaper,59288,40,25,1232,292,133,3,99,102,0,1,0,0,0,19.698,1.079,18.942,2.33,3f714e09
shader_smooth_min_scene,shader,capx4-5000-100000-app40x,5000,200000,43,-,class_cap,8,30052,2609,234,tree_cheaper,5456,43,39,448,132,34,0,0,0,0,2,0,0,0,56.354,0.329,55.973,1.26,3f714e09
shader_mandelbrot_distance,shader,capx4-5000-100000-app40x,5000,200000,152,-,class_cap,4,15340,3675,415,shared,16048,152,96,1408,518,141,19,12,43,0,4,0,0,0,31.141,3.513,30.711,1.80,3f714e09
shader_star_sdf,shader,capx4-5000-100000-app40x,5000,200000,66,-,class_cap,4,7717,3878,638,tree_cheaper,48548,66,58,640,172,56,1,0,2,0,2,0,0,0,16.366,0.593,15.927,1.89,3f714e09
shader_gyroid_slice,shader,capx4-5000-100000-app40x,5000,200000,40,-,quiesced,9,4675,775,102,tree_cheaper,1520,40,33,2768,932,163,4,124,128,0,8,0,0,0,12.489,1.894,12.238,0.35,3f714e09
shader_plasma,shader,capx4-5000-100000-app40x,5000,200000,37,-,class_cap,4,5981,3439,591,tree_cheaper,42332,37,29,1376,359,122,3,87,90,0,4,0,0,0,12.027,1.029,11.660,1.49,3f714e09
shader_domain_warp_fbm,shader,capx4-5000-100000-app40x,5000,200000,84,-,class_cap,3,6948,4591,1244,tree_cheaper,112556,84,63,1712,457,186,4,116,120,0,5,0,0,0,19.188,1.370,18.825,2.31,3f714e09
shader_kaleidoscope_fold,shader,capx4-5000-100000-app40x,5000,200000,46,-,quiesced,5,319,131,57,tree_cheaper,412,46,40,2032,560,238,10,156,174,0,8,0,0.000006109476089477539,0,1.435,3.038,1.178,0.09,3f714e09
shader_metaballs,shader,capx4-5000-100000-app40x,5000,200000,62,-,class_cap,4,10074,2584,286,shared,7632,62,50,480,155,43,1,0,0,0,3,0,0,0,52.489,0.462,52.142,1.30,3f714e09
shader_julia_set,shader,capx4-5000-100000-app40x,5000,200000,122,-,class_cap,5,14158,4535,819,tree_cheaper,32664,122,123,2064,717,210,14,58,67,0,5,0,0,0,30.526,3.679,30.125,2.28,3f714e09
shader_smoothstep_vignette,shader,capx4-5000-100000-app40x,5000,200000,64,-,quiesced,5,1074,283,82,tree_cheaper,1064,64,49,544,194,41,0,0,0,0,7,0,0.0000012069940567016602,0,3.293,0.344,3.043,0.15,3f714e09
shader_torus_slice,shader,capx4-5000-100000-app40x,5000,200000,38,-,class_cap,8,15310,2750,205,shared,5560,38,31,368,130,25,0,0,0,0,3,0,0,0,28.051,0.327,27.770,1.29,3f714e09
cellgrid_80x24_d2,cellgrid,capx6-5000-100000-app40x,5000,200000,667,-,class_cap,3,6826,4634,1322,shared,203960,667,117,2576,428,217,0,0,0,7,19,0,0,0,18.762,0.577,17.950,2.32,3f714e09
chrome_packed,chrome,capx6-5000-100000-app40x,100000,4000000,390815,-,class_cap,3,142134,85977,16021,tree_cheaper,530296,335411,568,4768,2374,547,17,888,890,57,13,0,0,1,3704.696,6.270,3542.694,64.27,3f714e09
chrome_R,chrome_channel,capx6-5000-100000-app40x,100000,4000000,133101,-,class_cap,3,137787,84136,15535,tree_cheaper,510984,114633,405,3456,1860,389,9,596,598,41,13,0,0.00001800060272216797,0,3507.391,3.931,3464.943,49.83,3f714e09
glyph16_U0020,glyph16,capx6-5000-100000-app40x,5000,200000,1,-,quiesced,1,0,1,1,tree_cheaper,4,1,1,164,0,1,0,0,0,0,0,0,0,0,0.384,0.218,0.014,0.00,3f714e09
glyph16_U0021,glyph16,capx6-5000-100000-app40x,5000,200000,267,-,class_cap,3,8771,2674,375,tree_cheaper,9768,283,105,1216,362,56,7,48,54,0,16,0,0.000000476837158203125,0,65.005,1.574,64.547,1.37,3f714e09
glyph16_U0022,glyph16,capx6-5000-100000-app40x,5000,200000,191,-,quiesced,7,17694,1642,151,tree_cheaper,2276,207,62,736,175,46,5,31,49,0,8,0,0.000000476837158203125,0,118.288,1.074,117.732,0.84,3f714e09
glyph16_U0023,glyph16,capx6-5000-100000-app40x,5000,200000,647,-,class_cap,2,5950,3379,737,tree_cheaper,37612,663,272,2528,1051,137,17,128,199,0,37,0,0.0000018477439880371096,0,20.990,2.902,20.320,1.80,3f714e09
glyph16_U0024,glyph16,capx6-5000-100000-app40x,36906,1476240,6151,-,class_cap,2,45412,34773,9949,shared,1058732,3363,2293,26976,9819,671,83,1556,1581,1,239,0,0.000002294778823852539,0,425.362,18.028,419.580,18.76,3f714e09
glyph16_U0025,glyph16,capx6-5000-100000-app40x,52746,2109840,8791,-,class_cap,2,65695,50183,13371,shared,1259300,4599,3320,36752,14733,921,113,2251,2263,0,340,0,0.0000019222497940063477,0,6715.832,25.168,6706.638,23.47,3f714e09
glyph16_U0026,glyph16,capx6-5000-100000-app40x,46314,1852560,7719,-,class_cap,2,57453,43891,12063,shared,1279548,4103,2915,33936,12652,828,101,1980,2002,0,302,0,0.0000020265579223632813,0,2011.473,25.697,2003.861,20.62,3f714e09
glyph16_U0027,glyph16,capx6-5000-100000-app40x,5000,200000,123,-,quiesced,7,12774,1153,108,tree_cheaper,1208,131,46,592,124,33,3,18,28,0,6,0,0.00000095367431640625,0,178.830,5.905,170.933,0.64,3f714e09
glyph16_U0028,glyph16,capx6-5000-100000-app40x,11754,470160,1959,-,class_cap,2,14538,11104,3233,shared,309740,1031,734,8048,3145,210,25,490,490,0,75,0,0.0000013113021850585938,0,129.804,8.127,127.803,5.19,3f714e09
glyph16_U0029,glyph16,capx6-5000-100000-app40x,10662,426480,1777,-,class_cap,2,13231,10033,2936,shared,278952,953,676,7424,2909,197,23,448,448,0,72,0,0.0000015348196029663086,0,55.214,7.386,53.740,4.97,3f714e09
glyph16_U002A,glyph16,capx6-5000-100000-app40x,5000,200000,647,-,class_cap,2,6378,3765,878,tree_cheaper,44764,663,302,2976,1204,134,17,119,187,0,46,0,0.000002264976501464844,0,21.509,3.547,20.659,1.99,3f714e09
glyph16_U002B,glyph16,capx6-5000-100000-app40x,5000,200000,259,-,class_cap,5,18015,2289,250,tree_cheaper,5468,283,73,816,205,52,7,37,46,0,10,0,0.000000476837158203125,0,85.883,1.550,85.396,1.16,3f714e09
glyph16_U002C,glyph16,capx6-5000-100000-app40x,5000,200000,199,-,class_cap,4,13534,2553,275,tree_cheaper,5756,207,93,1104,314,51,5,43,58,0,15,0,0.0000011920928955078125,0,68.656,1.269,68.180,1.30,3f714e09
glyph16_U002D,glyph16,capx6-5000-100000-app40x,5000,200000,123,-,quiesced,7,12610,1138,110,tree_cheaper,1232,131,47,624,124,33,3,18,28,0,6,0,0.0000019073486328125,0,68.140,0.952,67.740,0.59,3f714e09
glyph16_U002E,glyph16,capx6-5000-100000-app40x,5000,200000,123,-,class_cap,5,18244,3542,550,tree_cheaper,10980,131,43,544,120,33,3,18,28,0,6,0,0.0000019073486328125,0,192.866,0.858,192.423,1.68,3f714e09
glyph16_U002F,glyph16,capx6-5000-100000-app40x,5000,200000,131,-,class_cap,4,11709,2981,405,tree_cheaper,9632,131,66,864,222,35,3,28,34,0,11,0,0.000000476837158203125,0,85.044,0.771,84.693,1.40,3f714e09
glyph16_U0030,glyph16,capx6-5000-100000-app40x,34602,1384080,5767,-,class_cap,2,43465,32699,8571,shared,800940,2983,2061,21984,9216,591,73,1463,1463,0,219,0,0.0000010728836059570313,0,2573.647,16.750,2568.419,16.01,3f714e09
glyph16_U0031,glyph16,capx6-5000-100000-app40x,5000,200000,301,-,class_cap,3,9593,3104,462,tree_cheaper,13408,321,133,1408,445,75,8,67,96,0,21,0,0.00000095367431640625,0,99.799,1.712,99.215,1.46,3f714e09
glyph16_U0032,glyph16,capx6-5000-100000-app40x,22962,918480,3827,-,class_cap,2,28696,21740,5988,shared,557100,2043,1450,16160,6222,414,50,965,976,0,149,0,0.0000007152557373046875,0,370.187,12.754,367.112,10.28,3f714e09
glyph16_U0033,glyph16,capx6-5000-100000-app40x,35406,1416240,5901,-,class_cap,2,44319,33522,8943,tree_cheaper,731224,3097,2159,22400,9585,631,76,1539,1539,0,227,0,0.00000095367431640625,0,1837.497,17.662,1832.343,18.43,3f714e09
glyph16_U0034,glyph16,capx6-5000-100000-app40x,5000,200000,335,-,class_cap,3,9777,3051,450,tree_cheaper,13660,359,129,1376,432,72,9,64,79,0,20,0,0.0000016689300537109375,0,80.252,1.833,79.757,1.45,3f714e09
glyph16_U0035,glyph16,capx6-5000-100000-app40x,24186,967440,4031,-,class_cap,2,31277,22685,5875,shared,572580,2159,1435,15984,6284,437,53,1025,1035,0,155,0,0.0000017881393432617188,0,504.409,12.762,501.272,11.24,3f714e09
glyph16_U0036,glyph16,capx6-5000-100000-app40x,34758,1390320,5793,-,class_cap,2,43658,32865,8743,tree_cheaper,721900,3021,2136,21840,9482,609,74,1493,1499,0,226,0,0.0000025853514671325684,0,2272.473,21.146,2267.536,18.30,3f714e09
glyph16_U0037,glyph16,capx6-5000-100000-app40x,5000,200000,199,-,class_cap,4,15234,3533,487,tree_cheaper,12536,207,97,1152,330,53,5,45,60,0,19,0,0.00000095367431640625,0,163.711,1.316,163.200,1.70,3f714e09
glyph16_U0038,glyph16,capx6-5000-100000-app40x,46026,1841040,7671,-,class_cap,2,57788,43466,11600,shared,1160400,3959,2794,29632,12430,784,97,1952,1952,0,290,0,0.000002205371856689453,0,2762.212,22.987,2755.082,20.53,3f714e09
glyph16_U0039,glyph16,capx6-5000-100000-app40x,34998,1399920,5833,-,class_cap,2,43730,33157,8774,tree_cheaper,709304,3021,2162,21792,9620,614,74,1512,1512,0,224,0,0.000002574175596237182,0,2247.490,18.469,2242.238,18.33,3f714e09
glyph16_U003A,glyph16,capx6-5000-100000-app40x,5000,200000,191,-,class_cap,4,12594,2762,371,tree_cheaper,8600,207,52,624,143,38,5,23,23,0,7,0,0.000000476837158203125,0,103.050,1.127,102.588,1.37,3f714e09
glyph16_U003B,glyph16,capx6-5000-100000-app40x,5000,200000,267,-,class_cap,3,8699,2710,362,tree_cheaper,9480,283,122,1392,413,65,7,57,81,0,18,0,0.000000476837158203125,0,48.863,1.509,48.460,1.37,3f714e09
glyph16_U003C,glyph16,capx6-5000-100000-app40x,5000,200000,309,-,class_cap,3,9174,3095,488,tree_cheaper,14300,321,156,1680,571,77,8,76,93,0,24,0,0.0000013113021850585938,0,60.349,1.807,59.912,1.46,3f714e09
glyph16_U003D,glyph16,capx6-5000-100000-app40x,5000,200000,191,-,class_cap,4,11780,3763,691,tree_cheaper,16468,207,54,656,148,40,5,25,25,0,7,0,0,0,110.939,1.110,110.484,1.88,3f714e09
glyph16_U003E,glyph16,capx6-5000-100000-app40x,5000,200000,309,-,class_cap,3,9133,3088,493,tree_cheaper,14932,321,156,1664,571,77,8,76,92,0,24,0,0.0000010728836059570313,0,61.787,1.681,61.295,1.45,3f714e09
glyph16_U003F,glyph16,capx6-5000-100000-app40x,24954,998160,4159,-,class_cap,2,31684,23543,6466,shared,587448,2311,1571,18096,6748,469,57,1070,1083,2,163,0,0.0000012516975402832031,0,513.400,13.050,509.828,11.47,3f714e09
glyph16_U0040,glyph16,capx6-5000-100000-app40x,46818,1872720,7803,-,class_cap,2,59212,44293,11577,tree_cheaper,954028,4111,2852,30672,12725,830,101,2022,2037,0,299,0,0.0000018477439880371096,0,4978.163,25.395,4970.999,20.65,3f714e09
glyph16_U0041,glyph16,capx6-5000-100000-app40x,5000,200000,283,-,class_cap,3,9718,3699,575,tree_cheaper,18620,283,160,1760,633,71,7,77,95,0,23,0,0.00000095367431640625,0,86.363,1.641,85.575,1.86,3f714e09
glyph16_U0042,glyph16,capx6-5000-100000-app40x,23790,951600,3965,-,class_cap,2,30516,22344,5971,shared,554572,2121,1469,16160,6347,425,52,1008,1010,0,152,0,0.0000013709068298339844,0,608.387,12.981,604.977,10.41,3f714e09
glyph16_U0043,glyph16,capx6-5000-100000-app40x,23778,951120,3963,-,class_cap,2,30578,22375,5902,shared,581296,2083,1430,15408,6310,415,51,991,993,0,151,0,0.0000019073486328125,0,435.848,12.298,432.859,11.18,3f714e09
glyph16_U0044,glyph16,capx6-5000-100000-app40x,12162,486480,2027,-,class_cap,2,16233,11283,2967,shared,254636,1107,750,8512,3226,229,27,516,521,0,79,0,0.0000026226043701171875,0,197.077,19.583,195.138,5.62,3f714e09
glyph16_U0045,glyph16,capx6-5000-100000-app40x,5000,200000,259,-,class_cap,4,15297,3531,497,tree_cheaper,13872,283,83,928,226,58,7,43,61,0,14,0,0.00000095367431640625,0,211.894,1.416,211.330,1.71,3f714e09
glyph16_U0046,glyph16,capx6-5000-100000-app40x,5000,200000,225,-,class_cap,4,14175,3184,433,tree_cheaper,11116,245,72,784,196,51,6,36,50,0,12,0,0.0000011920928955078125,0,118.440,1.431,117.164,1.45,3f714e09
glyph16_U0047,glyph16,capx6-5000-100000-app40x,24186,967440,4031,-,class_cap,2,31016,22759,6032,shared,571116,2159,1511,16880,6566,438,53,1026,1036,0,157,0,0.0000017881393432617188,0,475.455,12.583,471.885,11.26,3f714e09
glyph16_U0048,glyph16,capx6-5000-100000-app40x,5000,200000,259,-,class_cap,4,14395,3202,428,tree_cheaper,11336,283,68,752,195,52,7,37,46,0,10,0,0.00000095367431640625,0,120.667,1.365,119.873,1.46,3f714e09
glyph16_U0049,glyph16,capx6-5000-100000-app40x,5000,200000,259,-,class_cap,4,14634,3224,429,tree_cheaper,11344,283,70,768,201,52,7,37,46,0,10,0,0.00000095367431640625,0,134.874,1.400,134.108,1.46,3f714e09
glyph16_U004A,glyph16,capx6-5000-100000-app40x,12666,506640,2111,-,class_cap,2,16697,11807,3152,shared,296380,1183,765,8480,3278,247,29,545,550,0,84,0,0.0000013709068298339844,0,106.015,7.428,104.043,5.73,3f714e09
glyph16_U004B,glyph16,capx6-5000-100000-app40x,5000,200000,347,-,class_cap,3,10620,3750,581,tree_cheaper,19040,359,171,1792,649,83,9,82,105,0,27,0,0.0000016689300537109375,0,93.979,1.970,93.137,1.89,3f714e09
glyph16_U004C,glyph16,capx6-5000-100000-app40x,5000,200000,157,-,class_cap,4,12137,2666,356,tree_cheaper,8104,169,55,656,151,41,4,26,40,0,9,0,0.00000095367431640625,0,89.253,1.005,88.542,1.33,3f714e09
glyph16_U004D,glyph16,capx6-5000-100000-app40x,5000,200000,343,-,class_cap,3,10275,3654,558,tree_cheaper,17124,359,159,1680,594,83,9,82,112,0,23,0,0.00000095367431640625,0,86.178,1.768,85.383,1.87,3f714e09
glyph16_U004E,glyph16,capx6-5000-100000-app40x,5000,200000,267,-,class_cap,3,8669,2645,368,tree_cheaper,9820,283,104,1152,334,63,7,48,75,0,15,0,0.0000019073486328125,0,57.193,1.480,56.479,1.36,3f714e09
glyph16_U004F,glyph16,capx6-5000-100000-app40x,23178,927120,3863,-,class_cap,2,29374,21930,5881,shared,527236,2007,1383,15232,6079,400,49,976,976,0,147,0,0.000002205371856689453,0,622.562,12.075,619.383,10.28,3f714e09
glyph16_U0050,glyph16,capx6-5000-100000-app40x,12366,494640,2061,-,class_cap,2,16610,11409,3014,shared,257888,1145,758,8384,3231,233,28,520,522,0,80,0,0.0000018477439880371096,0,193.843,7.511,191.963,5.64,3f714e09
glyph16_U0051,glyph16,capx6-5000-100000-app40x,26766,1070640,4461,-,class_cap,2,33669,25266,6629,shared,597880,2365,1612,17824,7129,477,58,1135,1147,0,174,0,0.0000020265579223632813,0,1500.212,14.586,1496.419,11.78,3f714e09
glyph16_U0052,glyph16,capx6-5000-100000-app40x,18630,745200,3105,-,class_cap,2,23846,17462,4776,shared,436908,1709,1162,12992,4961,348,42,789,797,0,122,0,0.0000008940696716308594,0,280.864,10.896,278.391,9.39,3f714e09
glyph16_U0053,glyph16,capx6-5000-100000-app40x,35658,1426320,5943,-,class_cap,2,44138,33772,9213,tree_cheaper,769848,3135,2219,23344,9798,637,77,1532,1543,0,232,0,0.0000014901161193847656,0,1447.796,18.847,1442.048,18.43,3f714e09
glyph16_U0054,glyph16,capx6-5000-100000-app40x,5000,200000,191,-,class_cap,4,13286,2881,373,tree_cheaper,8628,207,62,704,178,47,5,32,50,0,9,0,0.000001430511474609375,0,107.084,1.606,106.345,1.39,3f714e09
glyph16_U0055,glyph16,capx6-5000-100000-app40x,24186,967440,4031,-,class_cap,2,30474,22791,6222,shared,621460,2159,1392,15808,6136,435,53,1023,1033,4,153,0,0.00000196695327758789,0,218.778,15.879,215.542,11.31,3f714e09
glyph16_U0056,glyph16,capx6-5000-100000-app40x,5000,200000,207,-,class_cap,3,8160,2821,398,tree_cheaper,11088,207,114,1328,437,53,5,52,64,0,20,0,0.000003337860107421875,0,59.378,1.330,58.893,1.38,3f714e09
glyph16_U0057,glyph16,capx6-5000-100000-app40x,5000,200000,359,-,class_cap,3,10887,3864,611,tree_cheaper,17848,359,194,2128,796,89,9,104,128,0,32,0,0.0000021457672119140625,0,136.764,1.990,136.175,1.89,3f714e09
glyph16_U0058,glyph16,capx6-5000-100000-app40x,5000,200000,359,-,class_cap,3,10197,4050,720,tree_cheaper,25924,359,205,2128,842,87,9,86,122,0,36,0,0.0000026226043701171875,0,107.252,2.023,106.685,1.94,3f714e09
glyph16_U0059,glyph16,capx6-5000-100000-app40x,5000,200000,275,-,class_cap,3,9522,3253,488,tree_cheaper,13852,283,140,1520,534,69,7,68,89,0,20,0,0.000003337860107421875,0,75.168,1.841,74.627,1.67,3f714e09
glyph16_U005A,glyph16,capx6-5000-100000-app40x,5000,200000,267,-,class_cap,3,9221,2922,418,tree_cheaper,11368,283,126,1360,420,68,7,60,84,0,21,0,0.000001430511474609375,0,71.145,1.560,70.630,1.41,3f714e09
glyph16_U005B,glyph16,capx6-5000-100000-app40x,5000,200000,191,-,quiesced,7,16687,1526,152,tree_cheaper,2372,207,64,752,170,44,5,29,39,0,10,0,0.000000476837158203125,0,99.796,1.242,99.392,0.71,3f714e09
glyph16_U005C,glyph16,capx6-5000-100000-app40x,5000,200000,131,-,class_cap,4,11752,2957,398,tree_cheaper,9460,131,70,912,230,35,3,28,34,0,11,0,0.000000476837158203125,0,86.397,0.875,85.931,1.39,3f714e09
glyph16_U005D,glyph16,capx6-5000-100000-app40x,5000,200000,191,-,quiesced,7,16993,1557,153,tree_cheaper,2360,207,65,752,175,45,5,30,39,0,10,0,0.000000476837158203125,0,116.253,1.358,115.823,0.72,3f714e09
glyph16_U005E,glyph16,capx6-5000-100000-app40x,5000,200000,207,-,class_cap,3,8188,3207,530,tree_cheaper,15384,207,117,1376,441,53,5,52,64,0,20,0,0.000000476837158203125,0,44.989,1.287,44.516,1.47,3f714e09
glyph16_U005F,glyph16,capx6-5000-100000-app40x,5000,200000,123,-,class_cap,5,17275,3086,434,tree_cheaper,9500,131,44,576,115,31,3,18,28,0,5,0,0.00000286102294921875,0,224.397,0.870,223.610,1.40,3f714e09
glyph16_U0060,glyph16,capx6-5000-100000-app40x,5000,200000,131,-,class_cap,4,12657,3671,679,tree_cheaper,13440,131,74,960,240,35,3,28,34,0,11,0,0.000000476837158203125,0,66.959,1.017,66.520,1.84,3f714e09
glyph16_U0061,glyph16,capx6-5000-100000-app40x,33102,1324080,5517,-,class_cap,2,41758,31199,8185,shared,795844,2929,2030,22400,8835,583,72,1387,1398,0,209,0,0.0000018030405044555664,0,2484.503,20.633,2479.595,15.66,3f714e09
glyph16_U0062,glyph16,capx6-5000-100000-app40x,23886,955440,3981,-,class_cap,2,30844,22443,5849,shared,546436,2121,1476,16112,6502,425,52,1008,1010,0,154,0,0.0000023245811462402344,0,722.912,14.105,719.299,11.19,3f714e09
glyph16_U0063,glyph16,capx6-5000-100000-app40x,23778,951120,3963,-,class_cap,2,30487,22409,5897,shared,577912,2083,1457,15792,6377,415,51,991,993,0,151,0,0.000002384185791015625,0,456.514,13.762,453.251,11.18,3f714e09
glyph16_U0064,glyph16,capx6-5000-100000-app40x,23886,955440,3981,-,class_cap,2,30941,22424,5837,shared,570356,2121,1432,15264,6317,426,52,1002,1011,0,153,0,0.000002384185791015625,0,879.932,16.581,876.679,11.18,3f714e09
glyph16_U0065,glyph16,capx6-5000-100000-app40x,24210,968400,4035,-,class_cap,2,31140,22754,5943,shared,581048,2159,1511,16448,6538,438,53,1022,1037,0,157,0,0.0000015497207641601563,0,486.278,15.248,482.917,11.26,3f714e09
glyph16_U0066,glyph16,capx6-5000-100000-app40x,7470,298800,1245,-,class_cap,2,10693,6664,1677,shared,132464,809,432,4832,1771,161,20,299,307,0,48,0,0.0000006556510925292969,0,108.111,6.503,106.987,3.06,3f714e09
glyph16_U0067,glyph16,capx6-5000-100000-app40x,35814,1432560,5969,-,class_cap,2,45046,33884,8836,shared,831476,3173,2199,24640,9629,631,78,1509,1520,0,227,0,0.0000033974647521972656,0,3099.220,19.943,3093.607,18.48,3f714e09
glyph16_U0068,glyph16,capx6-5000-100000-app40x,12870,514800,2145,-,class_cap,2,17257,11943,3137,shared,275564,1221,777,8768,3310,249,30,541,548,0,83,0,0.0000013113021850585938,0,285.735,7.863,283.832,5.76,3f714e09
glyph16_U0069,glyph16,capx6-5000-100000-app40x,5000,200000,293,-,class_cap,4,16090,3725,527,tree_cheaper,15424,321,87,992,242,61,8,46,60,0,13,0,0.000000476837158203125,0,179.099,1.570,178.558,1.86,3f714e09
glyph16_U006A,glyph16,capx6-5000-100000-app40x,7266,290640,1211,-,class_cap,2,10167,6523,1675,shared,144256,771,435,4800,1787,159,19,303,309,0,49,0,0.0000030994415283203125,0,55.423,5.100,54.321,3.02,3f714e09
glyph16_U006B,glyph16,capx6-5000-100000-app40x,5000,200000,347,-,class_cap,3,10682,3764,584,tree_cheaper,19072,359,174,1840,653,84,9,83,106,0,28,0,0.0000016689300537109375,0,97.917,2.072,97.313,1.89,3f714e09
glyph16_U006C,glyph16,capx6-5000-100000-app40x,6858,274320,1143,-,class_cap,2,9415,6321,1626,shared,131352,695,425,4720,1760,150,17,294,304,0,47,0,0.0000014901161193847656,0,70.535,4.882,69.255,2.98,3f714e09
glyph16_U006D,glyph16,capx6-5000-100000-app40x,24798,991920,4133,-,class_cap,2,32437,23020,6137,shared,560696,2273,1414,15952,6222,446,56,1016,1028,11,147,0,0.0000015497207641601563,0,778.470,14.166,773.990,11.35,3f714e09
glyph16_U006E,glyph16,capx6-5000-100000-app40x,12870,514800,2145,-,class_cap,2,17220,11967,3142,shared,271856,1221,778,8784,3322,249,30,541,548,0,83,0,0.0000025033950805664063,0,200.382,15.500,198.650,5.77,3f714e09
glyph16_U006F,glyph16,capx6-5000-100000-app40x,23178,927120,3863,-,class_cap,2,29893,21812,5732,shared,539308,2007,1313,14832,5864,398,49,974,974,3,143,0,0.0000021457672119140625,0,814.194,12.591,810.918,10.26,3f714e09
glyph16_U0070,glyph16,capx6-5000-100000-app40x,23886,955440,3981,-,class_cap,2,30988,22418,5827,shared,568664,2121,1441,15584,6350,425,52,1008,1010,0,153,0,0.0000023245811462402344,0,536.977,12.189,533.793,11.19,3f714e09
glyph16_U0071,glyph16,capx6-5000-100000-app40x,23886,955440,3981,-,class_cap,2,30644,22540,5869,shared,553868,2121,1475,16208,6494,426,52,1002,1011,0,154,0,0.0000021457672119140625,0,554.476,13.416,551.290,11.21,3f714e09
glyph16_U0072,glyph16,capx6-5000-100000-app40x,12762,510480,2127,-,class_cap,2,16840,11912,3177,shared,280752,1183,794,8768,3344,241,29,528,535,0,82,0,0.0000010728836059570313,0,161.040,8.329,159.311,5.75,3f714e09
glyph16_U0073,glyph16,capx6-5000-100000-app40x,34434,1377360,5739,-,class_cap,2,43028,32509,8746,shared,894548,3051,2149,24080,9303,617,75,1472,1483,0,223,0,0.0000016801059246063232,0,1465.175,18.087,1460.084,15.93,3f714e09
glyph16_U0074,glyph16,capx6-5000-100000-app40x,7470,298800,1245,-,class_cap,2,10558,6698,1694,shared,139428,809,438,4832,1798,160,20,298,306,0,47,0,0.0000006556510925292969,0,80.307,5.670,79.157,3.06,3f714e09
glyph16_U0075,glyph16,capx6-5000-100000-app40x,12870,514800,2145,-,class_cap,2,17120,11915,3154,shared,297952,1221,777,8640,3319,250,30,536,550,0,84,0,0.000001728534698486328,0,107.511,9.633,105.757,5.76,3f714e09
glyph16_U0076,glyph16,capx6-5000-100000-app40x,5000,200000,207,-,class_cap,3,8160,2821,398,tree_cheaper,11088,207,114,1328,437,53,5,52,64,0,20,0,0.000000476837158203125,0,58.614,1.457,58.148,1.38,3f714e09
glyph16_U0077,glyph16,capx6-5000-100000-app40x,5000,200000,359,-,class_cap,3,10514,3688,573,tree_cheaper,17924,359,193,2144,791,87,9,102,126,0,30,0,0.0000019073486328125,0,103.897,1.952,103.051,1.86,3f714e09
glyph16_U0078,glyph16,capx6-5000-100000-app40x,5000,200000,359,-,class_cap,3,10180,4081,719,tree_cheaper,25772,359,200,2064,828,86,9,85,120,0,35,0,0.0000007748603820800781,0,105.913,2.072,105.380,1.94,3f714e09
glyph16_U0079,glyph16,capx6-5000-100000-app40x,10158,406320,1693,-,class_cap,2,13060,9485,2634,shared,242160,977,649,7296,2765,210,24,437,449,0,71,0,0.0000011920928955078125,0,51.682,6.758,50.060,4.86,3f714e09
glyph16_U007A,glyph16,capx6-5000-100000-app40x,5000,200000,267,-,class_cap,3,9092,2847,407,tree_cheaper,11148,283,120,1312,401,64,7,56,72,0,20,0,0.000003337860107421875,0,68.143,1.487,67.642,1.40,3f714e09
glyph16_U007B,glyph16,capx6-5000-100000-app40x,24606,984240,4101,-,class_cap,2,32003,22978,6144,shared,617684,2273,1465,16512,6350,451,56,1033,1041,0,159,0,0.0000013113021850585938,0,474.113,13.741,470.724,11.34,3f714e09
glyph16_U007C,glyph16,capx6-5000-100000-app40x,5000,200000,123,-,class_cap,5,15936,4327,518,tree_cheaper,12268,131,46,576,128,35,3,20,30,0,6,0,0.0000002980232238769531,0,269.220,0.828,268.451,2.20,3f714e09
glyph16_U007D,glyph16,capx6-5000-100000-app40x,24606,984240,4101,-,class_cap,2,31969,22989,6158,shared,618604,2273,1460,16304,6357,452,56,1028,1043,0,159,0,0.0000012516975402832031,0,510.585,13.493,507.247,11.33,3f714e09
glyph16_U007E,glyph16,capx6-5000-100000-app40x,23970,958800,3995,-,class_cap,2,30190,22768,6058,shared,590960,2083,1497,15872,6482,418,51,994,1002,0,150,0,0,0,329.574,12.798,326.408,11.25,3f714e09
psychedelic_packed,psychedelic,capx6-5000-100000-app40x,7476,299040,1246,-,class_cap,3,10172,6470,1572,tree_cheaper,49976,1246,111,2368,826,127,1,29,30,0,13,0,0,0,23.476,0.969,22.521,2.88,3f714e09
shader_cosine_palette,shader,capx6-5000-100000-app40x,5000,200000,40,-,class_cap,4,7099,4611,1308,tree_cheaper,59288,40,25,1232,292,133,3,99,102,0,1,0,0,0,19.460,1.268,19.002,2.33,3f714e09
shader_smooth_min_scene,shader,capx6-5000-100000-app40x,5000,200000,43,-,class_cap,8,30052,2609,234,tree_cheaper,5456,43,39,448,132,34,0,0,0,0,2,0,0,0,54.596,0.419,54.194,1.26,3f714e09
shader_mandelbrot_distance,shader,capx6-5000-100000-app40x,5000,200000,152,-,class_cap,4,15340,3675,415,shared,16048,152,96,1408,518,141,19,12,43,0,4,0,0,0,31.087,3.635,30.693,1.80,3f714e09
shader_star_sdf,shader,capx6-5000-100000-app40x,5000,200000,66,-,class_cap,4,7717,3878,638,tree_cheaper,48548,66,58,640,172,56,1,0,2,0,2,0,0,0,15.558,0.587,15.176,1.89,3f714e09
shader_gyroid_slice,shader,capx6-5000-100000-app40x,5000,200000,40,-,quiesced,9,4675,775,102,tree_cheaper,1520,40,33,2768,932,163,4,124,128,0,8,0,0,0,12.624,1.998,12.377,0.35,3f714e09
shader_plasma,shader,capx6-5000-100000-app40x,5000,200000,37,-,class_cap,4,5981,3439,591,tree_cheaper,42332,37,29,1376,359,122,3,87,90,0,4,0,0,0,12.153,1.117,11.829,1.49,3f714e09
shader_domain_warp_fbm,shader,capx6-5000-100000-app40x,5000,200000,84,-,class_cap,3,6948,4591,1244,tree_cheaper,112556,84,63,1712,457,186,4,116,120,0,5,0,0,0,18.881,1.458,18.469,2.31,3f714e09
shader_kaleidoscope_fold,shader,capx6-5000-100000-app40x,5000,200000,46,-,quiesced,5,319,131,57,tree_cheaper,412,46,40,2032,560,238,10,156,174,0,8,0,0.000006109476089477539,0,1.350,3.156,1.174,0.09,3f714e09
shader_metaballs,shader,capx6-5000-100000-app40x,5000,200000,62,-,class_cap,4,10074,2584,286,shared,7632,62,50,480,155,43,1,0,0,0,3,0,0,0,51.603,0.483,51.246,1.30,3f714e09
shader_julia_set,shader,capx6-5000-100000-app40x,5000,200000,122,-,class_cap,5,14158,4535,819,tree_cheaper,32664,122,123,2064,717,210,14,58,67,0,5,0,0,0,29.575,3.826,29.185,2.28,3f714e09
shader_smoothstep_vignette,shader,capx6-5000-100000-app40x,5000,200000,64,-,quiesced,5,1074,283,82,tree_cheaper,1064,64,49,544,194,41,0,0,0,0,7,0,0.0000012069940567016602,0,3.299,0.352,3.058,0.15,3f714e09
shader_torus_slice,shader,capx6-5000-100000-app40x,5000,200000,38,-,class_cap,8,15310,2750,205,shared,5560,38,31,368,130,25,0,0,0,0,3,0,0,0,28.180,0.331,27.872,1.29,3f714e09
cellgrid_80x24_d2,cellgrid,capx8-5000-100000-app40x,5336,213440,667,-,class_cap,3,7308,4898,1366,shared,220584,667,117,2576,428,217,0,0,0,6,19,0,0,0,19.388,0.632,18.626,2.38,3f714e09
chrome_packed,chrome,capx8-5000-100000-app40x,100000,4000000,390815,-,class_cap,3,142134,85977,16021,tree_cheaper,530296,335411,568,4768,2374,547,17,888,890,57,13,0,0,1,3561.167,7.432,3401.951,64.27,3f714e09
chrome_R,chrome_channel,capx8-5000-100000-app40x,100000,4000000,133101,-,class_cap,3,137787,84136,15535,tree_cheaper,510984,114633,405,3456,1860,389,9,596,598,41,13,0,0.00001800060272216797,0,3659.524,3.727,3615.847,49.83,3f714e09
glyph16_U0020,glyph16,capx8-5000-100000-app40x,5000,200000,1,-,quiesced,1,0,1,1,tree_cheaper,4,1,1,164,0,1,0,0,0,0,0,0,0,0,0.508,0.239,0.014,0.00,3f714e09
glyph16_U0021,glyph16,capx8-5000-100000-app40x,5000,200000,267,-,class_cap,3,8771,2674,375,tree_cheaper,9768,283,105,1216,362,56,7,48,54,0,16,0,0.000000476837158203125,0,64.601,1.513,64.173,1.37,3f714e09
glyph16_U0022,glyph16,capx8-5000-100000-app40x,5000,200000,191,-,quiesced,7,17694,1642,151,tree_cheaper,2276,207,62,736,175,46,5,31,49,0,8,0,0.000000476837158203125,0,119.875,1.206,119.169,0.84,3f714e09
glyph16_U0023,glyph16,capx8-5000-100000-app40x,5176,207040,647,-,class_cap,2,6034,3442,743,tree_cheaper,38252,663,272,2528,1051,137,17,128,199,0,37,0,0.0000018477439880371096,0,21.341,3.203,20.645,1.80,3f714e09
glyph16_U0024,glyph16,capx8-5000-100000-app40x,49208,1968320,6151,-,class_cap,2,62232,44464,12788,shared,1420920,3363,2435,23408,10569,614,83,1055,1424,0,287,0,0.000002473592758178711,0,543.636,20.080,537.306,20.59,3f714e09
glyph16_U0025,glyph16,capx8-5000-100000-app40x,70328,2813120,8791,-,class_cap,2,91131,63701,17203,tree_cheaper,1596336,4599,3195,33744,14268,922,113,2254,2266,0,348,0,0.0000019222497940063477,0,8525.714,23.897,8506.205,31.28,3f714e09
glyph16_U0026,glyph16,capx8-5000-100000-app40x,61752,2470080,7719,-,class_cap,2,79149,55938,15505,shared,1703352,4103,2975,28912,13099,757,101,1331,1801,2,315,0,0.0000021457672119140625,0,2614.034,21.805,2605.937,24.49,3f714e09
glyph16_U0027,glyph16,capx8-5000-100000-app40x,5000,200000,123,-,quiesced,7,12774,1153,108,tree_cheaper,1208,131,46,592,124,33,3,18,28,0,6,0,0.00000095367431640625,0,72.686,0.832,72.270,0.64,3f714e09
glyph16_U0028,glyph16,capx8-5000-100000-app40x,15672,626880,1959,-,class_cap,2,20182,14151,4140,shared,410404,1031,745,7872,3244,210,25,490,490,0,84,0,0.0000013113021850585938,0,69.782,7.345,68.177,7.09,3f714e09
glyph16_U0029,glyph16,capx8-5000-100000-app40x,14216,568640,1777,-,class_cap,2,18324,12810,3771,shared,371276,953,696,7376,3036,197,23,448,448,0,82,0,0.0000015348196029663086,0,61.508,6.815,59.982,5.90,3f714e09
glyph16_U002A,glyph16,capx8-5000-100000-app40x,5176,207040,647,-,class_cap,2,6456,3809,889,tree_cheaper,45620,663,302,2976,1204,134,17,119,187,0,46,0,0.000002264976501464844,0,20.872,2.970,20.150,2.00,3f714e09
glyph16_U002B,glyph16,capx8-5000-100000-app40x,5000,200000,259,-,class_cap,5,18015,2289,250,tree_cheaper,5468,283,73,816,205,52,7,37,46,0,10,0,0.000000476837158203125,0,85.504,1.407,85.054,1.16,3f714e09
glyph16_U002C,glyph16,capx8-5000-100000-app40x,5000,200000,199,-,class_cap,4,13534,2553,275,tree_cheaper,5756,207,93,1104,314,51,5,43,58,0,15,0,0.0000011920928955078125,0,68.682,1.216,68.223,1.30,3f714e09
glyph16_U002D,glyph16,capx8-5000-100000-app40x,5000,200000,123,-,quiesced,7,12610,1138,110,tree_cheaper,1232,131,47,624,124,33,3,18,28,0,6,0,0.0000019073486328125,0,68.242,0.847,67.837,0.59,3f714e09
glyph16_U002E,glyph16,capx8-5000-100000-app40x,5000,200000,123,-,class_cap,5,18244,3542,550,tree_cheaper,10980,131,43,544,120,33,3,18,28,0,6,0,0.0000019073486328125,0,198.225,0.879,197.779,1.68,3f714e09
glyph16_U002F,glyph16,capx8-5000-100000-app40x,5000,200000,131,-,class_cap,4,11709,2981,405,tree_cheaper,9632,131,66,864,222,35,3,28,34,0,11,0,0.000000476837158203125,0,84.732,0.847,84.341,1.40,3f714e09
glyph16_U0030,glyph16,capx8-5000-100000-app40x,46136,1845440,5767,-,class_cap,2,60534,41597,10831,tree_cheaper,1003000,2983,2021,21232,9086,591,73,1463,1463,0,219,0,0.0000010728836059570313,0,2573.278,16.764,2568.063,19.88,3f714e09
glyph16_U0031,glyph16,capx8-5000-100000-app40x,5000,200000,301,-,class_cap,3,9593,3104,462,tree_cheaper,13408,321,133,1408,445,75,8,67,96,0,21,0,0.00000095367431640625,0,79.469,1.536,78.927,1.46,3f714e09
glyph16_U0032,glyph16,capx8-5000-100000-app40x,30616,1224640,3827,-,class_cap,2,39600,27790,7715,shared,737576,2043,1449,13296,6337,378,50,648,877,0,150,0,0.0000006556510925292969,0,442.989,11.011,439.534,12.21,3f714e09
glyph16_U0033,glyph16,capx8-5000-100000-app40x,47208,1888320,5901,-,class_cap,2,61346,42668,11390,tree_cheaper,1104596,3097,2128,22528,9416,623,76,1515,1515,0,233,0,0.00000095367431640625,0,2387.472,18.328,2382.144,20.13,3f714e09
glyph16_U0034,glyph16,capx8-5000-100000-app40x,5000,200000,335,-,class_cap,3,9777,3051,450,tree_cheaper,13660,359,129,1376,432,72,9,64,79,0,20,0,0.0000016689300537109375,0,82.127,1.867,81.311,1.45,3f714e09
glyph16_U0035,glyph16,capx8-5000-100000-app40x,32248,1289920,4031,-,class_cap,2,42395,29059,7693,shared,754088,2159,1438,15568,6284,437,53,1025,1035,0,155,0,0.0000017881393432617188,0,666.769,13.788,663.007,15.03,3f714e09
glyph16_U0036,glyph16,capx8-5000-100000-app40x,46344,1853760,5793,-,class_cap,2,60652,41772,11086,shared,1175960,3021,2084,21728,9243,603,74,1475,1481,0,222,0,0.0000025853514671325684,0,2605.056,23.110,2599.237,19.93,3f714e09
glyph16_U0037,glyph16,capx8-5000-100000-app40x,5000,200000,199,-,class_cap,4,15234,3533,487,tree_cheaper,12536,207,97,1152,330,53,5,45,60,0,19,0,0.00000095367431640625,0,168.645,1.428,168.157,1.70,3f714e09
glyph16_U0038,glyph16,capx8-5000-100000-app40x,61368,2454720,7671,-,class_cap,2,79084,55709,15183,tree_cheaper,1488756,3959,2726,28752,12222,785,97,1955,1955,0,298,0,0.000002205371856689453,0,5697.560,24.493,5689.683,24.38,3f714e09
glyph16_U0039,glyph16,capx8-5000-100000-app40x,46664,1866560,5833,-,class_cap,2,60570,42118,11167,tree_cheaper,1057432,3021,2134,22128,9457,606,74,1488,1488,0,232,0,0.000002574175596237182,0,3405.918,19.312,3399.806,19.97,3f714e09
glyph16_U003A,glyph16,capx8-5000-100000-app40x,5000,200000,191,-,class_cap,4,12594,2762,371,tree_cheaper,8600,207,52,624,143,38,5,23,23,0,7,0,0.000000476837158203125,0,103.517,1.413,103.012,1.37,3f714e09
glyph16_U003B,glyph16,capx8-5000-100000-app40x,5000,200000,267,-,class_cap,3,8699,2710,362,tree_cheaper,9480,283,122,1392,413,65,7,57,81,0,18,0,0.000000476837158203125,0,48.600,1.690,48.123,1.37,3f714e09
glyph16_U003C,glyph16,capx8-5000-100000-app40x,5000,200000,309,-,class_cap,3,9174,3095,488,tree_cheaper,14300,321,156,1680,571,77,8,76,93,0,24,0,0.0000013113021850585938,0,59.372,1.860,58.841,1.46,3f714e09
glyph16_U003D,glyph16,capx8-5000-100000-app40x,5000,200000,191,-,class_cap,4,11780,3763,691,tree_cheaper,16468,207,54,656,148,40,5,25,25,0,7,0,0,0,109.502,1.319,108.968,1.88,3f714e09
glyph16_U003E,glyph16,capx8-5000-100000-app40x,5000,200000,309,-,class_cap,3,9133,3088,493,tree_cheaper,14932,321,156,1664,571,77,8,76,92,0,24,0,0.0000010728836059570313,0,61.402,1.839,60.901,1.45,3f714e09
glyph16_U003F,glyph16,capx8-5000-100000-app40x,33272,1330880,4159,-,class_cap,2,43263,30076,8330,shared,764936,2311,1652,15888,7189,427,57,716,970,3,175,0,0.0000012516975402832031,0,839.768,13.612,835.948,15.34,3f714e09
glyph16_U0040,glyph16,capx8-5000-100000-app40x,62424,2496960,7803,-,class_cap,2,81515,56209,14791,shared,1415512,4111,2925,31376,13037,818,101,1986,2001,0,300,0,0.0000018477439880371096,0,7339.061,24.630,7331.093,24.95,3f714e09
glyph16_U0041,glyph16,capx8-5000-100000-app40x,5000,200000,283,-,class_cap,3,9718,3699,575,tree_cheaper,18620,283,160,1760,633,71,7,77,95,0,23,0,0.00000095367431640625,0,86.816,1.689,86.181,1.86,3f714e09
glyph16_U0042,glyph16,capx8-5000-100000-app40x,31720,1268800,3965,-,class_cap,2,41886,28524,7671,shared,736816,2121,1487,13632,6508,389,52,678,910,0,152,0,0.000001430511474609375,0,734.456,13.078,730.751,14.13,3f714e09
glyph16_U0043,glyph16,capx8-5000-100000-app40x,31704,1268160,3963,-,class_cap,2,41589,28618,7733,tree_cheaper,752464,2083,1440,14896,6356,415,51,991,993,0,157,0,0.0000018477439880371096,0,562.089,13.488,558.874,14.14,3f714e09
glyph16_U0044,glyph16,capx8-5000-100000-app40x,16216,648640,2027,-,class_cap,2,22249,14480,3873,tree_cheaper,307976,1107,761,8096,3300,229,27,516,521,0,83,0,0.0000026226043701171875,0,209.481,13.360,207.514,7.52,3f714e09
glyph16_U0045,glyph16,capx8-5000-100000-app40x,5000,200000,259,-,class_cap,4,15297,3531,497,tree_cheaper,13872,283,83,928,226,58,7,43,61,0,14,0,0.00000095367431640625,0,138.878,1.807,138.061,1.71,3f714e09
glyph16_U0046,glyph16,capx8-5000-100000-app40x,5000,200000,225,-,class_cap,4,14175,3184,433,tree_cheaper,11116,245,72,784,196,51,6,36,50,0,12,0,0.0000011920928955078125,0,119.090,1.843,118.562,1.45,3f714e09
glyph16_U0047,glyph16,capx8-5000-100000-app40x,32248,1289920,4031,-,class_cap,2,42408,29044,7865,shared,778944,2159,1566,14544,6871,400,53,689,931,0,159,0,0.0000023245811462402344,0,616.745,15.354,613.362,15.07,3f714e09
glyph16_U0048,glyph16,capx8-5000-100000-app40x,5000,200000,259,-,class_cap,4,14395,3202,428,tree_cheaper,11336,283,68,752,195,52,7,37,46,0,10,0,0.00000095367431640625,0,122.164,1.828,121.631,1.46,3f714e09
glyph16_U0049,glyph16,capx8-5000-100000-app40x,5000,200000,259,-,class_cap,4,14634,3224,429,tree_cheaper,11344,283,70,768,201,52,7,37,46,0,10,0,0.00000095367431640625,0,135.675,1.648,135.197,1.46,3f714e09
glyph16_U004A,glyph16,capx8-5000-100000-app40x,16888,675520,2111,-,class_cap,2,22718,15048,4121,tree_cheaper,384984,1183,799,8432,3414,244,29,524,543,0,91,0,0.0000016689300537109375,0,121.637,8.681,119.867,7.67,3f714e09
glyph16_U004B,glyph16,capx8-5000-100000-app40x,5000,200000,347,-,class_cap,3,10620,3750,581,tree_cheaper,19040,359,171,1792,649,83,9,82,105,0,27,0,0.0000016689300537109375,0,94.640,2.630,94.009,1.89,3f714e09
glyph16_U004C,glyph16,capx8-5000-100000-app40x,5000,200000,157,-,class_cap,4,12137,2666,356,tree_cheaper,8104,169,55,656,151,41,4,26,40,0,9,0,0.00000095367431640625,0,91.147,1.290,90.634,1.33,3f714e09
glyph16_U004D,glyph16,capx8-5000-100000-app40x,5000,200000,343,-,class_cap,3,10275,3654,558,tree_cheaper,17124,359,159,1680,594,83,9,82,112,0,23,0,0.00000095367431640625,0,92.976,2.601,92.419,1.87,3f714e09
glyph16_U004E,glyph16,capx8-5000-100000-app40x,5000,200000,267,-,class_cap,3,8669,2645,368,tree_cheaper,9820,283,104,1152,334,63,7,48,75,0,15,0,0.0000019073486328125,0,57.309,2.113,56.832,1.36,3f714e09
glyph16_U004F,glyph16,capx8-5000-100000-app40x,30904,1236160,3863,-,class_cap,2,40550,27836,7577,tree_cheaper,689836,2007,1371,14048,6075,400,49,976,976,0,146,0,0.000002205371856689453,0,789.464,14.218,786.212,12.20,3f714e09
glyph16_U0050,glyph16,capx8-5000-100000-app40x,16488,659520,2061,-,class_cap,2,22645,14730,3946,shared,352296,1145,759,8400,3265,232,28,512,520,0,83,0,0.0000016689300537109375,0,220.711,8.526,218.937,7.59,3f714e09
glyph16_U0051,glyph16,capx8-5000-100000-app40x,35688,1427520,4461,-,class_cap,2,46788,32113,8489,shared,715180,2365,1657,17744,7365,477,58,1135,1147,0,174,0,0.0000020265579223632813,0,2013.852,15.117,2009.886,15.78,3f714e09
glyph16_U0052,glyph16,capx8-5000-100000-app40x,24840,993600,3105,-,class_cap,2,32618,22401,6180,shared,588424,1709,1169,12976,5056,347,42,782,795,0,132,0,0.00000095367431640625,0,342.358,11.187,339.518,10.32,3f714e09
glyph16_U0053,glyph16,capx8-5000-100000-app40x,47544,1901760,5943,-,class_cap,2,61309,43043,11703,shared,1242288,3135,2153,23392,9474,632,77,1517,1528,0,230,0,0.000001646578311920166,0,1738.516,18.067,1732.922,20.21,3f714e09
glyph16_U0054,glyph16,capx8-5000-100000-app40x,5000,200000,191,-,class_cap,4,13286,2881,373,tree_cheaper,8628,207,62,704,178,47,5,32,50,0,9,0,0.000001430511474609375,0,105.593,1.173,104.852,1.39,3f714e09
glyph16_U0055,glyph16,capx8-5000-100000-app40x,32248,1289920,4031,-,class_cap,2,41224,29252,8102,tree_cheaper,847272,2159,1461,16016,6379,430,53,1007,1025,7,162,0,0.0000020265579223632813,0,293.742,12.338,290.026,15.13,3f714e09
glyph16_U0056,glyph16,capx8-5000-100000-app40x,5000,200000,207,-,class_cap,3,8160,2821,398,tree_cheaper,11088,207,114,1328,437,53,5,52,64,0,20,0,0.000003337860107421875,0,59.411,1.504,58.865,1.38,3f714e09
glyph16_U0057,glyph16,capx8-5000-100000-app40x,5000,200000,359,-,class_cap,3,10887,3864,611,tree_cheaper,17848,359,194,2128,796,89,9,104,128,0,32,0,0.0000021457672119140625,0,134.121,2.107,133.576,1.89,3f714e09
glyph16_U0058,glyph16,capx8-5000-100000-app40x,5000,200000,359,-,class_cap,3,10197,4050,720,tree_cheaper,25924,359,205,2128,842,87,9,86,122,0,36,0,0.0000026226043701171875,0,104.172,2.103,103.651,1.94,3f714e09
glyph16_U0059,glyph16,capx8-5000-100000-app40x,5000,200000,275,-,class_cap,3,9522,3253,488,tree_cheaper,13852,283,140,1520,534,69,7,68,89,0,20,0,0.000003337860107421875,0,73.059,1.620,72.546,1.67,3f714e09
glyph16_U005A,glyph16,capx8-5000-100000-app40x,5000,200000,267,-,class_cap,3,9221,2922,418,tree_cheaper,11368,283,126,1360,420,68,7,60,84,0,21,0,0.000001430511474609375,0,71.546,1.485,71.055,1.41,3f714e09
glyph16_U005B,glyph16,capx8-5000-100000-app40x,5000,200000,191,-,quiesced,7,16687,1526,152,tree_cheaper,2372,207,64,752,170,44,5,29,39,0,10,0,0.000000476837158203125,0,99.415,1.111,98.999,0.71,3f714e09
glyph16_U005C,glyph16,capx8-5000-100000-app40x,5000,200000,131,-,class_cap,4,11752,2957,398,tree_cheaper,9460,131,70,912,230,35,3,28,34,0,11,0,0.000000476837158203125,0,85.450,0.856,85.055,1.39,3f714e09
glyph16_U005D,glyph16,capx8-5000-100000-app40x,5000,200000,191,-,quiesced,7,16993,1557,153,tree_cheaper,2360,207,65,752,175,45,5,30,39,0,10,0,0.000000476837158203125,0,113.745,1.276,113.390,0.72,3f714e09
glyph16_U005E,glyph16,capx8-5000-100000-app40x,5000,200000,207,-,class_cap,3,8188,3207,530,tree_cheaper,15384,207,117,1376,441,53,5,52,64,0,20,0,0.000000476837158203125,0,44.569,1.221,44.127,1.47,3f714e09
glyph16_U005F,glyph16,capx8-5000-100000-app40x,5000,200000,123,-,class_cap,5,17275,3086,434,tree_cheaper,9500,131,44,576,115,31,3,18,28,0,5,0,0.00000286102294921875,0,221.256,1.020,220.858,1.40,3f714e09
glyph16_U0060,glyph16,capx8-5000-100000-app40x,5000,200000,131,-,class_cap,4,12657,3671,679,tree_cheaper,13440,131,74,960,240,35,3,28,34,0,11,0,0.000000476837158203125,0,67.743,0.907,67.296,1.84,3f714e09
glyph16_U0061,glyph16,capx8-5000-100000-app40x,44136,1765440,5517,-,class_cap,2,57063,39831,10661,shared,977128,2929,2093,21920,9241,583,72,1387,1398,0,214,0,0.000001817941665649414,0,2288.577,16.067,2283.227,19.54,3f714e09
glyph16_U0062,glyph16,capx8-5000-100000-app40x,31848,1273920,3981,-,class_cap,2,41887,28713,7674,tree_cheaper,696420,2121,1447,15104,6374,425,52,1008,1010,0,161,0,0.0000023245811462402344,0,691.636,12.299,688.377,14.77,3f714e09
glyph16_U0063,glyph16,capx8-5000-100000-app40x,31704,1268160,3963,-,class_cap,2,41521,28610,7738,tree_cheaper,746576,2083,1445,14960,6351,415,51,991,993,0,157,0,0.000002384185791015625,0,576.975,12.069,573.659,14.13,3f714e09
glyph16_U0064,glyph16,capx8-5000-100000-app40x,31848,1273920,3981,-,class_cap,2,42049,28714,7632,shared,776404,2121,1413,14736,6251,426,52,1002,1011,0,153,0,0.000002384185791015625,0,695.231,13.056,691.762,14.77,3f714e09
glyph16_U0065,glyph16,capx8-5000-100000-app40x,32280,1291200,4035,-,class_cap,2,42443,29098,7793,shared,791280,2159,1458,15584,6374,438,53,1022,1037,0,157,0,0.0000015497207641601563,0,616.477,12.713,612.987,14.85,3f714e09
glyph16_U0066,glyph16,capx8-5000-100000-app40x,9960,398400,1245,-,class_cap,2,14145,8768,2247,shared,189816,809,460,4944,1891,157,20,289,302,0,52,0,0.0000006556510925292969,0,119.051,4.995,117.964,4.68,3f714e09
glyph16_U0067,glyph16,capx8-5000-100000-app40x,47752,1910080,5969,-,class_cap,2,61777,43227,11508,tree_cheaper,841300,3173,2147,23408,9485,632,78,1512,1523,0,236,0,0.0000033937394618988037,0,3570.978,17.686,3565.220,20.21,3f714e09
glyph16_U0068,glyph16,capx8-5000-100000-app40x,17160,686400,2145,-,class_cap,2,23465,15319,4089,shared,374840,1221,780,8384,3331,246,30,526,542,0,85,0,0.0000013113021850585938,0,223.273,7.416,221.536,7.74,3f714e09
glyph16_U0069,glyph16,capx8-5000-100000-app40x,5000,200000,293,-,class_cap,4,16090,3725,527,tree_cheaper,15424,321,87,992,242,61,8,46,60,0,13,0,0.000000476837158203125,0,180.639,1.632,180.044,1.86,3f714e09
glyph16_U006A,glyph16,capx8-5000-100000-app40x,9688,387520,1211,-,class_cap,2,13416,8548,2279,shared,200752,771,476,5024,1973,155,19,287,303,0,55,0,0.0000030994415283203125,0,64.184,4.791,62.699,4.64,3f714e09
glyph16_U006B,glyph16,capx8-5000-100000-app40x,5000,200000,347,-,class_cap,3,10682,3764,584,tree_cheaper,19072,359,174,1840,653,84,9,83,106,0,28,0,0.0000016689300537109375,0,95.273,1.813,94.735,1.89,3f714e09
glyph16_U006C,glyph16,capx8-5000-100000-app40x,9144,365760,1143,-,class_cap,2,12770,8116,2121,shared,176776,695,435,4656,1807,147,17,280,298,0,49,0,0.0000015497207641601563,0,77.851,4.883,76.824,3.97,3f714e09
glyph16_U006D,glyph16,capx8-5000-100000-app40x,33064,1322560,4133,-,class_cap,2,43239,29637,7998,shared,724172,2273,1569,14688,6921,405,56,678,917,12,163,0,0.0000016689300537109375,0,863.171,31.941,855.228,15.17,3f714e09
glyph16_U006E,glyph16,capx8-5000-100000-app40x,17160,686400,2145,-,class_cap,2,23456,15317,4099,shared,369844,1221,773,8304,3312,246,30,526,542,0,85,0,0.0000025033950805664063,0,240.925,7.512,237.386,7.76,3f714e09
glyph16_U006F,glyph16,capx8-5000-100000-app40x,30904,1236160,3863,-,class_cap,2,40812,27833,7368,shared,666108,2007,1444,13312,6457,364,49,653,877,8,145,0,0.0000024437904357910156,0,775.542,13.286,772.320,12.17,3f714e09
glyph16_U0070,glyph16,capx8-5000-100000-app40x,31848,1273920,3981,-,class_cap,2,42091,28722,7626,shared,775644,2121,1411,14848,6251,425,52,1008,1010,0,153,0,0.0000023245811462402344,0,670.374,12.220,666.961,14.77,3f714e09
glyph16_U0071,glyph16,capx8-5000-100000-app40x,31848,1273920,3981,-,class_cap,2,41627,28733,7717,tree_cheaper,700108,2121,1439,14992,6363,426,52,1002,1011,0,161,0,0.0000021457672119140625,0,695.859,12.508,692.460,14.78,3f714e09
glyph16_U0072,glyph16,capx8-5000-100000-app40x,17016,680640,2127,-,class_cap,2,23046,15193,4120,shared,378208,1183,781,8688,3330,241,29,528,535,0,84,0,0.000001132488250732422,0,189.976,8.042,188.206,7.69,3f714e09
glyph16_U0073,glyph16,capx8-5000-100000-app40x,45912,1836480,5739,-,class_cap,2,59362,41481,11217,shared,1192852,3051,2194,20608,9617,564,75,986,1334,1,231,0,0.0000017490237951278689,0,1758.806,18.952,1753.134,19.89,3f714e09
glyph16_U0074,glyph16,capx8-5000-100000-app40x,9960,398400,1245,-,class_cap,2,14051,8738,2207,shared,191096,809,465,4928,1918,156,20,288,301,0,58,0,0.000000476837158203125,0,87.195,6.439,86.014,4.67,3f714e09
glyph16_U0075,glyph16,capx8-5000-100000-app40x,17160,686400,2145,-,class_cap,2,23125,15248,4154,shared,411376,1221,803,8656,3428,247,30,527,544,0,89,0,0.0000017881393432617188,0,121.231,9.234,119.412,7.71,3f714e09
glyph16_U0076,glyph16,capx8-5000-100000-app40x,5000,200000,207,-,class_cap,3,8160,2821,398,tree_cheaper,11088,207,114,1328,437,53,5,52,64,0,20,0,0.000000476837158203125,0,58.816,1.423,58.363,1.38,3f714e09
glyph16_U0077,glyph16,capx8-5000-100000-app40x,5000,200000,359,-,class_cap,3,10514,3688,573,tree_cheaper,17924,359,193,2144,791,87,9,102,126,0,30,0,0.0000019073486328125,0,115.275,2.559,103.016,1.86,3f714e09
glyph16_U0078,glyph16,capx8-5000-100000-app40x,5000,200000,359,-,class_cap,3,10180,4081,719,tree_cheaper,25772,359,200,2064,828,86,9,85,120,0,35,0,0.0000007748603820800781,0,104.675,2.211,104.122,1.94,3f714e09
glyph16_U0079,glyph16,capx8-5000-100000-app40x,13544,541760,1693,-,class_cap,2,17860,12091,3430,shared,324964,977,699,7696,3001,209,24,436,448,0,85,0,0.0000016689300537109375,0,60.255,7.610,58.867,5.75,3f714e09
glyph16_U007A,glyph16,capx8-5000-100000-app40x,5000,200000,267,-,class_cap,3,9092,2847,407,tree_cheaper,11148,283,120,1312,401,64,7,56,72,0,20,0,0.000003337860107421875,0,69.231,1.710,68.625,1.40,3f714e09
glyph16_U007B,glyph16,capx8-5000-100000-app40x,32808,1312320,4101,-,class_cap,2,43380,29244,7957,shared,842536,2273,1573,14944,6817,413,56,702,939,0,174,0,0.0000015497207641601563,0,572.978,15.451,564.947,15.13,3f714e09
glyph16_U007C,glyph16,capx8-5000-100000-app40x,5000,200000,123,-,class_cap,5,15936,4327,518,tree_cheaper,12268,131,46,576,128,35,3,20,30,0,6,0,0.0000002980232238769531,0,266.668,1.005,266.122,2.20,3f714e09
glyph16_U007D,glyph16,capx8-5000-100000-app40x,32808,1312320,4101,-,class_cap,2,43245,29378,8035,shared,825552,2273,1594,14960,6944,413,56,702,938,0,172,0,0.0000013709068298339844,0,610.552,15.295,606.953,15.15,3f714e09
glyph16_U007E,glyph16,capx8-5000-100000-app40x,31960,1278400,3995,-,class_cap,2,41175,29078,7866,shared,790332,2083,1431,14976,6293,420,51,996,1003,0,152,0,0,0,451.786,13.508,448.238,15.07,3f714e09
psychedelic_packed,psychedelic,capx8-5000-100000-app40x,9968,398720,1246,-,class_cap,3,11307,7131,1727,tree_cheaper,49564,1246,111,2368,826,127,1,29,30,0,13,0,0,0,25.257,0.945,24.433,3.41,3f714e09
shader_cosine_palette,shader,capx8-5000-100000-app40x,5000,200000,40,-,class_cap,4,7099,4611,1308,tree_cheaper,59288,40,25,1232,292,133,3,99,102,0,1,0,0,0,19.341,1.104,18.574,2.33,3f714e09
shader_smooth_min_scene,shader,capx8-5000-100000-app40x,5000,200000,43,-,class_cap,8,30052,2609,234,tree_cheaper,5456,43,39,448,132,34,0,0,0,0,2,0,0,0,54.683,0.314,54.306,1.26,3f714e09
shader_mandelbrot_distance,shader,capx8-5000-100000-app40x,5000,200000,152,-,class_cap,4,15340,3675,415,shared,16048,152,96,1408,518,141,19,12,43,0,4,0,0,0,30.575,3.572,30.181,1.80,3f714e09
shader_star_sdf,shader,capx8-5000-100000-app40x,5000,200000,66,-,class_cap,4,7717,3878,638,tree_cheaper,48548,66,58,640,172,56,1,0,2,0,2,0,0,0,16.137,0.491,15.805,1.89,3f714e09
shader_gyroid_slice,shader,capx8-5000-100000-app40x,5000,200000,40,-,quiesced,9,4675,775,102,tree_cheaper,1520,40,33,2768,932,163,4,124,128,0,8,0,0,0,12.573,2.022,12.328,0.35,3f714e09
shader_plasma,shader,capx8-5000-100000-app40x,5000,200000,37,-,class_cap,4,5981,3439,591,tree_cheaper,42332,37,29,1376,359,122,3,87,90,0,4,0,0,0,12.085,1.052,11.797,1.49,3f714e09
shader_domain_warp_fbm,shader,capx8-5000-100000-app40x,5000,200000,84,-,class_cap,3,6948,4591,1244,tree_cheaper,112556,84,63,1712,457,186,4,116,120,0,5,0,0,0,19.248,1.650,18.843,2.31,3f714e09
shader_kaleidoscope_fold,shader,capx8-5000-100000-app40x,5000,200000,46,-,quiesced,5,319,131,57,tree_cheaper,412,46,40,2032,560,238,10,156,174,0,8,0,0.000006109476089477539,0,1.396,3.257,1.145,0.09,3f714e09
shader_metaballs,shader,capx8-5000-100000-app40x,5000,200000,62,-,class_cap,4,10074,2584,286,shared,7632,62,50,480,155,43,1,0,0,0,3,0,0,0,52.590,0.691,52.187,1.30,3f714e09
shader_julia_set,shader,capx8-5000-100000-app40x,5000,200000,122,-,class_cap,5,14158,4535,819,tree_cheaper,32664,122,123,2064,717,210,14,58,67,0,5,0,0,0,30.699,3.808,30.177,2.28,3f714e09
shader_smoothstep_vignette,shader,capx8-5000-100000-app40x,5000,200000,64,-,quiesced,5,1074,283,82,tree_cheaper,1064,64,49,544,194,41,0,0,0,0,7,0,0.0000012069940567016602,0,3.231,0.420,2.975,0.15,3f714e09
shader_torus_slice,shader,capx8-5000-100000-app40x,5000,200000,38,-,class_cap,8,15310,2750,205,shared,5560,38,31,368,130,25,0,0,0,0,3,0,0,0,28.312,0.391,28.010,1.29,3f714e09
