name,group,rule_order,node_count,max_classes,down_cost,up_cost,cost_change_frac,down_classes,up_classes,class_change_frac,down_live,up_live,down_apps,up_apps,down_iters,up_iters,down_unions,up_unions,down_stop,up_stop,down_cap,up_cap,up_enqueues,up_edges,down_ms,up_ms
cellgrid:120x40_d2,cellgrid,production,623,5000,432,432,0.000000,4583,4587,0.000873,1261,1264,6949,6972,3,3,3305,3316,ClassCap,ClassCap,true,true,26841,7303,19.181,38.003
cellgrid:80x24_d1,cellgrid,production,623,5000,427,427,0.000000,4583,4587,0.000873,1260,1262,6946,6974,3,3,3306,3318,ClassCap,ClassCap,true,true,26879,7307,18.631,37.909
cellgrid:80x24_d2,cellgrid,production,623,5000,432,432,0.000000,4583,4587,0.000873,1261,1264,6949,6972,3,3,3305,3316,ClassCap,ClassCap,true,true,26841,7303,18.602,38.131
glyph16:U+0020,glyph16,production,1,500,0,0,0.000000,1,1,0.000000,1,1,0,0,1,1,0,0,Quiesced,Quiesced,false,false,0,0,0.008,0.005
glyph16:U+0021,glyph16,production,1927,5000,3125,3114,-0.003520,4703,4789,0.018286,1352,1429,6357,6062,2,2,3316,3330,ClassCap,ClassCap,true,true,17797,6632,22.890,28.866
glyph16:U+0022,glyph16,production,199,5000,310,307,-0.009677,2888,2884,-0.001385,421,416,12044,10810,4,4,2453,2417,ClassCap,ClassCap,true,true,29672,3690,86.693,78.823
glyph16:U+0023,glyph16,production,615,5000,1014,1075,0.060158,4309,4259,-0.011604,826,805,9842,9551,3,3,3473,3378,ClassCap,ClassCap,true,true,39757,5356,79.245,76.655
glyph16:U+0024,glyph16,production,7185,5000,13131,13131,0.000000,5000,5000,0.000000,3246,3246,1886,1886,1,1,1754,1754,ClassCap,ClassCap,true,true,7846,7434,16.311,18.022
glyph16:U+0025,glyph16,production,7327,5000,12640,12641,0.000079,5000,5000,0.000000,3186,3187,1990,1993,1,1,1813,1813,ClassCap,ClassCap,true,true,9632,7614,16.238,18.574
glyph16:U+0026,glyph16,production,9420,5000,17979,17979,0.000000,5000,5000,0.000000,4308,4308,693,693,1,1,692,692,ClassCap,ClassCap,true,true,1184,8764,16.242,16.495
glyph16:U+0027,glyph16,production,127,5000,171,165,-0.035088,3566,3492,-0.020752,582,499,16399,14883,5,5,2974,2940,ClassCap,ClassCap,true,true,40987,4718,155.756,162.701
glyph16:U+0028,glyph16,production,1855,5000,3039,3038,-0.000329,4719,4785,0.013986,1379,1443,6310,6033,2,2,3305,3316,ClassCap,ClassCap,true,true,16567,6681,22.754,28.280
glyph16:U+0029,glyph16,production,1855,5000,3039,3038,-0.000329,4718,4785,0.014201,1378,1444,6310,6028,2,2,3305,3315,ClassCap,ClassCap,true,true,16624,6667,22.577,28.105
glyph16:U+002A,glyph16,production,559,5000,1143,1204,0.053368,4480,4476,-0.000893,1002,997,9666,9366,3,3,3474,3413,ClassCap,ClassCap,true,true,34782,6088,60.124,63.211
glyph16:U+002B,glyph16,production,247,5000,319,336,0.053292,2055,2088,0.016058,244,254,11436,15261,4,5,1803,1807,ClassCap,ClassCap,true,true,9360,2460,32.480,40.755
glyph16:U+002C,glyph16,production,1694,5000,2779,2779,0.000000,4678,4699,0.004489,1366,1398,6361,6274,2,2,3281,3275,ClassCap,ClassCap,true,true,15687,6616,22.157,27.538
glyph16:U+002D,glyph16,production,119,5000,133,146,0.097744,1035,962,-0.070531,117,117,15080,12661,7,7,910,827,Quiesced,Quiesced,false,false,4444,978,35.578,28.946
glyph16:U+002E,glyph16,production,1855,5000,2881,2871,-0.003471,4681,4698,0.003632,1354,1388,6411,6335,2,2,3292,3284,ClassCap,ClassCap,true,true,16902,6637,22.146,27.766
glyph16:U+002F,glyph16,production,127,5000,166,160,-0.036145,3444,3424,-0.005807,447,462,18357,16609,5,5,2972,2881,ClassCap,ClassCap,true,true,52784,3814,209.695,176.643
glyph16:U+0030,glyph16,production,5402,5000,9970,9989,0.001906,5000,5000,0.000000,2903,2929,2586,2686,1,1,2050,2071,ClassCap,ClassCap,true,true,9944,7844,15.767,18.197
glyph16:U+0031,glyph16,production,1452,5000,2520,2520,0.000000,4418,4472,0.012223,1323,1353,6800,6687,2,2,3070,3079,ClassCap,ClassCap,true,true,16769,6465,22.106,27.643
glyph16:U+0032,glyph16,production,3891,5000,6980,6960,-0.002865,4945,4946,0.000202,2533,2561,3078,3135,1,1,2357,2385,ClassCap,ClassCap,true,true,9352,8367,14.666,17.226
glyph16:U+0033,glyph16,production,6993,5000,12797,12797,0.000000,5000,5000,0.000000,3209,3209,1948,1948,1,1,1791,1791,ClassCap,ClassCap,true,true,8677,7424,16.041,17.885
glyph16:U+0034,glyph16,production,1637,5000,2751,2751,0.000000,4557,4584,0.005925,1337,1369,6666,6531,2,2,3191,3175,ClassCap,ClassCap,true,true,17645,6384,23.064,28.629
glyph16:U+0035,glyph16,production,4546,5000,8145,8145,0.000000,4981,4978,-0.000602,2683,2720,2926,2955,1,1,2243,2258,ClassCap,ClassCap,true,true,9284,8118,15.010,17.563
glyph16:U+0036,glyph16,production,8067,5000,15249,15249,0.000000,5000,5000,0.000000,3663,3663,1387,1387,1,1,1337,1337,ClassCap,ClassCap,true,true,2523,8168,16.158,16.623
glyph16:U+0037,glyph16,production,191,5000,288,319,0.107639,2792,2702,-0.032235,378,385,12362,11117,4,4,2394,2252,ClassCap,ClassCap,true,true,36458,3108,85.578,80.681
glyph16:U+0038,glyph16,production,9774,5000,18500,18500,0.000000,5000,5000,0.000000,4420,4420,581,581,1,1,580,580,ClassCap,ClassCap,true,true,1065,8814,16.350,16.703
glyph16:U+0039,glyph16,production,8267,5000,15698,15698,0.000000,5000,5000,0.000000,3774,3774,1260,1260,1,1,1226,1226,ClassCap,ClassCap,true,true,2371,8334,15.891,16.480
glyph16:U+003A,glyph16,production,3655,5000,6228,6228,0.000000,4854,4877,0.004738,2312,2329,3374,3423,1,1,2481,2548,ClassCap,ClassCap,true,true,9593,8788,14.033,16.688
glyph16:U+003B,glyph16,production,3494,5000,6080,6080,0.000000,4855,4880,0.005149,2307,2332,3371,3410,1,1,2490,2548,ClassCap,ClassCap,true,true,9293,8778,13.804,16.430
glyph16:U+003C,glyph16,production,295,5000,514,557,0.083658,2697,2525,-0.063775,420,397,7887,7300,3,3,2261,2090,ClassCap,ClassCap,true,true,11850,3199,30.841,28.975
glyph16:U+003D,glyph16,production,183,5000,231,252,0.090909,1514,1407,-0.070674,172,172,21429,18518,7,7,1334,1213,Quiesced,Quiesced,false,false,6636,1500,48.676,41.087
glyph16:U+003E,glyph16,production,295,5000,519,551,0.061657,2711,2538,-0.063814,421,398,7897,7302,3,3,2274,2101,ClassCap,ClassCap,true,true,12153,3215,32.200,29.067
glyph16:U+003F,glyph16,production,6716,5000,12176,12176,0.000000,5000,5000,0.000000,3176,3176,2009,2009,1,1,1824,1824,ClassCap,ClassCap,true,true,8770,7556,16.147,18.156
glyph16:U+0040,glyph16,production,12056,5000,23527,23527,0.000000,5226,5226,0.000000,5226,5226,0,0,0,0,0,0,ClassCap,ClassCap,true,true,0,9757,1.734,1.707
glyph16:U+0041,glyph16,production,1605,5000,2672,2672,0.000000,4509,4540,0.006875,1340,1380,6637,6489,2,2,3140,3124,ClassCap,ClassCap,true,true,17139,6539,22.630,28.219
glyph16:U+0042,glyph16,production,4470,5000,7970,7962,-0.001004,4975,4972,-0.000603,2650,2690,2973,3007,1,1,2267,2282,ClassCap,ClassCap,true,true,9461,8153,15.022,17.591
glyph16:U+0043,glyph16,production,5129,5000,9459,9292,-0.017655,4996,4995,-0.000200,2830,2848,2718,2852,1,1,2110,2147,ClassCap,ClassCap,true,true,9274,7891,15.536,18.009
glyph16:U+0044,glyph16,production,2606,5000,4506,4506,0.000000,4367,4364,-0.000687,1933,1953,3265,3205,1,1,2389,2411,ClassCap,ClassCap,true,true,8397,7660,11.828,14.418
glyph16:U+0045,glyph16,production,247,5000,335,374,0.116418,2780,2633,-0.052878,370,371,12806,11725,4,4,2396,2216,ClassCap,ClassCap,true,true,25803,3013,57.317,58.927
glyph16:U+0046,glyph16,production,215,5000,285,324,0.136842,2535,3614,0.425641,331,497,11996,18176,4,5,2190,3062,ClassCap,ClassCap,true,true,60414,4015,53.751,149.083
glyph16:U+0047,glyph16,production,4563,5000,8262,8262,0.000000,4983,4979,-0.000803,2695,2730,2915,2948,1,1,2234,2249,ClassCap,ClassCap,true,true,9271,8087,15.096,17.661
glyph16:U+0048,glyph16,production,247,5000,314,331,0.054140,2793,2652,-0.050483,369,371,12700,11604,4,4,2410,2235,ClassCap,ClassCap,true,true,26848,3065,63.695,62.893
glyph16:U+0049,glyph16,production,391,5000,626,659,0.052716,3418,3211,-0.060562,565,561,8929,8359,3,3,2843,2593,ClassCap,ClassCap,true,true,23792,4205,47.964,47.376
glyph16:U+004A,glyph16,production,2425,5000,4339,4012,-0.075363,4282,4889,0.141756,1868,1761,3220,5254,1,2,2373,3093,ClassCap,ClassCap,true,true,13883,7679,11.521,29.444
glyph16:U+004B,glyph16,production,617,5000,1047,1092,0.042980,4578,4596,0.003932,925,910,10063,9689,3,3,3637,3625,ClassCap,ClassCap,true,true,29568,5774,54.709,58.652
glyph16:U+004C,glyph16,production,151,5000,185,216,0.167568,3361,3304,-0.016959,422,420,17318,15741,5,5,2922,2814,ClassCap,ClassCap,true,true,56486,3658,139.486,143.369
glyph16:U+004D,glyph16,production,2345,5000,4133,4133,0.000000,4914,4892,-0.004477,1703,1706,5331,5509,2,2,3184,3135,ClassCap,ClassCap,true,true,22775,7277,26.645,33.366
glyph16:U+004E,glyph16,production,1399,5000,2457,2461,0.001628,4653,4694,0.008812,1325,1363,6421,6318,2,2,3299,3291,ClassCap,ClassCap,true,true,18053,6425,23.202,29.453
glyph16:U+004F,glyph16,production,5945,5000,10769,10773,0.000371,5000,5000,0.000000,3006,3012,2421,2445,1,1,1982,1988,ClassCap,ClassCap,true,true,9601,7819,15.849,18.168
glyph16:U+0050,glyph16,production,2409,5000,3990,3987,-0.000752,4880,4859,-0.004303,1714,1723,5418,5521,2,2,3117,3096,ClassCap,ClassCap,true,true,17982,7552,26.140,31.229
glyph16:U+0051,glyph16,production,6053,5000,10749,10751,0.000186,5000,5000,0.000000,3029,3031,2388,2398,1,1,1966,1969,ClassCap,ClassCap,true,true,9504,7768,15.882,18.175
glyph16:U+0052,glyph16,production,2710,5000,4725,4725,0.000000,4509,4484,-0.005544,2000,2027,3337,3276,1,1,2464,2457,ClassCap,ClassCap,true,true,8695,7941,12.188,14.789
glyph16:U+0053,glyph16,production,7616,5000,14066,14066,0.000000,5000,5000,0.000000,3414,3414,1682,1682,1,1,1586,1586,ClassCap,ClassCap,true,true,6205,7661,16.340,17.780
glyph16:U+0054,glyph16,production,183,5000,227,255,0.123348,3521,3514,-0.001988,468,459,18538,16956,5,5,3037,2999,ClassCap,ClassCap,true,true,59356,3953,154.938,149.516
glyph16:U+0055,glyph16,production,2899,5000,5170,5170,0.000000,4686,4656,-0.006402,2079,2108,3440,3377,1,1,2558,2548,ClassCap,ClassCap,true,true,8790,8287,12.789,15.409
glyph16:U+0056,glyph16,production,1573,5000,2647,2647,0.000000,4614,4644,0.006502,1319,1352,6581,6462,2,2,3262,3260,ClassCap,ClassCap,true,true,16822,6508,22.809,28.529
glyph16:U+0057,glyph16,production,7232,5000,13499,13499,0.000000,5000,5000,0.000000,3271,3271,1842,1842,1,1,1729,1729,ClassCap,ClassCap,true,true,6769,7497,16.209,17.421
glyph16:U+0058,glyph16,production,343,5000,652,689,0.056748,3607,3444,-0.045190,628,624,9017,8459,3,3,2969,2754,ClassCap,ClassCap,true,true,29399,4626,59.738,59.407
glyph16:U+0059,glyph16,production,263,5000,437,428,-0.020595,2684,3539,0.318554,412,505,7570,13362,3,4,2246,2949,ClassCap,ClassCap,true,true,53492,4106,37.615,122.042
glyph16:U+005A,glyph16,production,255,5000,393,421,0.071247,3358,3168,-0.056581,459,461,14056,12781,4,4,2879,2652,ClassCap,ClassCap,true,true,41717,3716,102.966,94.885
glyph16:U+005B,glyph16,production,183,5000,234,255,0.089744,1519,1412,-0.070441,175,175,21494,18583,7,7,1336,1215,Quiesced,Quiesced,false,false,6595,1506,49.307,41.446
glyph16:U+005C,glyph16,production,127,5000,166,160,-0.036145,3444,3424,-0.005807,447,462,18357,16609,5,5,2972,2881,ClassCap,ClassCap,true,true,52784,3814,208.234,176.833
glyph16:U+005D,glyph16,production,183,5000,244,265,0.086066,1517,1410,-0.070534,177,177,21364,18453,7,7,1332,1211,Quiesced,Quiesced,false,false,6609,1510,49.338,41.006
glyph16:U+005E,glyph16,production,199,5000,319,340,0.065831,2891,2943,0.017987,420,448,12176,11199,4,4,2457,2467,ClassCap,ClassCap,true,true,33005,3919,87.765,86.596
glyph16:U+005F,glyph16,production,119,5000,129,129,0.000000,2994,2949,-0.015030,321,341,23449,20903,6,6,2664,2554,ClassCap,ClassCap,true,true,53624,3313,307.776,268.329
glyph16:U+0060,glyph16,production,1722,5000,2827,2824,-0.001061,4689,4743,0.011516,1342,1378,6355,6161,2,2,3316,3337,ClassCap,ClassCap,true,true,14003,6493,22.223,27.318
glyph16:U+0061,glyph16,production,5743,5000,10612,10616,0.000377,5000,5000,0.000000,3007,3014,2411,2435,1,1,1981,1986,ClassCap,ClassCap,true,true,9386,7740,15.867,18.194
glyph16:U+0062,glyph16,production,5129,5000,9434,9258,-0.018656,4995,4994,-0.000200,2824,2842,2720,2865,1,1,2111,2152,ClassCap,ClassCap,true,true,9451,7904,15.597,17.951
glyph16:U+0063,glyph16,production,4671,5000,8419,8419,0.000000,4984,4980,-0.000803,2700,2738,2923,2953,1,1,2228,2242,ClassCap,ClassCap,true,true,9202,8102,15.172,17.587
glyph16:U+0064,glyph16,production,5864,5000,10763,10764,0.000093,5000,5000,0.000000,3022,3027,2388,2401,1,1,1971,1973,ClassCap,ClassCap,true,true,9353,7739,15.808,18.227
glyph16:U+0065,glyph16,production,4872,5000,8766,8766,0.000000,4989,4985,-0.000802,2751,2785,2865,2897,1,1,2185,2200,ClassCap,ClassCap,true,true,9254,8025,15.312,17.707
glyph16:U+0066,glyph16,production,2364,5000,3955,3954,-0.000253,4880,4858,-0.004508,1682,1685,5469,5622,2,2,3153,3127,ClassCap,ClassCap,true,true,18723,7457,26.192,31.726
glyph16:U+0067,glyph16,production,7009,5000,12799,12799,0.000000,5000,5000,0.000000,3208,3208,1951,1951,1,1,1792,1792,ClassCap,ClassCap,true,true,8745,7446,16.128,18.271
glyph16:U+0068,glyph16,production,2931,5000,5045,5045,0.000000,4717,4684,-0.006996,2082,2110,3472,3407,1,1,2586,2574,ClassCap,ClassCap,true,true,9117,8354,12.816,15.535
glyph16:U+0069,glyph16,production,2123,5000,3510,3509,-0.000285,4727,4762,0.007404,1455,1454,6347,6210,2,2,3231,3264,ClassCap,ClassCap,true,true,18612,6692,25.135,30.984
glyph16:U+006A,glyph16,production,4293,5000,7523,7523,0.000000,4971,4967,-0.000805,2597,2635,3014,3046,1,1,2317,2332,ClassCap,ClassCap,true,true,9317,8277,14.814,17.270
glyph16:U+006B,glyph16,production,1460,5000,2517,2517,0.000000,4460,4499,0.008744,1306,1345,6789,6639,2,2,3125,3115,ClassCap,ClassCap,true,true,15983,6426,22.319,27.521
glyph16:U+006C,glyph16,production,323,5000,522,565,0.082375,3007,2780,-0.075491,467,438,8304,7626,3,3,2517,2291,ClassCap,ClassCap,true,true,20018,3512,43.304,41.040
glyph16:U+006D,glyph16,production,5289,5000,9624,9684,0.006234,4998,4999,0.000200,2856,2884,2654,2772,1,1,2088,2115,ClassCap,ClassCap,true,true,9722,7821,15.622,18.139
glyph16:U+006E,glyph16,production,2264,5000,3759,3755,-0.001064,4826,4813,-0.002694,1631,1639,5722,5824,2,2,3150,3133,ClassCap,ClassCap,true,true,17849,7405,25.598,30.995
glyph16:U+006F,glyph16,production,5716,5000,10262,10275,0.001267,5000,5000,0.000000,2947,2964,2515,2592,1,1,2018,2036,ClassCap,ClassCap,true,true,9815,7834,15.783,18.185
glyph16:U+0070,glyph16,production,5406,5000,9922,9938,0.001613,4999,4999,0.000000,2901,2922,2589,2688,1,1,2053,2077,ClassCap,ClassCap,true,true,9469,7809,15.627,17.969
glyph16:U+0071,glyph16,production,5046,5000,9172,8962,-0.022896,4992,4991,-0.000200,2802,2822,2777,2880,1,1,2134,2169,ClassCap,ClassCap,true,true,9478,7937,15.512,18.160
glyph16:U+0072,glyph16,production,2456,5000,4180,4189,0.002153,4912,4886,-0.005293,1804,1805,5113,5312,2,2,3066,3031,ClassCap,ClassCap,true,true,18976,7731,26.542,32.263
glyph16:U+0073,glyph16,production,6929,5000,12680,12680,0.000000,5000,5000,0.000000,3201,3201,1968,1968,1,1,1799,1799,ClassCap,ClassCap,true,true,8789,7473,16.030,17.950
glyph16:U+0074,glyph16,production,2421,5000,4109,4097,-0.002920,4905,4887,-0.003670,1796,1804,5091,5259,2,2,3070,3038,ClassCap,ClassCap,true,true,14535,7766,25.052,29.679
glyph16:U+0075,glyph16,production,2493,5000,4153,4142,-0.002649,4898,4886,-0.002450,1809,1798,5123,5237,2,2,3047,3050,ClassCap,ClassCap,true,true,14014,7751,24.942,29.580
glyph16:U+0076,glyph16,production,1115,5000,1760,1764,0.002273,4236,4334,0.023135,1182,1223,6760,6530,2,2,3028,3074,ClassCap,ClassCap,true,true,14000,6539,19.150,24.636
glyph16:U+0077,glyph16,production,3663,5000,6602,6585,-0.002575,4937,4944,0.001418,2492,2521,3133,3176,1,1,2394,2422,ClassCap,ClassCap,true,true,9575,8437,14.506,17.154
glyph16:U+0078,glyph16,production,343,5000,639,676,0.057903,3590,3453,-0.038162,620,621,8967,8422,3,3,2960,2767,ClassCap,ClassCap,true,true,29220,4662,60.580,59.548
glyph16:U+0079,glyph16,production,3530,5000,6403,6403,0.000000,4915,4929,0.002848,2436,2466,3229,3258,1,1,2429,2463,ClassCap,ClassCap,true,true,9073,8548,14.258,16.981
glyph16:U+007A,glyph16,production,255,5000,393,421,0.071247,3358,3168,-0.056581,459,461,14056,12781,4,4,2879,2652,ClassCap,ClassCap,true,true,41717,3716,103.722,94.782
glyph16:U+007B,glyph16,production,4598,5000,8205,8205,0.000000,4984,4979,-0.001003,2694,2729,2918,2951,1,1,2235,2250,ClassCap,ClassCap,true,true,9387,8088,15.169,17.522
glyph16:U+007C,glyph16,production,119,5000,133,156,0.172932,1044,970,-0.070881,112,112,15325,12851,7,7,924,839,Quiesced,Quiesced,false,false,4547,985,39.604,30.680
glyph16:U+007D,glyph16,production,4598,5000,8215,8215,0.000000,4983,4979,-0.000803,2688,2724,2918,2951,1,1,2240,2255,ClassCap,ClassCap,true,true,9497,8113,15.194,17.472
glyph16:U+007E,glyph16,production,5093,5000,9370,9160,-0.022412,4996,4995,-0.000200,2812,2828,2750,2885,1,1,2127,2167,ClassCap,ClassCap,true,true,9483,7929,15.485,17.959
glyph32:U+0020,glyph32,production,1,500,0,0,0.000000,1,1,0.000000,1,1,0,0,1,1,0,0,Quiesced,Quiesced,false,false,0,0,0.008,0.005
glyph32:U+0021,glyph32,production,1927,5000,3125,3114,-0.003520,4703,4789,0.018286,1352,1429,6357,6062,2,2,3316,3330,ClassCap,ClassCap,true,true,17797,6632,22.931,29.030
glyph32:U+0022,glyph32,production,199,5000,310,307,-0.009677,2888,2884,-0.001385,421,416,12044,10810,4,4,2453,2417,ClassCap,ClassCap,true,true,29672,3690,86.797,77.417
glyph32:U+0023,glyph32,production,615,5000,1014,1075,0.060158,4309,4259,-0.011604,826,805,9842,9551,3,3,3473,3378,ClassCap,ClassCap,true,true,39757,5356,79.890,76.002
glyph32:U+0024,glyph32,production,7185,5000,13131,13131,0.000000,5000,5000,0.000000,3246,3246,1886,1886,1,1,1754,1754,ClassCap,ClassCap,true,true,7846,7434,16.314,18.050
glyph32:U+0025,glyph32,production,7327,5000,12640,12641,0.000079,5000,5000,0.000000,3186,3187,1990,1993,1,1,1813,1813,ClassCap,ClassCap,true,true,9632,7614,16.232,18.512
glyph32:U+0026,glyph32,production,9420,5000,17979,17979,0.000000,5000,5000,0.000000,4308,4308,693,693,1,1,692,692,ClassCap,ClassCap,true,true,1184,8764,16.177,16.505
glyph32:U+0027,glyph32,production,127,5000,171,165,-0.035088,3566,3492,-0.020752,582,499,16399,14883,5,5,2974,2940,ClassCap,ClassCap,true,true,40987,4718,155.854,160.103
glyph32:U+0028,glyph32,production,1855,5000,3039,3038,-0.000329,4719,4785,0.013986,1379,1443,6310,6033,2,2,3305,3316,ClassCap,ClassCap,true,true,16567,6681,22.717,28.334
glyph32:U+0029,glyph32,production,1855,5000,3039,3038,-0.000329,4718,4785,0.014201,1378,1444,6310,6028,2,2,3305,3315,ClassCap,ClassCap,true,true,16624,6667,22.638,28.278
glyph32:U+002A,glyph32,production,559,5000,1143,1204,0.053368,4480,4476,-0.000893,1002,997,9666,9366,3,3,3474,3413,ClassCap,ClassCap,true,true,34782,6088,59.920,63.280
glyph32:U+002B,glyph32,production,247,5000,319,336,0.053292,2055,2088,0.016058,244,254,11436,15261,4,5,1803,1807,ClassCap,ClassCap,true,true,9360,2460,32.482,40.826
glyph32:U+002C,glyph32,production,1694,5000,2779,2779,0.000000,4678,4699,0.004489,1366,1398,6361,6274,2,2,3281,3275,ClassCap,ClassCap,true,true,15687,6616,22.215,27.517
glyph32:U+002D,glyph32,production,119,5000,133,146,0.097744,1034,961,-0.070600,116,116,15080,12661,7,7,910,827,Quiesced,Quiesced,false,false,4444,978,35.539,28.875
glyph32:U+002E,glyph32,production,1855,5000,2881,2871,-0.003471,4681,4698,0.003632,1354,1388,6411,6335,2,2,3292,3284,ClassCap,ClassCap,true,true,16902,6637,22.265,28.049
glyph32:U+002F,glyph32,production,127,5000,166,160,-0.036145,3444,3424,-0.005807,447,462,18357,16609,5,5,2972,2881,ClassCap,ClassCap,true,true,52784,3814,209.489,176.045
glyph32:U+0030,glyph32,production,5402,5000,9970,9989,0.001906,5000,5000,0.000000,2903,2929,2586,2686,1,1,2050,2071,ClassCap,ClassCap,true,true,9944,7844,15.640,18.061
glyph32:U+0031,glyph32,production,1452,5000,2520,2520,0.000000,4418,4472,0.012223,1323,1353,6800,6687,2,2,3070,3079,ClassCap,ClassCap,true,true,16769,6465,22.009,27.692
glyph32:U+0032,glyph32,production,3891,5000,6980,6960,-0.002865,4945,4946,0.000202,2533,2561,3078,3135,1,1,2357,2385,ClassCap,ClassCap,true,true,9352,8367,14.639,17.161
glyph32:U+0033,glyph32,production,6993,5000,12797,12797,0.000000,5000,5000,0.000000,3209,3209,1948,1948,1,1,1791,1791,ClassCap,ClassCap,true,true,8677,7424,16.087,18.035
glyph32:U+0034,glyph32,production,1637,5000,2751,2751,0.000000,4557,4584,0.005925,1337,1369,6666,6531,2,2,3191,3175,ClassCap,ClassCap,true,true,17645,6384,23.108,28.686
glyph32:U+0035,glyph32,production,4546,5000,8145,8145,0.000000,4981,4978,-0.000602,2683,2720,2926,2955,1,1,2243,2258,ClassCap,ClassCap,true,true,9284,8118,15.019,17.512
glyph32:U+0036,glyph32,production,8067,5000,15249,15249,0.000000,5000,5000,0.000000,3663,3663,1387,1387,1,1,1337,1337,ClassCap,ClassCap,true,true,2523,8168,16.048,16.548
glyph32:U+0037,glyph32,production,191,5000,288,319,0.107639,2791,2701,-0.032247,377,384,12363,11118,4,4,2394,2252,ClassCap,ClassCap,true,true,36458,3108,85.370,80.945
glyph32:U+0038,glyph32,production,9774,5000,18500,18500,0.000000,5000,5000,0.000000,4420,4420,581,581,1,1,580,580,ClassCap,ClassCap,true,true,1065,8814,16.321,16.722
glyph32:U+0039,glyph32,production,8267,5000,15698,15698,0.000000,5000,5000,0.000000,3774,3774,1260,1260,1,1,1226,1226,ClassCap,ClassCap,true,true,2371,8334,15.812,16.474
glyph32:U+003A,glyph32,production,3655,5000,6228,6228,0.000000,4854,4877,0.004738,2312,2329,3374,3423,1,1,2481,2548,ClassCap,ClassCap,true,true,9593,8788,13.971,16.698
glyph32:U+003B,glyph32,production,3494,5000,6080,6080,0.000000,4855,4880,0.005149,2307,2332,3371,3410,1,1,2490,2548,ClassCap,ClassCap,true,true,9293,8778,13.776,16.471
glyph32:U+003C,glyph32,production,295,5000,514,557,0.083658,2697,2525,-0.063775,420,397,7887,7300,3,3,2261,2090,ClassCap,ClassCap,true,true,11850,3199,30.832,29.175
glyph32:U+003D,glyph32,production,183,5000,231,252,0.090909,1514,1407,-0.070674,172,172,21429,18518,7,7,1334,1213,Quiesced,Quiesced,false,false,6636,1500,48.570,40.994
glyph32:U+003E,glyph32,production,295,5000,519,551,0.061657,2711,2538,-0.063814,421,398,7897,7302,3,3,2274,2101,ClassCap,ClassCap,true,true,12153,3215,32.494,30.068
glyph32:U+003F,glyph32,production,6716,5000,12176,12176,0.000000,5000,5000,0.000000,3176,3176,2009,2009,1,1,1824,1824,ClassCap,ClassCap,true,true,8770,7556,16.044,18.166
glyph32:U+0040,glyph32,production,12056,5000,23527,23527,0.000000,5226,5226,0.000000,5226,5226,0,0,0,0,0,0,ClassCap,ClassCap,true,true,0,9757,1.736,1.713
glyph32:U+0041,glyph32,production,1605,5000,2672,2672,0.000000,4509,4540,0.006875,1340,1380,6637,6489,2,2,3140,3124,ClassCap,ClassCap,true,true,17139,6539,22.513,28.195
glyph32:U+0042,glyph32,production,4470,5000,7970,7962,-0.001004,4975,4972,-0.000603,2650,2690,2973,3007,1,1,2267,2282,ClassCap,ClassCap,true,true,9461,8153,15.017,17.537
glyph32:U+0043,glyph32,production,5129,5000,9459,9292,-0.017655,4996,4995,-0.000200,2830,2848,2718,2852,1,1,2110,2147,ClassCap,ClassCap,true,true,9274,7891,15.522,17.904
glyph32:U+0044,glyph32,production,2606,5000,4506,4506,0.000000,4367,4364,-0.000687,1933,1953,3265,3205,1,1,2389,2411,ClassCap,ClassCap,true,true,8397,7660,11.818,14.548
glyph32:U+0045,glyph32,production,247,5000,335,374,0.116418,2779,2632,-0.052897,369,370,12807,11726,4,4,2396,2216,ClassCap,ClassCap,true,true,25803,3013,57.593,58.870
glyph32:U+0046,glyph32,production,215,5000,285,324,0.136842,2534,3613,0.425809,330,496,11996,18177,4,5,2190,3062,ClassCap,ClassCap,true,true,60414,4015,53.624,148.575
glyph32:U+0047,glyph32,production,4563,5000,8262,8262,0.000000,4983,4979,-0.000803,2695,2730,2915,2948,1,1,2234,2249,ClassCap,ClassCap,true,true,9271,8087,15.191,17.797
glyph32:U+0048,glyph32,production,247,5000,314,331,0.054140,2792,2651,-0.050501,368,370,12701,11604,4,4,2410,2235,ClassCap,ClassCap,true,true,26848,3065,63.405,62.874
glyph32:U+0049,glyph32,production,391,5000,626,659,0.052716,3418,3211,-0.060562,565,561,8929,8359,3,3,2843,2593,ClassCap,ClassCap,true,true,23792,4205,47.612,47.438
glyph32:U+004A,glyph32,production,2425,5000,4339,4012,-0.075363,4282,4889,0.141756,1868,1761,3220,5254,1,2,2373,3093,ClassCap,ClassCap,true,true,13883,7679,11.542,29.526
glyph32:U+004B,glyph32,production,617,5000,1047,1092,0.042980,4578,4596,0.003932,925,910,10063,9689,3,3,3637,3625,ClassCap,ClassCap,true,true,29568,5774,54.426,58.296
glyph32:U+004C,glyph32,production,151,5000,185,216,0.167568,3360,3303,-0.016964,421,418,17319,15743,5,5,2922,2815,ClassCap,ClassCap,true,true,56719,3656,139.503,144.242
glyph32:U+004D,glyph32,production,2345,5000,4133,4133,0.000000,4914,4892,-0.004477,1703,1706,5331,5509,2,2,3184,3135,ClassCap,ClassCap,true,true,22775,7277,26.639,33.599
glyph32:U+004E,glyph32,production,1399,5000,2457,2461,0.001628,4653,4694,0.008812,1325,1363,6421,6318,2,2,3299,3291,ClassCap,ClassCap,true,true,18053,6425,23.166,29.378
glyph32:U+004F,glyph32,production,5945,5000,10769,10773,0.000371,5000,5000,0.000000,3006,3012,2421,2445,1,1,1982,1988,ClassCap,ClassCap,true,true,9601,7819,15.779,18.080
glyph32:U+0050,glyph32,production,2409,5000,3990,3987,-0.000752,4880,4859,-0.004303,1714,1723,5418,5521,2,2,3117,3096,ClassCap,ClassCap,true,true,17982,7552,26.046,31.337
glyph32:U+0051,glyph32,production,6053,5000,10749,10751,0.000186,5000,5000,0.000000,3029,3031,2388,2398,1,1,1966,1969,ClassCap,ClassCap,true,true,9504,7768,15.832,18.198
glyph32:U+0052,glyph32,production,2710,5000,4725,4725,0.000000,4509,4484,-0.005544,2000,2027,3337,3276,1,1,2464,2457,ClassCap,ClassCap,true,true,8695,7941,12.164,14.851
glyph32:U+0053,glyph32,production,7616,5000,14066,14066,0.000000,5000,5000,0.000000,3414,3414,1682,1682,1,1,1586,1586,ClassCap,ClassCap,true,true,6205,7661,16.423,17.909
glyph32:U+0054,glyph32,production,183,5000,227,255,0.123348,3520,3513,-0.001989,467,458,18538,16957,5,5,3037,2999,ClassCap,ClassCap,true,true,59356,3953,155.307,149.374
glyph32:U+0055,glyph32,production,2899,5000,5170,5170,0.000000,4686,4656,-0.006402,2079,2108,3440,3377,1,1,2558,2548,ClassCap,ClassCap,true,true,8790,8287,12.723,15.318
glyph32:U+0056,glyph32,production,1573,5000,2647,2647,0.000000,4614,4644,0.006502,1319,1352,6581,6462,2,2,3262,3260,ClassCap,ClassCap,true,true,16822,6508,22.737,28.874
glyph32:U+0057,glyph32,production,7232,5000,13499,13499,0.000000,5000,5000,0.000000,3271,3271,1842,1842,1,1,1729,1729,ClassCap,ClassCap,true,true,6769,7497,15.999,17.447
glyph32:U+0058,glyph32,production,343,5000,652,689,0.056748,3607,3444,-0.045190,628,624,9017,8459,3,3,2969,2754,ClassCap,ClassCap,true,true,29399,4626,60.885,59.618
glyph32:U+0059,glyph32,production,263,5000,437,428,-0.020595,2684,3539,0.318554,412,504,7570,13363,3,4,2246,2950,ClassCap,ClassCap,true,true,53494,4108,37.421,122.198
glyph32:U+005A,glyph32,production,255,5000,393,421,0.071247,3357,3167,-0.056598,458,460,14056,12782,4,4,2879,2652,ClassCap,ClassCap,true,true,41717,3716,102.564,94.980
glyph32:U+005B,glyph32,production,183,5000,234,255,0.089744,1519,1412,-0.070441,175,175,21494,18583,7,7,1336,1215,Quiesced,Quiesced,false,false,6595,1506,49.387,41.575
glyph32:U+005C,glyph32,production,127,5000,166,160,-0.036145,3444,3424,-0.005807,447,462,18357,16609,5,5,2972,2881,ClassCap,ClassCap,true,true,52784,3814,208.055,177.365
glyph32:U+005D,glyph32,production,183,5000,244,265,0.086066,1517,1410,-0.070534,177,177,21364,18453,7,7,1332,1211,Quiesced,Quiesced,false,false,6609,1510,49.334,41.623
glyph32:U+005E,glyph32,production,199,5000,319,340,0.065831,2891,2943,0.017987,420,448,12176,11199,4,4,2457,2467,ClassCap,ClassCap,true,true,33005,3919,87.498,86.780
glyph32:U+005F,glyph32,production,119,5000,129,129,0.000000,2994,2949,-0.015030,321,341,23449,20903,6,6,2664,2554,ClassCap,ClassCap,true,true,53624,3313,308.767,268.404
glyph32:U+0060,glyph32,production,1722,5000,2827,2824,-0.001061,4689,4743,0.011516,1342,1378,6355,6161,2,2,3316,3337,ClassCap,ClassCap,true,true,14003,6493,22.269,27.304
glyph32:U+0061,glyph32,production,5743,5000,10612,10616,0.000377,5000,5000,0.000000,3007,3014,2411,2435,1,1,1981,1986,ClassCap,ClassCap,true,true,9386,7740,15.853,18.090
glyph32:U+0062,glyph32,production,5129,5000,9434,9258,-0.018656,4995,4994,-0.000200,2824,2842,2720,2865,1,1,2111,2152,ClassCap,ClassCap,true,true,9451,7904,15.490,18.210
glyph32:U+0063,glyph32,production,4671,5000,8419,8419,0.000000,4984,4980,-0.000803,2700,2738,2923,2953,1,1,2228,2242,ClassCap,ClassCap,true,true,9202,8102,15.182,17.574
glyph32:U+0064,glyph32,production,5864,5000,10763,10764,0.000093,5000,5000,0.000000,3022,3027,2388,2401,1,1,1971,1973,ClassCap,ClassCap,true,true,9353,7739,15.879,18.234
glyph32:U+0065,glyph32,production,4872,5000,8766,8766,0.000000,4989,4985,-0.000802,2751,2785,2865,2897,1,1,2185,2200,ClassCap,ClassCap,true,true,9254,8025,15.293,17.681
glyph32:U+0066,glyph32,production,2364,5000,3955,3954,-0.000253,4880,4858,-0.004508,1682,1685,5469,5622,2,2,3153,3127,ClassCap,ClassCap,true,true,18723,7457,26.224,31.581
glyph32:U+0067,glyph32,production,7009,5000,12799,12799,0.000000,5000,5000,0.000000,3208,3208,1951,1951,1,1,1792,1792,ClassCap,ClassCap,true,true,8745,7446,16.158,18.153
glyph32:U+0068,glyph32,production,2931,5000,5045,5045,0.000000,4717,4684,-0.006996,2082,2110,3472,3407,1,1,2586,2574,ClassCap,ClassCap,true,true,9117,8354,12.764,15.656
glyph32:U+0069,glyph32,production,2123,5000,3510,3509,-0.000285,4727,4762,0.007404,1455,1454,6347,6210,2,2,3231,3264,ClassCap,ClassCap,true,true,18612,6692,25.129,30.939
glyph32:U+006A,glyph32,production,4293,5000,7523,7523,0.000000,4971,4967,-0.000805,2597,2635,3014,3046,1,1,2317,2332,ClassCap,ClassCap,true,true,9317,8277,14.829,17.360
glyph32:U+006B,glyph32,production,1460,5000,2517,2517,0.000000,4460,4499,0.008744,1306,1345,6789,6639,2,2,3125,3115,ClassCap,ClassCap,true,true,15983,6426,21.875,27.849
glyph32:U+006C,glyph32,production,323,5000,522,565,0.082375,3007,2780,-0.075491,467,438,8304,7626,3,3,2517,2291,ClassCap,ClassCap,true,true,20018,3512,43.423,41.229
glyph32:U+006D,glyph32,production,5289,5000,9624,9684,0.006234,4998,4999,0.000200,2856,2884,2654,2772,1,1,2088,2115,ClassCap,ClassCap,true,true,9722,7821,15.714,18.076
glyph32:U+006E,glyph32,production,2264,5000,3759,3755,-0.001064,4826,4813,-0.002694,1631,1639,5722,5824,2,2,3150,3133,ClassCap,ClassCap,true,true,17849,7405,25.590,31.181
glyph32:U+006F,glyph32,production,5716,5000,10262,10275,0.001267,5000,5000,0.000000,2947,2964,2515,2592,1,1,2018,2036,ClassCap,ClassCap,true,true,9815,7834,15.799,18.394
glyph32:U+0070,glyph32,production,5406,5000,9922,9938,0.001613,4999,4999,0.000000,2901,2922,2589,2688,1,1,2053,2077,ClassCap,ClassCap,true,true,9469,7809,15.711,18.145
glyph32:U+0071,glyph32,production,5046,5000,9172,8962,-0.022896,4992,4991,-0.000200,2802,2822,2777,2880,1,1,2134,2169,ClassCap,ClassCap,true,true,9478,7937,15.315,18.115
glyph32:U+0072,glyph32,production,2456,5000,4180,4189,0.002153,4912,4886,-0.005293,1804,1805,5113,5312,2,2,3066,3031,ClassCap,ClassCap,true,true,18976,7731,26.488,33.118
glyph32:U+0073,glyph32,production,6929,5000,12680,12680,0.000000,5000,5000,0.000000,3201,3201,1968,1968,1,1,1799,1799,ClassCap,ClassCap,true,true,8789,7473,15.773,18.209
glyph32:U+0074,glyph32,production,2421,5000,4109,4097,-0.002920,4905,4887,-0.003670,1796,1804,5091,5259,2,2,3070,3038,ClassCap,ClassCap,true,true,14535,7766,25.785,30.062
glyph32:U+0075,glyph32,production,2493,5000,4153,4142,-0.002649,4898,4886,-0.002450,1809,1798,5123,5237,2,2,3047,3050,ClassCap,ClassCap,true,true,14014,7751,25.282,29.694
glyph32:U+0076,glyph32,production,1115,5000,1760,1764,0.002273,4236,4334,0.023135,1182,1223,6760,6530,2,2,3028,3074,ClassCap,ClassCap,true,true,14000,6539,19.138,24.699
glyph32:U+0077,glyph32,production,3663,5000,6602,6585,-0.002575,4937,4944,0.001418,2492,2521,3133,3176,1,1,2394,2422,ClassCap,ClassCap,true,true,9575,8437,14.637,16.776
glyph32:U+0078,glyph32,production,343,5000,639,676,0.057903,3590,3453,-0.038162,620,621,8967,8422,3,3,2960,2767,ClassCap,ClassCap,true,true,29220,4662,61.065,59.683
glyph32:U+0079,glyph32,production,3530,5000,6403,6403,0.000000,4915,4929,0.002848,2436,2466,3229,3258,1,1,2429,2463,ClassCap,ClassCap,true,true,9073,8548,14.287,17.059
glyph32:U+007A,glyph32,production,255,5000,393,421,0.071247,3358,3168,-0.056581,459,461,14056,12781,4,4,2879,2652,ClassCap,ClassCap,true,true,41717,3716,103.676,95.209
glyph32:U+007B,glyph32,production,4598,5000,8205,8205,0.000000,4984,4979,-0.001003,2694,2729,2918,2951,1,1,2235,2250,ClassCap,ClassCap,true,true,9387,8088,15.078,17.716
glyph32:U+007C,glyph32,production,119,5000,133,156,0.172932,1043,969,-0.070949,111,111,15325,12851,7,7,924,839,Quiesced,Quiesced,false,false,4547,985,39.605,30.570
glyph32:U+007D,glyph32,production,4598,5000,8215,8215,0.000000,4983,4979,-0.000803,2688,2724,2918,2951,1,1,2240,2255,ClassCap,ClassCap,true,true,9497,8113,15.296,17.620
glyph32:U+007E,glyph32,production,5093,5000,9370,9160,-0.022412,4996,4995,-0.000200,2812,2828,2750,2885,1,1,2127,2167,ClassCap,ClassCap,true,true,9483,7929,15.687,17.985
psychedelic,psychedelic,production,102,5000,766,766,0.000000,4847,4820,-0.005570,946,952,7843,7881,3,3,3890,3845,ClassCap,ClassCap,true,true,34226,5156,22.946,44.207
shader:cosine_palette,shader,production,40,2000,296,296,0.000000,1767,1771,0.002264,474,477,2614,2591,3,3,1291,1293,ClassCap,ClassCap,true,true,8904,2985,6.061,10.541
shader:domain_warp_fbm,shader,production,84,5000,444,440,-0.009009,4577,4538,-0.008521,1245,1227,6976,7023,3,3,3326,3302,ClassCap,ClassCap,true,true,18918,7390,19.223,32.211
shader:gyroid_slice,shader,production,44,2000,938,938,0.000000,779,778,-0.001284,104,104,8652,8633,9,9,675,674,Quiesced,Quiesced,false,false,1288,1482,14.916,15.955
shader:julia_set,shader,production,122,5000,716,692,-0.033520,4533,4504,-0.006398,819,828,14866,14690,5,5,3698,3620,ClassCap,ClassCap,true,true,15024,6492,31.496,42.352
shader:kaleidoscope_fold,shader,production,46,2000,554,554,0.000000,131,131,0.000000,57,57,601,601,5,5,74,74,Quiesced,Quiesced,false,false,82,210,2.058,2.037
shader:mandelbrot_distance,shader,production,152,5000,576,575,-0.001736,3678,3639,-0.010604,415,443,15291,14626,4,4,3252,3158,ClassCap,ClassCap,true,true,13794,2646,30.223,35.868
shader:metaballs,shader,production,62,5000,158,135,-0.145570,2584,3782,0.463622,286,501,10090,15949,4,5,2260,3253,ClassCap,ClassCap,true,true,42952,3553,52.440,143.110
shader:plasma,shader,production,41,2000,363,363,0.000000,1822,1822,0.000000,336,337,3310,3302,4,4,1486,1485,ClassCap,ClassCap,true,true,4589,3033,9.454,12.564
shader:smooth_min_scene,shader,production,43,2000,136,136,0.000000,1219,1180,-0.031993,160,163,2722,2610,3,3,1041,1001,ClassCap,ClassCap,true,true,3789,1312,5.991,8.567
shader:smoothstep_vignette,shader,production,64,5000,161,161,0.000000,283,272,-0.038869,82,79,1596,1546,5,5,201,192,Quiesced,Quiesced,false,false,379,396,4.024,4.002
shader:star_sdf,shader,production,66,5000,169,169,0.000000,3828,3920,0.024033,632,655,7997,7954,4,4,3178,3250,ClassCap,ClassCap,true,true,14028,6600,17.517,30.848
shader:torus_slice,shader,production,42,2000,141,141,0.000000,1291,1324,0.025562,166,181,4697,4537,5,5,1115,1137,ClassCap,ClassCap,true,true,3083,2000,9.276,11.827
synth_d3_s0,synthetic,production,19,2000,163,163,0.000000,37,37,0.000000,17,17,99,99,3,3,20,20,Quiesced,Quiesced,false,false,18,48,0.404,0.382
synth_d3_s1,synthetic,production,30,2000,361,361,0.000000,35,32,-0.085714,18,18,63,37,3,2,16,13,Quiesced,Quiesced,false,false,18,36,0.376,0.237
synth_d3_s2,synthetic,production,14,2000,318,318,0.000000,18,18,0.000000,12,12,19,19,2,2,6,6,Quiesced,Quiesced,false,false,8,16,0.147,0.143
synth_d3_s3,synthetic,production,30,2000,325,325,0.000000,39,39,0.000000,22,22,48,48,2,2,17,17,Quiesced,Quiesced,false,false,20,40,0.297,0.292
synth_d3_s4,synthetic,production,24,2000,188,188,0.000000,64,64,0.000000,31,31,194,194,4,4,33,33,Quiesced,Quiesced,false,false,42,87,0.869,0.856
synth_d3_s5,synthetic,production,18,2000,40,40,0.000000,45,45,0.000000,18,18,124,124,3,3,27,27,Quiesced,Quiesced,false,false,33,68,0.479,0.455
synth_d3_s6,synthetic,production,42,2000,240,240,0.000000,461,457,-0.008677,78,78,4622,4581,8,8,383,379,Quiesced,Quiesced,false,false,708,820,8.854,9.297
synth_d3_s7,synthetic,production,6,500,219,219,0.000000,7,7,0.000000,5,5,6,6,2,2,2,2,Quiesced,Quiesced,false,false,3,6,0.070,0.062
synth_d3_s8,synthetic,production,9,500,98,98,0.000000,12,12,0.000000,8,8,11,11,2,2,4,4,Quiesced,Quiesced,false,false,4,11,0.095,0.090
synth_d3_s9,synthetic,production,14,2000,33,33,0.000000,19,19,0.000000,12,12,20,20,2,2,7,7,Quiesced,Quiesced,false,false,7,20,0.147,0.142
synth_d3_s10,synthetic,production,20,2000,90,90,0.000000,43,43,0.000000,20,20,130,130,4,4,23,23,Quiesced,Quiesced,false,false,31,43,0.611,0.575
synth_d3_s11,synthetic,production,16,2000,232,232,0.000000,67,67,0.000000,22,22,346,346,5,5,45,45,Quiesced,Quiesced,false,false,37,111,0.987,0.961
synth_d3_s12,synthetic,production,13,2000,149,149,0.000000,17,17,0.000000,10,10,21,21,2,2,7,7,Quiesced,Quiesced,false,false,9,18,0.152,0.141
synth_d3_s13,synthetic,production,16,2000,280,280,0.000000,21,21,0.000000,12,12,44,44,3,3,9,9,Quiesced,Quiesced,false,false,13,21,0.261,0.252
synth_d3_s14,synthetic,production,26,2000,235,235,0.000000,38,36,-0.052632,19,19,119,111,4,4,19,17,Quiesced,Quiesced,false,false,21,35,0.556,0.508
synth_d3_s15,synthetic,production,13,2000,208,208,0.000000,17,17,0.000000,10,10,20,20,2,2,7,7,Quiesced,Quiesced,false,false,9,16,0.143,0.142
synth_d3_s16,synthetic,production,21,2000,153,153,0.000000,49,49,0.000000,19,19,139,139,3,3,30,30,Quiesced,Quiesced,false,false,34,60,0.476,0.456
synth_d3_s17,synthetic,production,37,2000,400,400,0.000000,44,44,0.000000,26,26,51,51,2,2,18,18,Quiesced,Quiesced,false,false,23,50,0.337,0.325
synth_d3_s18,synthetic,production,16,2000,343,343,0.000000,19,19,0.000000,12,12,20,20,2,2,7,7,Quiesced,Quiesced,false,false,9,18,0.157,0.154
synth_d3_s19,synthetic,production,26,2000,614,486,-0.208469,32,31,-0.031250,18,17,61,56,3,3,14,11,Quiesced,Quiesced,false,false,19,31,0.377,0.330
synth_d3_s20,synthetic,production,9,500,176,176,0.000000,14,14,0.000000,9,9,11,11,2,2,5,5,Quiesced,Quiesced,false,false,5,14,0.110,0.104
synth_d3_s21,synthetic,production,17,2000,302,302,0.000000,23,23,0.000000,16,16,21,21,2,2,7,7,Quiesced,Quiesced,false,false,7,28,0.185,0.181
synth_d3_s22,synthetic,production,8,500,81,81,0.000000,10,10,0.000000,6,6,11,11,2,2,4,4,Quiesced,Quiesced,false,false,4,9,0.080,0.077
synth_d3_s23,synthetic,production,35,2000,132,132,0.000000,1704,1707,0.001761,333,335,2948,2950,3,3,1368,1367,ClassCap,ClassCap,true,true,5207,2983,7.209,11.265
synth_d3_s24,synthetic,production,17,2000,126,126,0.000000,34,34,0.000000,17,17,95,95,4,4,17,17,Quiesced,Quiesced,false,false,20,32,0.448,0.455
synth_d3_s25,synthetic,production,7,500,237,237,0.000000,8,8,0.000000,5,5,8,8,2,2,3,3,Quiesced,Quiesced,false,false,4,6,0.074,0.074
synth_d3_s26,synthetic,production,10,500,83,83,0.000000,13,13,0.000000,7,7,17,17,2,2,6,6,Quiesced,Quiesced,false,false,7,10,0.100,0.096
synth_d3_s27,synthetic,production,35,2000,455,455,0.000000,65,65,0.000000,29,29,175,175,3,3,36,36,Quiesced,Quiesced,false,false,45,86,0.660,0.695
synth_d3_s28,synthetic,production,29,2000,280,280,0.000000,93,93,0.000000,29,29,423,423,4,4,64,64,Quiesced,Quiesced,false,false,93,125,1.153,1.168
synth_d3_s29,synthetic,production,26,2000,360,360,0.000000,60,54,-0.100000,23,23,202,190,4,4,36,31,Quiesced,Quiesced,false,false,35,68,0.780,0.755
synth_d3_s30,synthetic,production,12,2000,104,104,0.000000,16,16,0.000000,11,11,14,14,2,2,5,5,Quiesced,Quiesced,false,false,7,16,0.136,0.129
synth_d3_s31,synthetic,production,30,2000,122,122,0.000000,47,44,-0.063830,19,19,263,246,7,7,28,25,Quiesced,Quiesced,false,false,34,33,1.040,0.915
synth_d3_s32,synthetic,production,39,2000,324,324,0.000000,73,71,-0.027397,33,33,250,242,4,4,40,38,Quiesced,Quiesced,false,false,48,76,0.885,0.913
synth_d3_s33,synthetic,production,21,2000,33,33,0.000000,88,87,-0.011364,27,27,441,438,5,5,61,60,Quiesced,Quiesced,false,false,60,131,1.168,1.170
synth_d3_s34,synthetic,production,9,500,25,25,0.000000,12,12,0.000000,8,8,11,11,2,2,4,4,Quiesced,Quiesced,false,false,6,12,0.095,0.094
synth_d3_s35,synthetic,production,35,2000,430,430,0.000000,47,45,-0.042553,26,26,125,117,4,4,21,19,Quiesced,Quiesced,false,false,21,49,0.738,0.646
synth_d3_s36,synthetic,production,28,2000,446,446,0.000000,37,37,0.000000,20,20,80,80,3,3,17,17,Quiesced,Quiesced,false,false,24,34,0.407,0.395
synth_d3_s37,synthetic,production,12,2000,172,172,0.000000,14,14,0.000000,9,9,13,13,2,2,5,5,Quiesced,Quiesced,false,false,6,12,0.119,0.110
synth_d3_s38,synthetic,production,14,2000,99,99,0.000000,17,17,0.000000,10,10,18,18,2,2,7,7,Quiesced,Quiesced,false,false,10,15,0.135,0.129
synth_d3_s39,synthetic,production,15,2000,43,43,0.000000,23,23,0.000000,13,13,24,24,2,2,10,10,Quiesced,Quiesced,false,false,11,22,0.163,0.161
synth_d5_s0,synthetic,production,22,2000,603,603,0.000000,34,34,0.000000,21,21,76,76,4,4,13,13,Quiesced,Quiesced,false,false,14,35,0.500,0.515
synth_d5_s1,synthetic,production,58,5000,441,441,0.000000,705,687,-0.025532,105,105,5822,5681,7,7,600,581,Quiesced,Quiesced,false,false,1166,1216,10.945,11.483
synth_d5_s2,synthetic,production,50,2000,532,532,0.000000,96,96,0.000000,42,42,380,380,4,4,54,54,Quiesced,Quiesced,false,false,75,128,1.328,1.327
synth_d5_s3,synthetic,production,84,5000,959,959,0.000000,1123,1098,-0.022262,177,177,11408,11068,8,8,945,919,Quiesced,Quiesced,false,false,1929,1831,20.366,23.141
synth_d5_s4,synthetic,production,63,5000,388,388,0.000000,314,311,-0.009554,74,74,2100,2044,6,6,240,235,Quiesced,Quiesced,false,false,365,484,5.139,5.043
synth_d5_s5,synthetic,production,6,500,242,242,0.000000,7,7,0.000000,6,6,3,3,2,2,1,1,Quiesced,Quiesced,false,false,0,7,0.063,0.062
synth_d5_s6,synthetic,production,55,5000,394,394,0.000000,85,83,-0.023529,40,40,268,260,4,4,45,42,Quiesced,Quiesced,false,false,56,105,1.142,1.112
synth_d5_s7,synthetic,production,51,5000,906,906,0.000000,356,351,-0.014045,74,74,3431,3378,8,8,282,277,Quiesced,Quiesced,false,false,505,601,7.477,7.660
synth_d5_s8,synthetic,production,71,5000,652,652,0.000000,293,293,0.000000,81,81,2415,2415,7,7,212,212,Quiesced,Quiesced,false,false,282,483,5.541,5.846
synth_d5_s9,synthetic,production,52,5000,631,631,0.000000,62,59,-0.048387,32,32,122,73,3,2,30,27,Quiesced,Quiesced,false,false,40,61,0.672,0.416
synth_d5_s10,synthetic,production,40,2000,336,336,0.000000,170,170,0.000000,46,46,934,934,5,5,124,124,Quiesced,Quiesced,false,false,212,268,2.363,2.441
synth_d5_s11,synthetic,production,81,5000,851,851,0.000000,3656,3621,-0.009573,363,363,16867,16682,6,6,3289,3253,ClassCap,ClassCap,true,true,10533,6017,31.268,40.977
synth_d5_s12,synthetic,production,50,2000,820,820,0.000000,259,256,-0.011583,78,78,1449,1425,6,6,181,178,Quiesced,Quiesced,false,false,313,403,4.188,4.268
synth_d5_s13,synthetic,production,21,2000,133,133,0.000000,28,28,0.000000,9,9,94,64,3,3,19,15,Quiesced,Quiesced,false,false,28,18,0.300,0.296
synth_d5_s14,synthetic,production,34,2000,442,442,0.000000,42,42,0.000000,25,25,49,49,2,2,17,17,Quiesced,Quiesced,false,false,23,45,0.336,0.332
synth_d5_s15,synthetic,production,114,5000,1740,1740,0.000000,250,249,-0.004000,99,99,1160,1148,5,5,151,149,Quiesced,Quiesced,false,false,222,377,3.862,3.853
synth_d5_s16,synthetic,production,25,2000,391,391,0.000000,33,33,0.000000,19,19,37,37,2,2,14,14,Quiesced,Quiesced,false,false,16,31,0.256,0.255
synth_d5_s17,synthetic,production,43,2000,443,443,0.000000,60,59,-0.016667,32,32,160,158,4,4,28,27,Quiesced,Quiesced,false,false,34,56,0.824,0.852
synth_d5_s18,synthetic,production,49,2000,386,386,0.000000,66,66,0.000000,40,40,71,71,2,2,26,26,Quiesced,Quiesced,false,false,31,77,0.488,0.464
synth_d5_s19,synthetic,production,22,2000,211,211,0.000000,39,39,0.000000,20,20,92,92,3,3,19,19,Quiesced,Quiesced,false,false,19,44,0.428,0.412
synth_d5_s20,synthetic,production,48,2000,394,394,0.000000,133,131,-0.015038,50,50,598,590,5,5,83,81,Quiesced,Quiesced,false,false,97,194,1.968,1.974
synth_d5_s21,synthetic,production,42,2000,679,679,0.000000,50,50,0.000000,31,31,51,51,2,2,19,19,Quiesced,Quiesced,false,false,25,58,0.379,0.375
synth_d5_s22,synthetic,production,56,5000,915,915,0.000000,123,117,-0.048780,47,47,573,541,5,5,75,69,Quiesced,Quiesced,false,false,91,154,1.873,1.804
synth_d5_s23,synthetic,production,63,5000,759,759,0.000000,82,82,0.000000,44,44,169,166,3,3,38,37,Quiesced,Quiesced,false,false,52,96,0.876,0.968
synth_d5_s24,synthetic,production,49,2000,823,823,0.000000,218,218,0.000000,61,61,1775,1775,7,7,157,157,Quiesced,Quiesced,false,false,230,344,4.013,4.128
synth_d5_s25,synthetic,production,22,2000,237,237,0.000000,30,30,0.000000,17,17,36,36,2,2,13,13,Quiesced,Quiesced,false,false,18,29,0.239,0.223
synth_d5_s26,synthetic,production,44,2000,793,793,0.000000,93,92,-0.010753,40,40,348,348,5,5,53,52,Quiesced,Quiesced,false,false,60,123,1.472,1.459
synth_d5_s27,synthetic,production,27,2000,356,356,0.000000,48,47,-0.020833,23,23,163,160,5,5,25,24,Quiesced,Quiesced,false,false,32,47,0.831,0.807
synth_d5_s28,synthetic,production,61,5000,679,679,0.000000,93,93,0.000000,48,48,203,203,3,3,45,45,Quiesced,Quiesced,false,false,58,112,0.988,0.970
synth_d5_s29,synthetic,production,69,5000,1140,1140,0.000000,115,109,-0.052174,59,59,400,375,5,5,56,50,Quiesced,Quiesced,false,false,68,127,2.008,1.926
synth_d5_s30,synthetic,production,34,2000,471,471,0.000000,51,51,0.000000,27,27,117,117,3,3,24,24,Quiesced,Quiesced,false,false,27,55,0.550,0.536
synth_d5_s31,synthetic,production,56,5000,588,588,0.000000,171,171,0.000000,59,59,916,916,5,5,112,112,Quiesced,Quiesced,false,false,139,280,2.540,2.592
synth_d5_s32,synthetic,production,109,5000,1153,1153,0.000000,307,302,-0.016287,97,97,2311,2268,7,7,210,204,Quiesced,Quiesced,false,false,319,473,6.312,6.198
synth_d5_s33,synthetic,production,42,2000,420,420,0.000000,69,69,0.000000,36,36,152,152,3,3,33,33,Quiesced,Quiesced,false,false,45,89,0.740,0.764
synth_d5_s34,synthetic,production,64,5000,685,685,0.000000,183,177,-0.032787,67,67,765,741,5,5,116,110,Quiesced,Quiesced,false,false,182,250,2.705,2.651
synth_d5_s35,synthetic,production,74,5000,889,889,0.000000,172,170,-0.011628,68,68,986,978,6,6,104,102,Quiesced,Quiesced,false,false,125,241,3.219,3.191
synth_d5_s36,synthetic,production,21,2000,445,445,0.000000,26,26,0.000000,16,16,29,29,2,2,10,10,Quiesced,Quiesced,false,false,13,25,0.214,0.223
synth_d5_s37,synthetic,production,74,5000,1147,1147,0.000000,337,334,-0.008902,99,99,2055,2031,6,6,238,235,Quiesced,Quiesced,false,false,397,529,5.525,5.563
synth_d5_s38,synthetic,production,38,2000,824,824,0.000000,43,43,0.000000,29,29,38,38,2,2,14,14,Quiesced,Quiesced,false,false,18,46,0.346,0.328
synth_d5_s39,synthetic,production,28,2000,591,591,0.000000,34,34,0.000000,21,21,35,35,2,2,13,13,Quiesced,Quiesced,false,false,17,31,0.271,0.257
synth_d7_s0,synthetic,production,53,5000,724,724,0.000000,119,119,0.000000,51,51,518,518,5,5,68,68,Quiesced,Quiesced,false,false,82,163,1.833,1.830
synth_d7_s1,synthetic,production,166,5000,2583,2514,-0.026713,300,294,-0.020000,140,139,1320,1284,5,5,160,154,Quiesced,Quiesced,false,false,193,377,4.803,4.716
synth_d7_s2,synthetic,production,6,500,94,94,0.000000,8,8,0.000000,6,6,5,5,2,2,2,2,Quiesced,Quiesced,false,false,2,7,0.075,0.070
synth_d7_s3,synthetic,production,186,5000,2198,2198,0.000000,603,599,-0.006633,186,186,3740,3681,6,6,417,411,Quiesced,Quiesced,false,false,652,896,10.311,10.545
synth_d7_s4,synthetic,production,98,5000,1419,1419,0.000000,498,497,-0.002008,111,111,4539,4518,8,8,387,385,Quiesced,Quiesced,false,false,821,853,9.916,10.190
synth_d7_s5,synthetic,production,54,5000,652,652,0.000000,370,348,-0.059459,66,66,3013,3242,7,8,302,279,Quiesced,Quiesced,false,false,455,552,6.092,7.006
synth_d7_s6,synthetic,production,95,5000,1454,1454,0.000000,341,338,-0.008798,99,99,2142,2086,6,6,242,237,Quiesced,Quiesced,false,false,351,499,5.677,5.828
synth_d7_s7,synthetic,production,85,5000,802,802,0.000000,777,775,-0.002574,138,138,8082,8054,9,9,639,637,Quiesced,Quiesced,false,false,1240,1317,15.701,16.553
synth_d7_s8,synthetic,production,122,5000,1387,1387,0.000000,3453,3447,-0.001738,422,420,11753,11609,5,5,3025,3018,ClassCap,ClassCap,true,true,8450,6076,24.505,33.010
synth_d7_s9,synthetic,production,14,2000,147,147,0.000000,18,18,0.000000,10,10,21,21,2,2,8,8,Quiesced,Quiesced,false,false,10,15,0.148,0.135
synth_d7_s10,synthetic,production,58,5000,413,413,0.000000,100,98,-0.020000,43,43,368,360,4,4,57,55,Quiesced,Quiesced,false,false,83,104,1.372,1.249
synth_d7_s11,synthetic,production,73,5000,970,970,0.000000,3532,3357,-0.049547,483,478,10613,10521,5,5,3037,2874,ClassCap,ClassCap,true,true,9821,5819,22.331,30.622
synth_d7_s12,synthetic,production,93,5000,1112,1112,0.000000,2462,2517,0.022340,340,354,10001,9938,5,5,2111,2160,ClassCap,ClassCap,true,true,11716,3436,17.543,26.837
synth_d7_s13,synthetic,production,217,5000,2386,2386,0.000000,4324,4328,0.000925,878,873,11144,10805,4,4,3432,3411,ClassCap,ClassCap,true,true,38319,5767,62.508,78.956
synth_d7_s14,synthetic,production,72,5000,680,680,0.000000,3812,3784,-0.007345,414,419,12408,12279,5,5,3392,3351,ClassCap,ClassCap,true,true,11241,6168,25.999,36.699
synth_d7_s15,synthetic,production,56,5000,709,709,0.000000,74,74,0.000000,45,45,78,78,2,2,29,29,Quiesced,Quiesced,false,false,32,83,0.570,0.552
synth_d7_s16,synthetic,production,36,2000,249,249,0.000000,57,57,0.000000,26,26,144,144,3,3,31,31,Quiesced,Quiesced,false,false,43,82,0.628,0.605
synth_d7_s17,synthetic,production,137,5000,1803,1803,0.000000,2229,2214,-0.006729,319,319,61015,60321,20,20,1910,1891,ClassCap,ClassCap,true,true,3929,3688,98.124,99.271
synth_d7_s18,synthetic,production,203,5000,2943,2809,-0.045532,2839,2829,-0.003522,436,435,51016,50709,14,14,2403,2390,Quiesced,Quiesced,false,false,6551,4841,86.007,89.354
synth_d7_s19,synthetic,production,105,5000,1931,1931,0.000000,2881,2871,-0.003471,327,327,20751,20600,9,9,2554,2544,ClassCap,ClassCap,true,true,7042,5171,38.857,46.039
synth_d7_s20,synthetic,production,106,5000,1440,1440,0.000000,371,364,-0.018868,103,103,2383,2295,6,6,268,259,Quiesced,Quiesced,false,false,384,539,6.247,6.299
synth_d7_s21,synthetic,production,81,5000,612,612,0.000000,140,137,-0.021429,59,59,675,661,5,5,81,78,Quiesced,Quiesced,false,false,113,153,2.361,2.294
synth_d7_s22,synthetic,production,45,2000,608,608,0.000000,270,265,-0.018519,55,55,1880,1814,6,6,214,207,Quiesced,Quiesced,false,false,317,424,4.151,4.276
synth_d7_s23,synthetic,production,122,5000,2351,2351,0.000000,3584,3530,-0.015067,492,490,10228,10113,5,5,3088,3040,ClassCap,ClassCap,true,true,9131,6345,21.811,31.339
synth_d7_s24,synthetic,production,62,5000,674,674,0.000000,85,85,0.000000,48,48,212,212,4,4,37,37,Quiesced,Quiesced,false,false,46,93,1.221,1.180
synth_d7_s25,synthetic,production,14,2000,123,123,0.000000,21,21,0.000000,14,14,17,17,2,2,7,7,Quiesced,Quiesced,false,false,6,20,0.161,0.157
synth_d7_s26,synthetic,production,123,5000,1786,1786,0.000000,4650,4653,0.000645,994,994,9732,9687,5,5,3656,3657,ClassCap,ClassCap,true,true,19626,7909,28.034,41.075
synth_d7_s27,synthetic,production,55,5000,762,762,0.000000,83,81,-0.024096,42,42,251,243,4,4,41,39,Quiesced,Quiesced,false,false,56,88,1.235,1.183
synth_d7_s28,synthetic,production,146,5000,2311,2311,0.000000,3228,3577,0.108116,410,416,8177,12412,5,6,2771,3135,ClassCap,ClassCap,true,true,9060,6048,18.086,39.734
synth_d7_s29,synthetic,production,99,5000,1438,1438,0.000000,468,462,-0.012821,113,113,3736,3683,7,7,355,349,Quiesced,Quiesced,false,false,720,759,8.620,8.892
synth_d7_s30,synthetic,production,83,5000,1351,1351,0.000000,157,155,-0.012739,70,70,483,475,4,4,87,85,Quiesced,Quiesced,false,false,98,218,2.028,2.017
synth_d7_s31,synthetic,production,135,5000,1582,1582,0.000000,4189,4277,0.021007,740,757,7598,7602,4,4,3420,3512,ClassCap,ClassCap,true,true,14224,7396,18.472,31.750
synth_d7_s32,synthetic,production,144,5000,2026,2026,0.000000,385,377,-0.020779,136,136,1881,1848,5,5,249,240,Quiesced,Quiesced,false,false,401,580,5.707,5.678
synth_d7_s33,synthetic,production,46,2000,512,512,0.000000,68,68,0.000000,40,40,123,123,3,3,28,28,Quiesced,Quiesced,false,false,35,79,0.744,0.779
synth_d7_s34,synthetic,production,37,2000,503,503,0.000000,59,59,0.000000,34,34,103,103,3,3,25,25,Quiesced,Quiesced,false,false,37,66,0.668,0.626
synth_d7_s35,synthetic,production,139,5000,1832,1832,0.000000,1187,1180,-0.005897,186,186,14009,13880,9,9,1001,992,Quiesced,Quiesced,false,false,1876,1931,25.458,26.627
synth_d7_s36,synthetic,production,72,5000,729,729,0.000000,234,233,-0.004274,75,75,2058,2058,8,8,159,158,Quiesced,Quiesced,false,false,207,331,5.225,5.250
synth_d7_s37,synthetic,production,143,5000,2441,2441,0.000000,188,188,0.000000,108,108,372,372,3,3,80,80,Quiesced,Quiesced,false,false,112,222,2.012,2.016
synth_d7_s38,synthetic,production,132,5000,1410,1395,-0.010638,658,631,-0.041033,137,136,5108,5656,7,8,519,490,Quiesced,Quiesced,false,false,956,1022,10.885,13.498
synth_d7_s39,synthetic,production,43,2000,659,659,0.000000,266,262,-0.015038,55,55,2258,2188,7,7,211,205,Quiesced,Quiesced,false,false,314,425,4.915,5.026
synth_d9_s0,synthetic,production,318,5000,4257,4257,0.000000,3541,3511,-0.008472,867,867,10119,9935,5,5,2669,2640,ClassCap,ClassCap,true,true,8073,6121,24.548,29.207
synth_d9_s1,synthetic,production,83,5000,1235,1235,0.000000,137,136,-0.007299,67,67,546,532,5,5,70,67,Quiesced,Quiesced,false,false,94,182,2.291,2.174
synth_d9_s2,synthetic,production,84,5000,1055,1055,0.000000,121,121,0.000000,69,69,322,322,4,4,52,52,Quiesced,Quiesced,false,false,61,156,1.692,1.686
synth_d9_s3,synthetic,production,300,5000,4198,4198,0.000000,1689,1674,-0.008881,361,361,18945,18643,9,9,1328,1308,Quiesced,Quiesced,false,false,2492,2755,39.161,40.046
synth_d9_s4,synthetic,production,47,2000,668,668,0.000000,68,68,0.000000,35,35,153,153,3,3,33,33,Quiesced,Quiesced,false,false,40,83,0.780,0.716
synth_d9_s5,synthetic,production,213,5000,3551,3551,0.000000,345,342,-0.008696,169,169,1051,1028,4,4,176,171,Quiesced,Quiesced,false,false,236,463,4.596,4.555
synth_d9_s6,synthetic,production,156,5000,2039,2039,0.000000,239,239,0.000000,121,121,765,765,4,4,118,118,Quiesced,Quiesced,false,false,161,319,3.288,3.265
synth_d9_s7,synthetic,production,24,2000,459,459,0.000000,30,30,0.000000,19,19,31,31,2,2,11,11,Quiesced,Quiesced,false,false,14,31,0.235,0.245
synth_d9_s8,synthetic,production,188,5000,1946,1946,0.000000,4320,4324,0.000926,1088,1092,7464,7412,4,4,3232,3227,ClassCap,ClassCap,true,true,23980,6930,20.717,42.502
synth_d9_s9,synthetic,production,41,2000,253,253,0.000000,66,66,0.000000,38,38,129,129,3,3,28,28,Quiesced,Quiesced,false,false,37,77,0.778,0.774
synth_d9_s10,synthetic,production,184,5000,2381,2381,0.000000,842,836,-0.007126,202,202,8234,8080,8,8,640,629,Quiesced,Quiesced,false,false,939,1379,18.523,18.791
synth_d9_s11,synthetic,production,38,2000,317,317,0.000000,50,50,0.000000,28,28,57,57,2,2,22,22,Quiesced,Quiesced,false,false,33,54,0.376,0.401
synth_d9_s12,synthetic,production,104,5000,1577,1577,0.000000,171,164,-0.040936,91,90,432,412,4,4,80,72,Quiesced,Quiesced,false,false,100,208,2.347,2.248
synth_d9_s13,synthetic,production,297,5000,4618,4618,0.000000,3543,3518,-0.007056,723,731,8011,7886,4,4,2813,2782,ClassCap,ClassCap,true,true,10814,5136,18.853,26.074
synth_d9_s14,synthetic,production,69,5000,1053,1053,0.000000,99,96,-0.030303,50,50,298,290,4,4,49,46,Quiesced,Quiesced,false,false,62,105,1.419,1.352
synth_d9_s15,synthetic,production,151,5000,1954,1954,0.000000,304,285,-0.062500,135,130,1256,1200,5,5,169,154,Quiesced,Quiesced,false,false,251,392,4.794,4.665
synth_d9_s16,synthetic,production,111,5000,1304,1304,0.000000,224,221,-0.013393,103,103,848,822,5,5,121,117,Quiesced,Quiesced,false,false,153,272,3.689,3.578
synth_d9_s17,synthetic,production,15,2000,162,162,0.000000,20,20,0.000000,9,9,57,57,3,3,11,11,Quiesced,Quiesced,false,false,15,17,0.237,0.220
synth_d9_s18,synthetic,production,15,2000,282,282,0.000000,18,18,0.000000,10,10,21,21,2,2,8,8,Quiesced,Quiesced,false,false,11,14,0.144,0.138
synth_d9_s19,synthetic,production,109,5000,1928,1928,0.000000,470,461,-0.019149,123,123,3102,2989,6,6,347,335,Quiesced,Quiesced,false,false,536,695,7.583,7.748
synth_d9_s20,synthetic,production,147,5000,2004,2004,0.000000,200,198,-0.010000,113,113,376,368,3,3,87,83,Quiesced,Quiesced,false,false,118,253,2.120,2.038
synth_d9_s21,synthetic,production,106,5000,1718,1718,0.000000,163,163,0.000000,79,79,621,621,5,5,84,84,Quiesced,Quiesced,false,false,119,210,2.768,2.744
synth_d9_s22,synthetic,production,101,5000,1133,1133,0.000000,275,273,-0.007273,103,103,2594,2560,9,9,172,170,Quiesced,Quiesced,false,false,241,399,7.143,7.156
synth_d9_s23,synthetic,production,51,5000,442,442,0.000000,64,64,0.000000,34,34,80,80,2,2,30,30,Quiesced,Quiesced,false,false,43,65,0.478,0.455
synth_d9_s24,synthetic,production,206,5000,3157,3157,0.000000,3613,3610,-0.000830,489,492,12456,12321,5,5,3120,3112,ClassCap,ClassCap,true,true,8400,6246,27.853,35.751
synth_d9_s25,synthetic,production,764,5000,10496,10300,-0.018674,3539,3527,-0.003391,1091,1088,7003,6909,3,3,2447,2425,ClassCap,ClassCap,true,true,7450,5443,20.282,23.635
synth_d9_s26,synthetic,production,73,5000,1010,1010,0.000000,205,198,-0.034146,84,84,709,682,4,4,121,114,Quiesced,Quiesced,false,false,158,275,2.644,2.534
synth_d9_s27,synthetic,production,113,5000,1158,1158,0.000000,201,201,0.000000,103,103,708,708,5,5,98,98,Quiesced,Quiesced,false,false,123,260,3.300,3.315
synth_d9_s28,synthetic,production,15,2000,96,96,0.000000,19,19,0.000000,10,10,23,23,2,2,9,9,Quiesced,Quiesced,false,false,12,15,0.144,0.141
synth_d9_s29,synthetic,production,371,5000,4999,4865,-0.026805,4609,4578,-0.006726,1088,1091,8474,8411,4,4,3507,3461,ClassCap,ClassCap,true,true,13556,6841,26.738,36.933
synth_d9_s30,synthetic,production,111,5000,1957,1957,0.000000,178,176,-0.011236,90,90,545,537,4,4,88,86,Quiesced,Quiesced,false,false,127,218,2.461,2.445
synth_d9_s31,synthetic,production,120,5000,1575,1575,0.000000,172,166,-0.034884,88,88,634,600,5,5,84,74,Quiesced,Quiesced,false,false,98,189,2.971,2.841
synth_d9_s32,synthetic,production,318,5000,4175,4175,0.000000,4405,4375,-0.006810,818,811,12396,12354,5,5,3582,3550,ClassCap,ClassCap,true,true,12529,7289,32.621,41.521
synth_d9_s33,synthetic,production,77,5000,1434,1434,0.000000,103,103,0.000000,56,56,216,216,3,3,47,47,Quiesced,Quiesced,false,false,59,119,1.120,1.094
synth_d9_s34,synthetic,production,103,5000,1521,1521,0.000000,385,382,-0.007792,114,114,2467,2411,6,6,271,266,Quiesced,Quiesced,false,false,395,575,6.460,6.631
synth_d9_s35,synthetic,production,267,5000,3098,3098,0.000000,1326,1314,-0.009050,292,292,14709,14462,9,9,1034,1017,Quiesced,Quiesced,false,false,1687,2194,30.879,31.359
synth_d9_s36,synthetic,production,156,5000,1142,1142,0.000000,1199,1198,-0.000834,219,219,13428,13420,9,9,980,979,Quiesced,Quiesced,false,false,2100,2012,25.509,26.883
synth_d9_s37,synthetic,production,176,5000,2419,2419,0.000000,919,909,-0.010881,181,181,12874,12763,11,11,738,727,Quiesced,Quiesced,false,false,1300,1560,25.055,25.656
synth_d9_s38,synthetic,production,104,5000,1622,1622,0.000000,138,136,-0.014493,78,78,261,253,3,3,60,55,Quiesced,Quiesced,false,false,83,165,1.488,1.438
synth_d9_s39,synthetic,production,179,5000,2296,2296,0.000000,282,275,-0.024823,135,135,1093,1065,5,5,147,138,Quiesced,Quiesced,false,false,177,362,4.643,4.563
synth_d11_s0,synthetic,production,279,5000,4028,4028,0.000000,582,568,-0.024055,234,234,3263,3153,6,6,348,331,Quiesced,Quiesced,false,false,440,815,10.958,10.809
synth_d11_s1,synthetic,production,206,5000,2962,2962,0.000000,3998,3971,-0.006753,660,662,9008,8910,4,4,3332,3296,ClassCap,ClassCap,true,true,11148,6666,20.571,29.822
synth_d11_s2,synthetic,production,19,2000,147,147,0.000000,26,26,0.000000,12,12,64,64,3,3,14,14,Quiesced,Quiesced,false,false,19,20,0.298,0.276
synth_d11_s3,synthetic,production,835,5000,11719,11438,-0.023978,4664,4613,-0.010935,1217,1204,7807,7856,3,3,3447,3388,ClassCap,ClassCap,true,true,12155,6675,26.919,34.088
synth_d11_s4,synthetic,production,89,5000,1665,1665,0.000000,232,232,0.000000,89,89,2176,2176,9,9,143,143,Quiesced,Quiesced,false,false,199,333,6.053,6.064
synth_d11_s5,synthetic,production,456,5000,6816,6816,0.000000,4588,4581,-0.001526,973,993,11292,11204,5,5,3605,3582,ClassCap,ClassCap,true,true,22744,5763,32.653,49.374
synth_d11_s6,synthetic,production,95,5000,1754,1754,0.000000,133,133,0.000000,75,75,262,262,3,3,58,58,Quiesced,Quiesced,false,false,83,172,1.497,1.462
synth_d11_s7,synthetic,production,454,5000,7254,7243,-0.001516,3298,3763,0.140995,624,648,8025,12322,4,5,2656,3092,ClassCap,ClassCap,true,true,8889,6098,20.378,39.765
synth_d11_s8,synthetic,production,372,5000,4916,4916,0.000000,3983,4093,0.027617,817,841,8809,8734,4,4,3138,3218,ClassCap,ClassCap,true,true,11437,6730,22.450,31.917
synth_d11_s9,synthetic,production,21,2000,372,372,0.000000,27,27,0.000000,18,18,25,25,2,2,9,9,Quiesced,Quiesced,false,false,10,28,0.239,0.221
synth_d11_s10,synthetic,production,22,2000,345,345,0.000000,33,33,0.000000,20,20,50,50,3,3,13,13,Quiesced,Quiesced,false,false,14,37,0.373,0.384
synth_d11_s11,synthetic,production,89,5000,1338,1338,0.000000,159,155,-0.025157,72,71,556,540,4,4,87,82,Quiesced,Quiesced,false,false,121,200,2.186,2.139
synth_d11_s12,synthetic,production,329,5000,5020,4892,-0.025498,2401,2397,-0.001666,483,484,10207,10141,5,5,1918,1906,ClassCap,ClassCap,true,true,9631,2797,20.102,24.978
synth_d11_s13,synthetic,production,25,2000,195,195,0.000000,47,47,0.000000,25,25,87,87,3,3,22,22,Quiesced,Quiesced,false,false,33,51,0.516,0.478
synth_d11_s14,synthetic,production,636,5000,7675,7541,-0.017459,4463,4417,-0.010307,1219,1204,8073,8051,3,3,3239,3188,ClassCap,ClassCap,true,true,11492,6545,24.681,32.392
synth_d11_s15,synthetic,production,181,5000,2975,2975,0.000000,4369,4382,0.002976,749,741,11351,11224,5,5,3609,3639,ClassCap,ClassCap,true,true,11796,7679,29.090,40.506
synth_d11_s16,synthetic,production,135,5000,1729,1729,0.000000,4151,4157,0.001445,743,748,9448,9391,4,4,3402,3399,ClassCap,ClassCap,true,true,14692,6703,22.586,35.281
synth_d11_s17,synthetic,production,142,5000,2177,2177,0.000000,237,237,0.000000,122,122,723,723,4,4,115,115,Quiesced,Quiesced,false,false,165,325,3.254,3.256
synth_d11_s18,synthetic,production,221,5000,2144,2144,0.000000,1951,1931,-0.010251,363,355,8389,8201,5,5,1584,1573,ClassCap,ClassCap,true,true,9400,2228,15.438,20.422
synth_d11_s19,synthetic,production,202,5000,2353,2353,0.000000,585,576,-0.015385,191,191,3661,3564,6,6,394,383,Quiesced,Quiesced,false,false,554,869,10.422,10.465
synth_d11_s20,synthetic,production,252,5000,3283,3283,0.000000,4543,4520,-0.005063,1173,1166,7721,7729,4,4,3360,3343,ClassCap,ClassCap,true,true,22237,7579,22.577,41.267
synth_d11_s21,synthetic,production,80,5000,905,905,0.000000,99,93,-0.060606,52,52,243,234,4,4,47,41,Quiesced,Quiesced,false,false,57,109,1.416,1.328
synth_d11_s22,synthetic,production,366,5000,5564,5564,0.000000,2336,2286,-0.021404,472,471,50981,49486,15,15,1859,1803,Quiesced,Quiesced,false,false,3344,3669,90.653,90.207
synth_d11_s23,synthetic,production,221,5000,2569,2407,-0.063060,4247,4261,0.003296,976,991,10168,10035,5,5,3267,3253,ClassCap,ClassCap,true,true,26725,6350,24.880,39.393
synth_d11_s24,synthetic,production,495,5000,7514,7499,-0.001996,4373,4335,-0.008690,958,939,9363,9315,4,4,3409,3370,ClassCap,ClassCap,true,true,10711,6657,27.955,36.413
synth_d11_s25,synthetic,production,86,5000,1074,1074,0.000000,128,123,-0.039062,64,64,366,338,4,4,64,57,Quiesced,Quiesced,false,false,78,145,1.721,1.638
synth_d11_s26,synthetic,production,285,5000,3607,3607,0.000000,903,893,-0.011074,299,299,6360,6231,7,7,604,591,Quiesced,Quiesced,false,false,933,1381,17.682,18.545
synth_d11_s27,synthetic,production,289,5000,4665,4665,0.000000,2859,2848,-0.003847,420,419,22185,22108,8,8,2439,2429,ClassCap,ClassCap,true,true,5644,5156,42.992,47.573
synth_d11_s28,synthetic,production,114,5000,1419,1419,0.000000,144,142,-0.013889,84,84,365,357,4,4,60,58,Quiesced,Quiesced,false,false,72,167,2.039,2.008
synth_d11_s29,synthetic,production,808,5000,10296,10280,-0.001554,3948,3920,-0.007092,952,954,11331,11140,4,4,2992,2949,ClassCap,ClassCap,true,true,6288,6424,30.205,33.853
synth_d11_s30,synthetic,production,23,2000,201,201,0.000000,54,54,0.000000,25,25,125,125,3,3,29,29,Quiesced,Quiesced,false,false,40,72,0.550,0.547
synth_d11_s31,synthetic,production,279,5000,3763,3763,0.000000,4514,4489,-0.005538,924,923,8081,8010,4,4,3572,3546,ClassCap,ClassCap,true,true,21002,6879,24.280,42.378
synth_d11_s32,synthetic,production,414,5000,5595,5595,0.000000,3408,3419,0.003228,629,636,9263,8989,4,4,2761,2757,ClassCap,ClassCap,true,true,7597,5564,22.285,29.227
synth_d11_s33,synthetic,production,194,5000,2827,2705,-0.043155,851,835,-0.018801,216,215,6870,6713,7,7,635,616,Quiesced,Quiesced,false,false,1002,1295,15.598,15.750
synth_d11_s34,synthetic,production,265,5000,3781,3786,0.001322,3678,4123,0.120990,654,633,9023,14078,4,5,3019,3480,ClassCap,ClassCap,true,true,8991,7133,20.840,40.541
synth_d11_s35,synthetic,production,238,5000,2921,2921,0.000000,377,371,-0.015915,184,184,1179,1160,4,4,193,186,Quiesced,Quiesced,false,false,255,501,4.942,4.897
synth_d11_s36,synthetic,production,24,2000,303,303,0.000000,29,29,0.000000,15,15,37,37,2,2,14,14,Quiesced,Quiesced,false,false,20,26,0.214,0.217
synth_d11_s37,synthetic,production,216,5000,3496,3496,0.000000,4348,4316,-0.007360,864,848,8673,8676,4,4,3484,3451,ClassCap,ClassCap,true,true,12395,6688,23.498,32.869
synth_d11_s38,synthetic,production,230,5000,3418,3296,-0.035693,1181,1155,-0.022015,260,259,11296,11041,8,8,920,892,Quiesced,Quiesced,false,false,1829,1910,23.846,24.298
synth_d11_s39,synthetic,production,475,5000,6791,6522,-0.039611,3509,3597,0.025078,813,856,11218,10667,5,5,2684,2703,ClassCap,ClassCap,true,true,27253,4790,39.273,55.747
cellgrid:120x40_d2,cellgrid,numeric-first,623,5000,432,432,0.000000,4158,4150,-0.001924,1082,1089,5640,5608,3,3,3073,3058,ClassCap,ClassCap,true,true,17233,5021,13.829,24.888
cellgrid:80x24_d1,cellgrid,numeric-first,623,5000,427,427,0.000000,4160,4149,-0.002644,1083,1088,5637,5604,3,3,3074,3058,ClassCap,ClassCap,true,true,17242,5023,13.782,24.731
cellgrid:80x24_d2,cellgrid,numeric-first,623,5000,432,432,0.000000,4158,4150,-0.001924,1082,1089,5640,5608,3,3,3073,3058,ClassCap,ClassCap,true,true,17233,5021,13.791,24.674
glyph16:U+0020,glyph16,numeric-first,1,500,0,0,0.000000,1,1,0.000000,1,1,0,0,1,1,0,0,Quiesced,Quiesced,false,false,0,0,0.008,0.005
glyph16:U+0021,glyph16,numeric-first,1927,5000,3092,3092,0.000000,4791,4781,-0.002087,1705,1654,5395,5397,2,2,3085,3079,ClassCap,ClassCap,true,true,13389,7373,19.753,24.660
glyph16:U+0022,glyph16,numeric-first,199,5000,290,233,-0.196552,3552,2951,-0.169200,509,316,17452,15898,5,5,3036,2518,ClassCap,ClassCap,true,true,43583,2549,63.441,92.881
glyph16:U+0023,glyph16,numeric-first,615,5000,1014,1014,0.000000,3610,3544,-0.018283,668,676,9407,8815,3,3,2927,2758,ClassCap,ClassCap,true,true,21267,3639,28.273,33.302
glyph16:U+0024,glyph16,numeric-first,7185,5000,12442,12442,0.000000,5000,5000,0.000000,3770,3770,1360,1360,1,1,1230,1230,ClassCap,ClassCap,true,true,2826,9168,15.200,16.657
glyph16:U+0025,glyph16,numeric-first,7327,5000,12001,12001,0.000000,5000,5000,0.000000,3626,3626,1544,1544,1,1,1374,1374,ClassCap,ClassCap,true,true,2666,9341,15.887,16.566
glyph16:U+0026,glyph16,numeric-first,9420,5000,16661,16661,0.000000,5000,5000,0.000000,4265,4265,740,740,1,1,735,735,ClassCap,ClassCap,true,true,1464,9403,15.813,16.130
glyph16:U+0027,glyph16,numeric-first,127,5000,137,137,0.000000,4094,2711,-0.337811,744,254,21184,19359,6,6,3343,2383,ClassCap,ClassCap,true,true,45792,2434,117.580,131.545
glyph16:U+0028,glyph16,numeric-first,1855,5000,3012,3012,0.000000,4791,4777,-0.002922,1721,1657,5346,5350,2,2,3069,3057,ClassCap,ClassCap,true,true,12853,7325,19.581,24.402
glyph16:U+0029,glyph16,numeric-first,1855,5000,3016,3016,0.000000,4792,4782,-0.002087,1725,1664,5341,5343,2,2,3066,3057,ClassCap,ClassCap,true,true,12827,7344,20.044,24.987
glyph16:U+002A,glyph16,numeric-first,559,5000,1135,1135,0.000000,3881,3993,0.028859,809,825,9683,9274,3,3,3054,3060,ClassCap,ClassCap,true,true,23401,4265,24.065,35.027
glyph16:U+002B,glyph16,numeric-first,247,5000,319,319,0.000000,2060,2796,0.357282,254,332,10626,16797,4,5,1803,2403,ClassCap,ClassCap,true,true,30714,2634,29.296,75.274
glyph16:U+002C,glyph16,numeric-first,1694,5000,2738,2738,0.000000,4759,4745,-0.002942,1630,1546,5418,5419,2,2,3124,3117,ClassCap,ClassCap,true,true,12662,7012,19.076,23.886
glyph16:U+002D,glyph16,numeric-first,119,5000,133,133,0.000000,1086,2841,1.616022,117,267,19137,30503,8,8,964,2527,Quiesced,ClassCap,false,true,55504,2890,49.533,250.159
glyph16:U+002E,glyph16,numeric-first,1855,5000,2847,2847,0.000000,4757,4744,-0.002733,1609,1527,5465,5468,2,2,3147,3137,ClassCap,ClassCap,true,true,13339,7035,19.259,24.560
glyph16:U+002F,glyph16,numeric-first,127,5000,138,124,-0.101449,2643,3002,0.135830,253,266,21855,26533,6,7,2375,2663,ClassCap,ClassCap,true,true,57038,2829,136.310,239.629
glyph16:U+0030,glyph16,numeric-first,5402,5000,9438,9438,0.000000,5000,5000,0.000000,3053,3052,2134,2151,1,1,1939,1948,ClassCap,ClassCap,true,true,3954,8685,14.632,15.803
glyph16:U+0031,glyph16,numeric-first,1452,5000,2510,2510,0.000000,4661,4636,-0.005364,1444,1319,5773,5765,2,2,3212,3195,ClassCap,ClassCap,true,true,13475,6030,18.553,23.990
glyph16:U+0032,glyph16,numeric-first,3891,5000,7151,7151,0.000000,4922,4921,-0.000203,2226,2226,2948,2948,1,1,2696,2695,ClassCap,ClassCap,true,true,9433,7211,13.666,16.358
glyph16:U+0033,glyph16,numeric-first,6993,5000,12149,12149,0.000000,5000,5000,0.000000,3694,3694,1473,1473,1,1,1306,1306,ClassCap,ClassCap,true,true,2947,9155,15.695,16.601
glyph16:U+0034,glyph16,numeric-first,1637,5000,2735,2735,0.000000,4714,4687,-0.005728,1577,1461,5668,5662,2,2,3133,3112,ClassCap,ClassCap,true,true,14513,6522,19.086,24.886
glyph16:U+0035,glyph16,numeric-first,4546,5000,8358,8358,0.000000,4999,4999,0.000000,2524,2524,2711,2711,1,1,2475,2475,ClassCap,ClassCap,true,true,7283,7856,14.125,16.325
glyph16:U+0036,glyph16,numeric-first,8067,5000,14024,14024,0.000000,5000,5000,0.000000,3970,3970,1081,1081,1,1,1030,1030,ClassCap,ClassCap,true,true,2503,9251,15.795,16.503
glyph16:U+0037,glyph16,numeric-first,191,5000,278,236,-0.151079,2579,2862,0.109732,273,293,17252,22601,5,6,2292,2502,ClassCap,ClassCap,true,true,53738,2435,77.939,151.780
glyph16:U+0038,glyph16,numeric-first,9774,5000,17316,17316,0.000000,5000,5000,0.000000,4337,4337,665,665,1,1,663,663,ClassCap,ClassCap,true,true,1358,9436,16.148,16.474
glyph16:U+0039,glyph16,numeric-first,8267,5000,14331,14331,0.000000,5000,5000,0.000000,4014,4014,1017,1017,1,1,986,986,ClassCap,ClassCap,true,true,2424,9246,15.362,16.164
glyph16:U+003A,glyph16,numeric-first,3655,5000,6064,6080,0.002639,4996,4994,-0.000400,2075,2074,3770,3775,2,2,2919,2917,ClassCap,ClassCap,true,true,13400,7405,24.383,28.074
glyph16:U+003B,glyph16,numeric-first,3494,5000,5913,5914,0.000169,4995,4994,-0.000200,2055,2057,3833,3857,2,2,2934,2934,ClassCap,ClassCap,true,true,12847,7385,24.060,27.663
glyph16:U+003C,glyph16,numeric-first,295,5000,490,490,0.000000,2951,3221,0.091494,405,468,13125,12434,4,4,2539,2672,ClassCap,ClassCap,true,true,26899,3230,45.846,54.244
glyph16:U+003D,glyph16,numeric-first,183,5000,231,231,0.000000,1586,2546,0.605296,172,248,22719,20630,7,6,1409,2234,Quiesced,ClassCap,false,true,37003,2244,56.347,103.084
glyph16:U+003E,glyph16,numeric-first,295,5000,495,495,0.000000,2961,3235,0.092536,406,470,13141,12442,4,4,2548,2683,ClassCap,ClassCap,true,true,27726,3246,47.890,55.495
glyph16:U+003F,glyph16,numeric-first,6716,5000,11563,11563,0.000000,5000,5000,0.000000,3543,3543,1642,1642,1,1,1457,1457,ClassCap,ClassCap,true,true,3194,9189,15.647,16.422
glyph16:U+0040,glyph16,numeric-first,12056,5000,23527,23527,0.000000,5226,5226,0.000000,5226,5226,0,0,0,0,0,0,ClassCap,ClassCap,true,true,0,9757,1.808,1.736
glyph16:U+0041,glyph16,numeric-first,1605,5000,2642,2642,0.000000,4687,4662,-0.005334,1511,1393,5696,5692,2,2,3172,3157,ClassCap,ClassCap,true,true,13392,6321,18.620,23.943
glyph16:U+0042,glyph16,numeric-first,4470,5000,8183,8183,0.000000,5000,5000,0.000000,2486,2486,2761,2761,1,1,2514,2514,ClassCap,ClassCap,true,true,7986,7828,14.281,16.661
glyph16:U+0043,glyph16,numeric-first,5129,5000,8908,8908,0.000000,5000,5000,0.000000,2898,2898,2308,2316,1,1,2098,2102,ClassCap,ClassCap,true,true,4610,8510,14.447,15.729
glyph16:U+0044,glyph16,numeric-first,2606,5000,4342,4342,0.000000,4928,4927,-0.000203,1881,1870,4765,4761,2,2,3041,3038,ClassCap,ClassCap,true,true,14802,7451,22.679,27.510
glyph16:U+0045,glyph16,numeric-first,247,5000,335,321,-0.041791,2310,2639,0.142424,275,313,11780,16615,4,5,2023,2252,ClassCap,ClassCap,true,true,23187,2370,37.375,62.677
glyph16:U+0046,glyph16,numeric-first,215,5000,285,272,-0.045614,2417,2279,-0.057096,260,259,17313,15084,5,5,2145,1954,ClassCap,ClassCap,true,true,20473,1945,65.037,56.210
glyph16:U+0047,glyph16,numeric-first,4563,5000,8485,8485,0.000000,5000,5000,0.000000,2558,2558,2674,2674,1,1,2442,2442,ClassCap,ClassCap,true,true,6377,7905,14.319,16.247
glyph16:U+0048,glyph16,numeric-first,247,5000,314,302,-0.038217,2268,2609,0.150353,268,304,11259,16194,4,5,1988,2239,ClassCap,ClassCap,true,true,24329,2381,35.556,64.861
glyph16:U+0049,glyph16,numeric-first,391,5000,626,588,-0.060703,2687,3636,0.353182,456,525,7729,13668,3,4,2221,3013,ClassCap,ClassCap,true,true,28314,3702,21.576,58.876
glyph16:U+004A,glyph16,numeric-first,2425,5000,4025,4025,0.000000,4911,4913,0.000407,1842,1823,4896,4892,2,2,3068,3066,ClassCap,ClassCap,true,true,13515,7418,22.313,26.811
glyph16:U+004B,glyph16,numeric-first,617,5000,1059,1059,0.000000,4242,4284,0.009901,920,954,10438,10010,3,3,3307,3234,ClassCap,ClassCap,true,true,18674,5458,29.955,34.976
glyph16:U+004C,glyph16,numeric-first,151,5000,185,174,-0.059459,2535,2834,0.117949,234,270,27816,32246,7,8,2288,2505,ClassCap,ClassCap,true,true,55487,2705,186.502,266.942
glyph16:U+004D,glyph16,numeric-first,2345,5000,4149,4149,0.000000,4898,4898,0.000000,1847,1818,5006,4986,2,2,3041,3038,ClassCap,ClassCap,true,true,19543,7149,22.023,28.716
glyph16:U+004E,glyph16,numeric-first,1399,5000,2421,2421,0.000000,4689,4665,-0.005118,1516,1401,5813,5805,2,2,3169,3149,ClassCap,ClassCap,true,true,13718,6426,18.546,24.289
glyph16:U+004F,glyph16,numeric-first,5945,5000,10175,10175,0.000000,5000,5000,0.000000,3212,3212,1978,1978,1,1,1788,1788,ClassCap,ClassCap,true,true,3455,9149,14.952,15.911
glyph16:U+0050,glyph16,numeric-first,2409,5000,4014,4014,0.000000,4908,4905,-0.000611,1876,1836,4864,4869,2,2,3030,3025,ClassCap,ClassCap,true,true,14689,7393,21.888,26.852
glyph16:U+0051,glyph16,numeric-first,6053,5000,10158,10158,0.000000,5000,5000,0.000000,3248,3248,1942,1942,1,1,1752,1752,ClassCap,ClassCap,true,true,3396,9123,14.932,16.072
glyph16:U+0052,glyph16,numeric-first,2710,5000,4555,4555,0.000000,4938,4939,0.000203,1896,1883,4711,4706,2,2,3040,3036,ClassCap,ClassCap,true,true,15213,7370,22.497,27.988
glyph16:U+0053,glyph16,numeric-first,7616,5000,13131,13131,0.000000,5000,5000,0.000000,3862,3862,1231,1231,1,1,1138,1138,ClassCap,ClassCap,true,true,2682,9219,15.802,16.478
glyph16:U+0054,glyph16,numeric-first,183,5000,227,216,-0.048458,2468,2679,0.085494,233,260,22273,26972,6,7,2222,2353,ClassCap,ClassCap,true,true,47899,2387,112.499,184.707
glyph16:U+0055,glyph16,numeric-first,2899,5000,4861,4861,0.000000,4956,4956,0.000000,1911,1898,4481,4481,2,2,3044,3042,ClassCap,ClassCap,true,true,14132,7361,23.163,27.717
glyph16:U+0056,glyph16,numeric-first,1573,5000,2607,2607,0.000000,4737,4711,-0.005489,1565,1465,5619,5620,2,2,3168,3152,ClassCap,ClassCap,true,true,13032,6728,18.743,24.017
glyph16:U+0057,glyph16,numeric-first,7232,5000,12755,12755,0.000000,5000,5000,0.000000,3792,3794,1321,1330,1,1,1204,1206,ClassCap,ClassCap,true,true,2621,9211,15.728,16.326
glyph16:U+0058,glyph16,numeric-first,343,5000,612,598,-0.022876,3831,3738,-0.024276,560,567,15046,13647,4,4,3241,3075,ClassCap,ClassCap,true,true,40057,3765,63.125,69.696
glyph16:U+0059,glyph16,numeric-first,263,5000,413,377,-0.087167,2903,2746,-0.054082,414,397,12402,10954,4,4,2469,2258,ClassCap,ClassCap,true,true,18188,2721,45.989,41.892
glyph16:U+005A,glyph16,numeric-first,255,5000,393,379,-0.035623,2603,2527,-0.029197,339,348,12339,10853,4,4,2250,2099,ClassCap,ClassCap,true,true,17317,2446,45.181,40.041
glyph16:U+005B,glyph16,numeric-first,183,5000,234,234,0.000000,1592,2552,0.603015,175,251,22796,20689,7,6,1412,2237,Quiesced,ClassCap,false,true,37015,2250,56.644,102.274
glyph16:U+005C,glyph16,numeric-first,127,5000,138,124,-0.101449,2643,3002,0.135830,253,266,21855,26533,6,7,2375,2663,ClassCap,ClassCap,true,true,57038,2829,136.797,239.837
glyph16:U+005D,glyph16,numeric-first,183,5000,244,244,0.000000,1588,2548,0.604534,177,253,22642,20565,7,6,1406,2231,Quiesced,ClassCap,false,true,37063,2254,56.654,103.278
glyph16:U+005E,glyph16,numeric-first,199,5000,299,299,0.000000,3541,2975,-0.159842,533,348,17676,16766,5,5,3001,2571,ClassCap,ClassCap,true,true,52924,2713,65.300,104.255
glyph16:U+005F,glyph16,numeric-first,119,5000,129,129,0.000000,2383,2268,-0.048258,247,217,14535,22729,5,7,2125,2000,ClassCap,ClassCap,true,true,36724,2234,71.869,170.418
glyph16:U+0060,glyph16,numeric-first,1722,5000,2784,2784,0.000000,4769,4761,-0.001678,1657,1605,5501,5505,2,2,3107,3104,ClassCap,ClassCap,true,true,12248,7220,19.503,24.489
glyph16:U+0061,glyph16,numeric-first,5743,5000,10050,10050,0.000000,5000,5000,0.000000,3224,3224,1982,1982,1,1,1776,1776,ClassCap,ClassCap,true,true,3751,9051,14.918,15.521
glyph16:U+0062,glyph16,numeric-first,5129,5000,8916,8916,0.000000,5000,5000,0.000000,2894,2894,2330,2330,1,1,2106,2106,ClassCap,ClassCap,true,true,4574,8492,14.546,16.085
glyph16:U+0063,glyph16,numeric-first,4671,5000,8111,8111,0.000000,5000,5000,0.000000,2593,2593,2623,2631,1,1,2403,2407,ClassCap,ClassCap,true,true,5259,8053,14.350,15.769
glyph16:U+0064,glyph16,numeric-first,5864,5000,10178,10178,0.000000,5000,5000,0.000000,3246,3246,1946,1946,1,1,1754,1754,ClassCap,ClassCap,true,true,3683,9085,14.828,15.916
glyph16:U+0065,glyph16,numeric-first,4872,5000,8442,8442,0.000000,5000,5000,0.000000,2712,2712,2506,2506,1,1,2288,2288,ClassCap,ClassCap,true,true,5030,8211,14.295,15.877
glyph16:U+0066,glyph16,numeric-first,2364,5000,3959,3959,0.000000,4898,4890,-0.001633,1862,1813,4962,4955,2,2,3034,3024,ClassCap,ClassCap,true,true,15431,7281,21.742,27.255
glyph16:U+0067,glyph16,numeric-first,7009,5000,12167,12167,0.000000,5000,5000,0.000000,3688,3688,1478,1478,1,1,1312,1312,ClassCap,ClassCap,true,true,2944,9174,15.827,16.548
glyph16:U+0068,glyph16,numeric-first,2931,5000,4915,4914,-0.000203,4952,4955,0.000606,1895,1886,4544,4536,2,2,3051,3049,ClassCap,ClassCap,true,true,15514,7280,23.301,28.396
glyph16:U+0069,glyph16,numeric-first,2123,5000,3510,3510,0.000000,4824,4808,-0.003317,1760,1706,5343,5342,2,2,3062,3049,ClassCap,ClassCap,true,true,15094,7216,20.522,26.020
glyph16:U+006A,glyph16,numeric-first,4293,5000,7639,7639,0.000000,4988,4988,0.000000,2328,2328,2912,2912,1,1,2660,2660,ClassCap,ClassCap,true,true,9862,7508,14.008,16.759
glyph16:U+006B,glyph16,numeric-first,1460,5000,2501,2501,0.000000,4690,4674,-0.003412,1474,1352,5796,5787,2,2,3212,3201,ClassCap,ClassCap,true,true,13284,6166,18.377,23.843
glyph16:U+006C,glyph16,numeric-first,323,5000,503,489,-0.027833,3262,3084,-0.054568,436,437,13910,12267,4,4,2809,2557,ClassCap,ClassCap,true,true,23228,3047,56.108,50.484
glyph16:U+006D,glyph16,numeric-first,5289,5000,9127,9127,0.000000,5000,5000,0.000000,2992,2992,2229,2229,1,1,2008,2008,ClassCap,ClassCap,true,true,4403,8640,14.651,15.971
glyph16:U+006E,glyph16,numeric-first,2264,5000,3764,3764,0.000000,4885,4879,-0.001228,1849,1807,5013,5008,2,2,3034,3026,ClassCap,ClassCap,true,true,14716,7343,21.357,26.598
glyph16:U+006F,glyph16,numeric-first,5716,5000,9686,9686,0.000000,5000,5000,0.000000,3113,3113,2075,2075,1,1,1887,1887,ClassCap,ClassCap,true,true,3809,8795,14.752,15.920
glyph16:U+0070,glyph16,numeric-first,5406,5000,9376,9376,0.000000,5000,5000,0.000000,3056,3056,2155,2155,1,1,1944,1944,ClassCap,ClassCap,true,true,4242,8687,14.618,15.972
glyph16:U+0071,glyph16,numeric-first,5046,5000,8662,8662,0.000000,5000,5000,0.000000,2797,2796,2419,2428,1,1,2199,2204,ClassCap,ClassCap,true,true,4919,8323,14.469,15.989
glyph16:U+0072,glyph16,numeric-first,2456,5000,4162,4162,0.000000,4905,4895,-0.002039,1855,1829,4931,4930,2,2,3048,3038,ClassCap,ClassCap,true,true,15599,7214,22.194,27.683
glyph16:U+0073,glyph16,numeric-first,6929,5000,12031,12031,0.000000,5000,5000,0.000000,3647,3645,1528,1542,1,1,1349,1355,ClassCap,ClassCap,true,true,3105,9166,15.763,16.564
glyph16:U+0074,glyph16,numeric-first,2421,5000,4121,4121,0.000000,4907,4908,0.000204,1863,1844,4894,4893,2,2,3043,3041,ClassCap,ClassCap,true,true,14143,7363,22.074,26.861
glyph16:U+0075,glyph16,numeric-first,2493,5000,4156,4156,0.000000,4912,4914,0.000407,1875,1856,4813,4811,2,2,3036,3035,ClassCap,ClassCap,true,true,13759,7424,22.022,26.747
glyph16:U+0076,glyph16,numeric-first,1115,5000,1764,1764,0.000000,4264,4254,-0.002345,1135,1066,5800,5795,2,2,3115,3109,ClassCap,ClassCap,true,true,11833,5377,15.828,20.909
glyph16:U+0077,glyph16,numeric-first,3663,5000,6788,6788,0.000000,4808,4808,0.000000,2175,2175,2912,2912,1,1,2633,2633,ClassCap,ClassCap,true,true,8349,7015,13.275,15.638
glyph16:U+0078,glyph16,numeric-first,343,5000,599,562,-0.061770,3854,3740,-0.029580,566,560,14892,13448,4,4,3258,3072,ClassCap,ClassCap,true,true,38432,3754,61.747,67.448
glyph16:U+0079,glyph16,numeric-first,3530,5000,6494,6494,0.000000,4706,4701,-0.001062,2143,2144,2834,2828,1,1,2559,2557,ClassCap,ClassCap,true,true,8660,6905,12.962,15.388
glyph16:U+007A,glyph16,numeric-first,255,5000,393,379,-0.035623,2604,2528,-0.029186,340,349,12338,10853,4,4,2250,2099,ClassCap,ClassCap,true,true,17317,2446,45.162,39.905
glyph16:U+007B,glyph16,numeric-first,4598,5000,7947,7947,0.000000,5000,5000,0.000000,2567,2566,2656,2674,1,1,2425,2434,ClassCap,ClassCap,true,true,5252,7959,14.256,15.846
glyph16:U+007C,glyph16,numeric-first,119,5000,133,133,0.000000,1085,2431,1.240553,112,232,16006,22949,7,7,968,2151,Quiesced,ClassCap,false,true,41889,2327,43.575,155.354
glyph16:U+007D,glyph16,numeric-first,4598,5000,7957,7957,0.000000,5000,5000,0.000000,2555,2555,2682,2690,1,1,2441,2445,ClassCap,ClassCap,true,true,5292,7959,14.232,15.864
glyph16:U+007E,glyph16,numeric-first,5093,5000,8784,8784,0.000000,5000,5000,0.000000,2866,2866,2341,2349,1,1,2130,2134,ClassCap,ClassCap,true,true,4480,8520,14.606,15.833
glyph32:U+0020,glyph32,numeric-first,1,500,0,0,0.000000,1,1,0.000000,1,1,0,0,1,1,0,0,Quiesced,Quiesced,false,false,0,0,0.007,0.006
glyph32:U+0021,glyph32,numeric-first,1927,5000,3092,3092,0.000000,4791,4781,-0.002087,1705,1654,5395,5397,2,2,3085,3079,ClassCap,ClassCap,true,true,13389,7373,19.785,24.842
glyph32:U+0022,glyph32,numeric-first,199,5000,290,233,-0.196552,3552,2951,-0.169200,509,316,17452,15898,5,5,3036,2518,ClassCap,ClassCap,true,true,43583,2549,62.543,93.019
glyph32:U+0023,glyph32,numeric-first,615,5000,1014,1014,0.000000,3610,3544,-0.018283,668,676,9407,8815,3,3,2927,2758,ClassCap,ClassCap,true,true,21267,3639,28.596,33.571
glyph32:U+0024,glyph32,numeric-first,7185,5000,12442,12442,0.000000,5000,5000,0.000000,3770,3770,1360,1360,1,1,1230,1230,ClassCap,ClassCap,true,true,2826,9168,15.699,16.512
glyph32:U+0025,glyph32,numeric-first,7327,5000,12001,12001,0.000000,5000,5000,0.000000,3626,3626,1544,1544,1,1,1374,1374,ClassCap,ClassCap,true,true,2666,9341,15.766,16.490
glyph32:U+0026,glyph32,numeric-first,9420,5000,16661,16661,0.000000,5000,5000,0.000000,4265,4265,740,740,1,1,735,735,ClassCap,ClassCap,true,true,1464,9403,15.850,16.094
glyph32:U+0027,glyph32,numeric-first,127,5000,137,137,0.000000,4094,2711,-0.337811,744,254,21184,19359,6,6,3343,2383,ClassCap,ClassCap,true,true,45792,2434,117.579,130.355
glyph32:U+0028,glyph32,numeric-first,1855,5000,3012,3012,0.000000,4791,4777,-0.002922,1721,1657,5346,5350,2,2,3069,3057,ClassCap,ClassCap,true,true,12853,7325,19.633,24.357
glyph32:U+0029,glyph32,numeric-first,1855,5000,3016,3016,0.000000,4792,4782,-0.002087,1725,1664,5341,5343,2,2,3066,3057,ClassCap,ClassCap,true,true,12827,7344,19.547,24.420
glyph32:U+002A,glyph32,numeric-first,559,5000,1135,1135,0.000000,3881,3993,0.028859,809,825,9683,9274,3,3,3054,3060,ClassCap,ClassCap,true,true,23401,4265,23.895,34.823
glyph32:U+002B,glyph32,numeric-first,247,5000,319,319,0.000000,2060,2796,0.357282,254,332,10626,16797,4,5,1803,2403,ClassCap,ClassCap,true,true,30714,2634,29.030,74.928
glyph32:U+002C,glyph32,numeric-first,1694,5000,2738,2738,0.000000,4759,4745,-0.002942,1630,1546,5418,5419,2,2,3124,3117,ClassCap,ClassCap,true,true,12662,7012,19.005,24.023
glyph32:U+002D,glyph32,numeric-first,119,5000,133,133,0.000000,1085,2840,1.617512,116,266,19137,30505,8,8,964,2527,Quiesced,ClassCap,false,true,55504,2890,49.630,250.141
glyph32:U+002E,glyph32,numeric-first,1855,5000,2847,2847,0.000000,4757,4744,-0.002733,1609,1527,5465,5468,2,2,3147,3137,ClassCap,ClassCap,true,true,13339,7035,19.087,24.204
glyph32:U+002F,glyph32,numeric-first,127,5000,138,124,-0.101449,2643,3002,0.135830,253,266,21855,26533,6,7,2375,2663,ClassCap,ClassCap,true,true,57038,2829,136.013,240.002
glyph32:U+0030,glyph32,numeric-first,5402,5000,9438,9438,0.000000,5000,5000,0.000000,3053,3052,2134,2151,1,1,1939,1948,ClassCap,ClassCap,true,true,3954,8685,14.713,16.025
glyph32:U+0031,glyph32,numeric-first,1452,5000,2510,2510,0.000000,4661,4636,-0.005364,1444,1319,5773,5765,2,2,3212,3195,ClassCap,ClassCap,true,true,13475,6030,18.591,23.895
glyph32:U+0032,glyph32,numeric-first,3891,5000,7151,7151,0.000000,4922,4921,-0.000203,2226,2226,2948,2948,1,1,2696,2695,ClassCap,ClassCap,true,true,9433,7211,13.645,16.342
glyph32:U+0033,glyph32,numeric-first,6993,5000,12149,12149,0.000000,5000,5000,0.000000,3694,3694,1473,1473,1,1,1306,1306,ClassCap,ClassCap,true,true,2947,9155,15.651,16.505
glyph32:U+0034,glyph32,numeric-first,1637,5000,2735,2735,0.000000,4714,4687,-0.005728,1577,1461,5668,5662,2,2,3133,3112,ClassCap,ClassCap,true,true,14513,6522,18.940,24.880
glyph32:U+0035,glyph32,numeric-first,4546,5000,8358,8358,0.000000,4999,4999,0.000000,2524,2524,2711,2711,1,1,2475,2475,ClassCap,ClassCap,true,true,7283,7856,14.198,16.209
glyph32:U+0036,glyph32,numeric-first,8067,5000,14024,14024,0.000000,5000,5000,0.000000,3970,3970,1081,1081,1,1,1030,1030,ClassCap,ClassCap,true,true,2503,9251,15.799,16.399
glyph32:U+0037,glyph32,numeric-first,191,5000,278,236,-0.151079,2578,2861,0.109775,272,292,17253,22603,5,6,2292,2502,ClassCap,ClassCap,true,true,53738,2435,77.905,151.748
glyph32:U+0038,glyph32,numeric-first,9774,5000,17316,17316,0.000000,5000,5000,0.000000,4337,4337,665,665,1,1,663,663,ClassCap,ClassCap,true,true,1358,9436,16.241,16.472
glyph32:U+0039,glyph32,numeric-first,8267,5000,14331,14331,0.000000,5000,5000,0.000000,4014,4014,1017,1017,1,1,986,986,ClassCap,ClassCap,true,true,2424,9246,15.519,16.159
glyph32:U+003A,glyph32,numeric-first,3655,5000,6064,6080,0.002639,4996,4994,-0.000400,2075,2074,3770,3775,2,2,2919,2917,ClassCap,ClassCap,true,true,13400,7405,24.458,27.881
glyph32:U+003B,glyph32,numeric-first,3494,5000,5913,5914,0.000169,4995,4994,-0.000200,2055,2057,3833,3857,2,2,2934,2934,ClassCap,ClassCap,true,true,12847,7385,24.088,27.795
glyph32:U+003C,glyph32,numeric-first,295,5000,490,490,0.000000,2952,3222,0.091463,406,469,13125,12434,4,4,2539,2672,ClassCap,ClassCap,true,true,26899,3230,45.809,54.266
glyph32:U+003D,glyph32,numeric-first,183,5000,231,231,0.000000,1586,2546,0.605296,172,248,22719,20630,7,6,1409,2234,Quiesced,ClassCap,false,true,37003,2244,56.365,103.039
glyph32:U+003E,glyph32,numeric-first,295,5000,495,495,0.000000,2962,3236,0.092505,407,471,13140,12442,4,4,2548,2683,ClassCap,ClassCap,true,true,27726,3246,47.642,55.494
glyph32:U+003F,glyph32,numeric-first,6716,5000,11563,11563,0.000000,5000,5000,0.000000,3543,3543,1642,1642,1,1,1457,1457,ClassCap,ClassCap,true,true,3194,9189,15.590,16.417
glyph32:U+0040,glyph32,numeric-first,12056,5000,23527,23527,0.000000,5226,5226,0.000000,5226,5226,0,0,0,0,0,0,ClassCap,ClassCap,true,true,0,9757,1.738,1.712
glyph32:U+0041,glyph32,numeric-first,1605,5000,2642,2642,0.000000,4687,4662,-0.005334,1511,1393,5696,5692,2,2,3172,3157,ClassCap,ClassCap,true,true,13392,6321,18.468,24.065
glyph32:U+0042,glyph32,numeric-first,4470,5000,8183,8183,0.000000,5000,5000,0.000000,2486,2486,2761,2761,1,1,2514,2514,ClassCap,ClassCap,true,true,7986,7828,14.331,16.636
glyph32:U+0043,glyph32,numeric-first,5129,5000,8908,8908,0.000000,5000,5000,0.000000,2898,2898,2308,2316,1,1,2098,2102,ClassCap,ClassCap,true,true,4610,8510,14.449,16.047
glyph32:U+0044,glyph32,numeric-first,2606,5000,4342,4342,0.000000,4928,4927,-0.000203,1881,1870,4765,4761,2,2,3041,3038,ClassCap,ClassCap,true,true,14802,7451,22.637,27.320
glyph32:U+0045,glyph32,numeric-first,247,5000,335,321,-0.041791,2309,2638,0.142486,274,312,11780,16615,4,5,2023,2252,ClassCap,ClassCap,true,true,23187,2370,37.397,62.876
glyph32:U+0046,glyph32,numeric-first,215,5000,285,272,-0.045614,2416,2278,-0.057119,259,258,17313,15085,5,5,2145,1954,ClassCap,ClassCap,true,true,20473,1945,64.673,56.081
glyph32:U+0047,glyph32,numeric-first,4563,5000,8485,8485,0.000000,5000,5000,0.000000,2558,2558,2674,2674,1,1,2442,2442,ClassCap,ClassCap,true,true,6377,7905,14.255,16.091
glyph32:U+0048,glyph32,numeric-first,247,5000,314,302,-0.038217,2267,2608,0.150419,267,303,11260,16195,4,5,1988,2239,ClassCap,ClassCap,true,true,24329,2381,36.092,65.021
glyph32:U+0049,glyph32,numeric-first,391,5000,626,588,-0.060703,2687,3635,0.352810,456,524,7729,13669,3,4,2221,3013,ClassCap,ClassCap,true,true,28314,3702,21.541,58.993
glyph32:U+004A,glyph32,numeric-first,2425,5000,4025,4025,0.000000,4911,4913,0.000407,1842,1823,4896,4892,2,2,3068,3066,ClassCap,ClassCap,true,true,13515,7418,22.360,26.843
glyph32:U+004B,glyph32,numeric-first,617,5000,1059,1059,0.000000,4242,4284,0.009901,920,954,10438,10010,3,3,3307,3234,ClassCap,ClassCap,true,true,18674,5458,29.865,35.050
glyph32:U+004C,glyph32,numeric-first,151,5000,185,174,-0.059459,2535,2833,0.117554,233,269,27817,32247,7,8,2289,2505,ClassCap,ClassCap,true,true,55487,2705,186.005,266.731
glyph32:U+004D,glyph32,numeric-first,2345,5000,4149,4149,0.000000,4898,4898,0.000000,1847,1818,5006,4986,2,2,3041,3038,ClassCap,ClassCap,true,true,19543,7149,22.027,28.714
glyph32:U+004E,glyph32,numeric-first,1399,5000,2421,2421,0.000000,4689,4665,-0.005118,1516,1401,5813,5805,2,2,3169,3149,ClassCap,ClassCap,true,true,13718,6426,18.628,24.301
glyph32:U+004F,glyph32,numeric-first,5945,5000,10175,10175,0.000000,5000,5000,0.000000,3212,3212,1978,1978,1,1,1788,1788,ClassCap,ClassCap,true,true,3455,9149,14.940,15.905
glyph32:U+0050,glyph32,numeric-first,2409,5000,4014,4014,0.000000,4908,4905,-0.000611,1876,1836,4864,4869,2,2,3030,3025,ClassCap,ClassCap,true,true,14689,7393,21.800,26.959
glyph32:U+0051,glyph32,numeric-first,6053,5000,10158,10158,0.000000,5000,5000,0.000000,3248,3248,1942,1942,1,1,1752,1752,ClassCap,ClassCap,true,true,3396,9123,15.067,15.854
glyph32:U+0052,glyph32,numeric-first,2710,5000,4555,4555,0.000000,4938,4939,0.000203,1896,1883,4711,4706,2,2,3040,3036,ClassCap,ClassCap,true,true,15213,7370,22.812,27.926
glyph32:U+0053,glyph32,numeric-first,7616,5000,13131,13131,0.000000,5000,5000,0.000000,3862,3862,1231,1231,1,1,1138,1138,ClassCap,ClassCap,true,true,2682,9219,15.797,16.410
glyph32:U+0054,glyph32,numeric-first,183,5000,227,216,-0.048458,2467,2678,0.085529,232,259,22273,26973,6,7,2222,2353,ClassCap,ClassCap,true,true,47899,2387,112.529,184.565
glyph32:U+0055,glyph32,numeric-first,2899,5000,4861,4861,0.000000,4956,4956,0.000000,1911,1898,4481,4481,2,2,3044,3042,ClassCap,ClassCap,true,true,14132,7361,23.257,27.856
glyph32:U+0056,glyph32,numeric-first,1573,5000,2607,2607,0.000000,4737,4711,-0.005489,1565,1465,5619,5620,2,2,3168,3152,ClassCap,ClassCap,true,true,13032,6728,18.790,23.998
glyph32:U+0057,glyph32,numeric-first,7232,5000,12755,12755,0.000000,5000,5000,0.000000,3792,3794,1321,1330,1,1,1204,1206,ClassCap,ClassCap,true,true,2621,9211,15.704,16.314
glyph32:U+0058,glyph32,numeric-first,343,5000,612,598,-0.022876,3831,3738,-0.024276,560,567,15046,13647,4,4,3241,3075,ClassCap,ClassCap,true,true,40057,3765,62.873,69.711
glyph32:U+0059,glyph32,numeric-first,263,5000,413,377,-0.087167,2902,2745,-0.054101,413,396,12402,10954,4,4,2469,2258,ClassCap,ClassCap,true,true,18188,2721,46.015,41.809
glyph32:U+005A,glyph32,numeric-first,255,5000,393,379,-0.035623,2602,2525,-0.029593,338,347,12340,10854,4,4,2250,2098,ClassCap,ClassCap,true,true,17317,2446,45.102,39.884
glyph32:U+005B,glyph32,numeric-first,183,5000,234,234,0.000000,1592,2552,0.603015,175,251,22796,20689,7,6,1412,2237,Quiesced,ClassCap,false,true,37015,2250,56.594,103.259
glyph32:U+005C,glyph32,numeric-first,127,5000,138,124,-0.101449,2643,3002,0.135830,253,266,21855,26533,6,7,2375,2663,ClassCap,ClassCap,true,true,57038,2829,136.656,239.757
glyph32:U+005D,glyph32,numeric-first,183,5000,244,244,0.000000,1588,2548,0.604534,177,253,22642,20565,7,6,1406,2231,Quiesced,ClassCap,false,true,37063,2254,56.517,103.269
glyph32:U+005E,glyph32,numeric-first,199,5000,299,299,0.000000,3541,2975,-0.159842,533,348,17676,16766,5,5,3001,2571,ClassCap,ClassCap,true,true,52924,2713,65.261,104.285
glyph32:U+005F,glyph32,numeric-first,119,5000,129,129,0.000000,2383,2268,-0.048258,247,217,14535,22729,5,7,2125,2000,ClassCap,ClassCap,true,true,36724,2234,72.106,170.340
glyph32:U+0060,glyph32,numeric-first,1722,5000,2784,2784,0.000000,4769,4761,-0.001678,1657,1605,5501,5505,2,2,3107,3104,ClassCap,ClassCap,true,true,12248,7220,19.608,24.191
glyph32:U+0061,glyph32,numeric-first,5743,5000,10050,10050,0.000000,5000,5000,0.000000,3224,3224,1982,1982,1,1,1776,1776,ClassCap,ClassCap,true,true,3751,9051,14.905,15.965
glyph32:U+0062,glyph32,numeric-first,5129,5000,8916,8916,0.000000,5000,5000,0.000000,2894,2894,2330,2330,1,1,2106,2106,ClassCap,ClassCap,true,true,4574,8492,14.462,15.886
glyph32:U+0063,glyph32,numeric-first,4671,5000,8111,8111,0.000000,5000,5000,0.000000,2593,2593,2623,2631,1,1,2403,2407,ClassCap,ClassCap,true,true,5259,8053,14.123,15.901
glyph32:U+0064,glyph32,numeric-first,5864,5000,10178,10178,0.000000,5000,5000,0.000000,3246,3246,1946,1946,1,1,1754,1754,ClassCap,ClassCap,true,true,3683,9085,14.975,15.838
glyph32:U+0065,glyph32,numeric-first,4872,5000,8442,8442,0.000000,5000,5000,0.000000,2712,2712,2506,2506,1,1,2288,2288,ClassCap,ClassCap,true,true,5030,8211,14.296,15.880
glyph32:U+0066,glyph32,numeric-first,2364,5000,3959,3959,0.000000,4898,4890,-0.001633,1862,1813,4962,4955,2,2,3034,3024,ClassCap,ClassCap,true,true,15431,7281,21.722,27.092
glyph32:U+0067,glyph32,numeric-first,7009,5000,12167,12167,0.000000,5000,5000,0.000000,3688,3688,1478,1478,1,1,1312,1312,ClassCap,ClassCap,true,true,2944,9174,15.773,16.468
glyph32:U+0068,glyph32,numeric-first,2931,5000,4915,4914,-0.000203,4952,4955,0.000606,1895,1886,4544,4536,2,2,3051,3049,ClassCap,ClassCap,true,true,15514,7280,23.316,28.166
glyph32:U+0069,glyph32,numeric-first,2123,5000,3510,3510,0.000000,4824,4808,-0.003317,1760,1706,5343,5342,2,2,3062,3049,ClassCap,ClassCap,true,true,15094,7216,20.599,26.003
glyph32:U+006A,glyph32,numeric-first,4293,5000,7639,7639,0.000000,4988,4988,0.000000,2328,2328,2912,2912,1,1,2660,2660,ClassCap,ClassCap,true,true,9862,7508,13.953,16.499
glyph32:U+006B,glyph32,numeric-first,1460,5000,2501,2501,0.000000,4690,4674,-0.003412,1474,1352,5796,5787,2,2,3212,3201,ClassCap,ClassCap,true,true,13284,6166,18.592,24.133
glyph32:U+006C,glyph32,numeric-first,323,5000,503,489,-0.027833,3263,3085,-0.054551,437,438,13910,12267,4,4,2809,2557,ClassCap,ClassCap,true,true,23228,3047,55.821,50.387
glyph32:U+006D,glyph32,numeric-first,5289,5000,9127,9127,0.000000,5000,5000,0.000000,2992,2992,2229,2229,1,1,2008,2008,ClassCap,ClassCap,true,true,4403,8640,14.518,15.858
glyph32:U+006E,glyph32,numeric-first,2264,5000,3764,3764,0.000000,4885,4879,-0.001228,1849,1807,5013,5008,2,2,3034,3026,ClassCap,ClassCap,true,true,14716,7343,21.389,26.563
glyph32:U+006F,glyph32,numeric-first,5716,5000,9686,9686,0.000000,5000,5000,0.000000,3113,3113,2075,2075,1,1,1887,1887,ClassCap,ClassCap,true,true,3809,8795,14.807,15.860
glyph32:U+0070,glyph32,numeric-first,5406,5000,9376,9376,0.000000,5000,5000,0.000000,3056,3056,2155,2155,1,1,1944,1944,ClassCap,ClassCap,true,true,4242,8687,14.692,15.882
glyph32:U+0071,glyph32,numeric-first,5046,5000,8662,8662,0.000000,5000,5000,0.000000,2797,2796,2419,2428,1,1,2199,2204,ClassCap,ClassCap,true,true,4919,8323,14.366,15.888
glyph32:U+0072,glyph32,numeric-first,2456,5000,4162,4162,0.000000,4905,4895,-0.002039,1855,1829,4931,4930,2,2,3048,3038,ClassCap,ClassCap,true,true,15599,7214,22.289,27.665
glyph32:U+0073,glyph32,numeric-first,6929,5000,12031,12031,0.000000,5000,5000,0.000000,3647,3645,1528,1542,1,1,1349,1355,ClassCap,ClassCap,true,true,3105,9166,15.779,16.634
glyph32:U+0074,glyph32,numeric-first,2421,5000,4121,4121,0.000000,4907,4908,0.000204,1863,1844,4894,4893,2,2,3043,3041,ClassCap,ClassCap,true,true,14143,7363,22.065,26.892
glyph32:U+0075,glyph32,numeric-first,2493,5000,4156,4156,0.000000,4912,4914,0.000407,1875,1856,4813,4811,2,2,3036,3035,ClassCap,ClassCap,true,true,13759,7424,22.091,26.867
glyph32:U+0076,glyph32,numeric-first,1115,5000,1764,1764,0.000000,4264,4254,-0.002345,1135,1066,5800,5795,2,2,3115,3109,ClassCap,ClassCap,true,true,11833,5377,15.546,20.854
glyph32:U+0077,glyph32,numeric-first,3663,5000,6788,6788,0.000000,4808,4808,0.000000,2175,2175,2912,2912,1,1,2633,2633,ClassCap,ClassCap,true,true,8349,7015,13.241,15.660
glyph32:U+0078,glyph32,numeric-first,343,5000,599,562,-0.061770,3854,3740,-0.029580,566,560,14892,13448,4,4,3258,3072,ClassCap,ClassCap,true,true,38432,3754,61.786,67.671
glyph32:U+0079,glyph32,numeric-first,3530,5000,6494,6494,0.000000,4706,4701,-0.001062,2143,2144,2834,2828,1,1,2559,2557,ClassCap,ClassCap,true,true,8660,6905,13.082,15.487
glyph32:U+007A,glyph32,numeric-first,255,5000,393,379,-0.035623,2604,2528,-0.029186,340,349,12338,10853,4,4,2250,2099,ClassCap,ClassCap,true,true,17317,2446,45.271,39.896
glyph32:U+007B,glyph32,numeric-first,4598,5000,7947,7947,0.000000,5000,5000,0.000000,2567,2566,2656,2674,1,1,2425,2434,ClassCap,ClassCap,true,true,5252,7959,14.129,15.720
glyph32:U+007C,glyph32,numeric-first,119,5000,133,133,0.000000,1084,2430,1.241697,111,231,16006,22949,7,7,968,2151,Quiesced,ClassCap,false,true,41889,2327,43.629,154.740
glyph32:U+007D,glyph32,numeric-first,4598,5000,7957,7957,0.000000,5000,5000,0.000000,2555,2555,2682,2690,1,1,2441,2445,ClassCap,ClassCap,true,true,5292,7959,14.163,15.830
glyph32:U+007E,glyph32,numeric-first,5093,5000,8784,8784,0.000000,5000,5000,0.000000,2866,2866,2341,2349,1,1,2130,2134,ClassCap,ClassCap,true,true,4480,8520,14.505,15.944
psychedelic,psychedelic,numeric-first,102,5000,800,800,0.000000,4938,4928,-0.002025,1267,1228,6765,6737,3,3,3656,3641,ClassCap,ClassCap,true,true,43545,6031,20.341,48.691
shader:cosine_palette,shader,numeric-first,40,2000,296,296,0.000000,1848,1850,0.001082,434,435,3487,3485,4,4,1412,1414,ClassCap,ClassCap,true,true,9234,2667,7.908,12.890
shader:domain_warp_fbm,shader,numeric-first,84,5000,449,445,-0.008909,4792,4794,0.000417,1311,1305,7803,7767,4,4,3480,3480,ClassCap,ClassCap,true,true,15963,7808,23.411,32.588
shader:gyroid_slice,shader,numeric-first,44,2000,938,938,0.000000,814,812,-0.002457,104,104,9893,9867,10,10,710,708,Quiesced,Quiesced,false,false,1318,1514,16.458,17.536
shader:julia_set,shader,numeric-first,122,5000,726,691,-0.048209,3897,3876,-0.005389,572,566,16451,16422,5,5,3310,3290,ClassCap,ClassCap,true,true,9324,5146,29.322,36.400
shader:kaleidoscope_fold,shader,numeric-first,46,2000,554,554,0.000000,130,130,0.000000,57,57,589,589,5,5,73,73,Quiesced,Quiesced,false,false,85,207,1.986,1.983
shader:mandelbrot_distance,shader,numeric-first,152,5000,580,580,0.000000,3685,3773,0.023881,335,319,18751,17844,5,5,3345,3381,ClassCap,ClassCap,true,true,38270,2883,34.731,66.994
shader:metaballs,shader,numeric-first,62,5000,139,139,0.000000,2595,2557,-0.014644,233,239,11782,10885,5,5,2360,2265,ClassCap,ClassCap,true,true,22084,2288,24.898,39.623
shader:plasma,shader,numeric-first,41,2000,363,363,0.000000,1517,1506,-0.007251,326,323,3655,3639,4,4,1191,1183,ClassCap,ClassCap,true,true,3288,2504,8.145,10.311
shader:smooth_min_scene,shader,numeric-first,43,2000,129,129,0.000000,1310,1310,0.000000,156,159,3666,3543,4,4,1153,1133,ClassCap,ClassCap,true,true,4221,1333,6.876,9.789
shader:smoothstep_vignette,shader,numeric-first,64,5000,161,161,0.000000,268,268,0.000000,79,79,1797,1797,6,6,189,189,Quiesced,Quiesced,false,false,316,388,4.424,4.527
shader:star_sdf,shader,numeric-first,66,5000,169,169,0.000000,3629,3651,0.006062,646,654,9307,9244,5,5,2983,2984,ClassCap,ClassCap,true,true,12464,5576,19.258,31.095
shader:torus_slice,shader,numeric-first,42,2000,141,141,0.000000,1259,1258,-0.000794,166,167,6681,6583,7,7,1093,1088,ClassCap,ClassCap,true,true,2558,1887,12.227,14.255
