kernel,group,nodes,tier,arm,prod_stop,prod_cost,prod_applications,prod_iterations,prod_elapsed_ms,anytime_cost_at_100,anytime_cost_at_200,anytime_cost_at_400,anytime_cost_at_800,anytime_cost_at_1600,anytime_cost_at_3200,anytime_cost_at_6400,anytime_cost_at_12800,anytime_ended,anytime_ended_at_apps
cellgrid:80x24_d1,cellgrid,623,classical,production,ClassCap,427,13283,7,66.653,456,456,456,456,456,456,456,447,ApplicationBudget,12806
cellgrid:80x24_d1,cellgrid,623,classical,numeric-first,ClassCap,427,14247,8,75.617,447,449,437,437,427,427,427,427,ApplicationBudget,12812
cellgrid:80x24_d1,cellgrid,623,classical,shuffled(1),ClassCap,427,10318,6,48.104,466,466,456,456,456,456,456,437,ApplicationBudget,12815
cellgrid:80x24_d1,cellgrid,623,classical,shuffled(2),ClassCap,427,16610,8,69.730,437,439,427,427,427,427,427,427,ApplicationBudget,13271
cellgrid:80x24_d1,cellgrid,623,classical,shuffled(3),ClassCap,427,10914,6,53.541,446,446,446,427,427,427,427,427,ApplicationBudget,13376
glyph16:U+0020,glyph16,1,blitz,production,Quiesced,0,0,1,0.008,0,0,0,0,0,0,0,0,Quiesced,0
glyph16:U+0020,glyph16,1,blitz,numeric-first,Quiesced,0,0,1,0.005,0,0,0,0,0,0,0,0,Quiesced,0
glyph16:U+0020,glyph16,1,blitz,shuffled(1),Quiesced,0,0,1,0.005,0,0,0,0,0,0,0,0,Quiesced,0
glyph16:U+0020,glyph16,1,blitz,shuffled(2),Quiesced,0,0,1,0.005,0,0,0,0,0,0,0,0,Quiesced,0
glyph16:U+0020,glyph16,1,blitz,shuffled(3),Quiesced,0,0,1,0.005,0,0,0,0,0,0,0,0,Quiesced,0
glyph16:U+0021,glyph16,1927,classical,production,ClassCap,3063,16081,8,115.268,3613,3613,3573,3567,3397,3310,3032,3052,ApplicationBudget,12823
glyph16:U+0021,glyph16,1927,classical,numeric-first,ClassCap,3026,9636,7,84.017,3373,3333,3231,3237,3075,2997,2989,2980,Quiesced,8305
glyph16:U+0021,glyph16,1927,classical,shuffled(1),ClassCap,3041,14664,8,93.305,3505,3505,3505,3505,3485,3285,3051,2993,Quiesced,11071
glyph16:U+0021,glyph16,1927,classical,shuffled(2),ClassCap,3092,12885,9,99.628,3425,3425,3425,3425,3324,3192,3144,3047,Quiesced,11191
glyph16:U+0021,glyph16,1927,classical,shuffled(3),ClassCap,3094,18532,8,130.977,3505,3505,3505,3505,3485,3468,3354,3333,ApplicationBudget,12870
glyph16:U+0022,glyph16,199,classical,production,Timeout,290,18218,5,206.893,394,374,362,326,297,216,212,212,ApplicationBudget,13491
glyph16:U+0022,glyph16,199,classical,numeric-first,Timeout,214,25416,7,354.523,412,432,420,400,240,234,214,212,ApplicationBudget,12802
glyph16:U+0022,glyph16,199,classical,shuffled(1),Timeout,217,20648,7,284.144,408,372,356,336,306,234,230,217,ApplicationBudget,13765
glyph16:U+0022,glyph16,199,classical,shuffled(2),Timeout,223,21608,7,303.668,390,382,404,502,502,540,545,360,ApplicationBudget,13116
glyph16:U+0022,glyph16,199,classical,shuffled(3),Timeout,292,17250,6,201.627,408,408,408,358,356,313,293,233,ApplicationBudget,13732
glyph16:U+0023,glyph16,615,classical,production,Timeout,965,13623,4,200.088,1194,1144,1102,986,920,776,744,739,ApplicationBudget,12819
glyph16:U+0023,glyph16,615,classical,numeric-first,Timeout,785,20946,6,264.342,1178,1300,1258,1209,1164,1025,993,749,ApplicationBudget,13100
glyph16:U+0023,glyph16,615,classical,shuffled(1),Timeout,735,37818,9,205.411,1194,1194,1194,1144,1098,995,950,811,ApplicationBudget,12936
glyph16:U+0023,glyph16,615,classical,shuffled(2),Timeout,763,23073,8,215.030,1153,1153,1153,1153,1115,1115,1014,951,ApplicationBudget,13683
glyph16:U+0023,glyph16,615,classical,shuffled(3),Timeout,920,17989,5,434.872,1184,1184,1184,1184,1171,1056,1014,965,ApplicationBudget,13715
glyph16:U+0024,glyph16,7185,classical,production,ClassCap,13115,1962,4,51.099,13957,13957,13957,13739,13584,13031,12957,12957,Quiesced,4407
glyph16:U+0024,glyph16,7185,classical,numeric-first,ClassCap,12442,1367,2,27.118,13739,13739,13584,12654,12645,12251,12251,12251,Quiesced,3039
glyph16:U+0024,glyph16,7185,classical,shuffled(1),ClassCap,13198,2035,3,38.949,13357,13357,13357,13357,13357,13357,13198,13198,Quiesced,5983
glyph16:U+0024,glyph16,7185,classical,shuffled(2),ClassCap,12510,1482,3,39.744,13045,13045,13045,13045,13045,12641,12641,12641,Quiesced,2778
glyph16:U+0024,glyph16,7185,classical,shuffled(3),ClassCap,13291,1790,2,27.270,13357,13357,13357,13357,13357,13357,13291,13291,Quiesced,5738
glyph16:U+0025,glyph16,7327,classical,production,ClassCap,12619,2081,4,50.955,13438,13438,13438,13302,13207,13204,12514,12514,Quiesced,6341
glyph16:U+0025,glyph16,7327,classical,numeric-first,ClassCap,12001,1545,2,27.950,13302,13207,13204,12287,11898,11934,11934,11934,Quiesced,3171
glyph16:U+0025,glyph16,7327,classical,shuffled(1),ClassCap,12745,2108,3,38.835,12798,12798,12798,12798,12798,12798,12745,12745,Quiesced,5840
glyph16:U+0025,glyph16,7327,classical,shuffled(2),ClassCap,11988,1761,3,38.967,12526,12526,12526,12526,12526,12074,12074,12074,Quiesced,3044
glyph16:U+0025,glyph16,7327,classical,shuffled(3),ClassCap,12753,1917,2,26.793,12798,12798,12798,12798,12798,12798,12753,12753,Quiesced,5649
glyph16:U+0026,glyph16,9420,classical,production,ClassCap,17979,698,2,28.909,18264,18264,18264,17988,17779,17779,17779,17779,Quiesced,1502
glyph16:U+0026,glyph16,9420,classical,numeric-first,ClassCap,16661,743,2,27.842,17988,17988,17788,17782,16489,16489,16489,16489,Quiesced,1569
glyph16:U+0026,glyph16,9420,classical,shuffled(1),ClassCap,17553,1246,3,41.141,17529,17529,17529,17529,17553,17553,17553,17553,Quiesced,1540
glyph16:U+0026,glyph16,9420,classical,shuffled(2),ClassCap,16804,765,2,29.147,17032,17032,17032,17032,16809,16804,16804,16804,Quiesced,1689
glyph16:U+0026,glyph16,9420,classical,shuffled(3),ClassCap,17488,1222,2,27.656,17529,17529,17529,17529,17488,17488,17488,17488,Quiesced,1516
glyph16:U+0027,glyph16,127,classical,production,Timeout,137,22050,6,377.880,239,225,207,197,182,135,131,131,ApplicationBudget,13255
glyph16:U+0027,glyph16,127,classical,numeric-first,Timeout,133,21540,7,265.186,235,217,207,190,180,146,142,144,ApplicationBudget,13091
glyph16:U+0027,glyph16,127,classical,shuffled(1),Timeout,136,18787,7,208.737,227,238,219,204,194,184,139,135,ApplicationBudget,13414
glyph16:U+0027,glyph16,127,classical,shuffled(2),Timeout,137,19424,7,237.136,227,227,291,283,283,337,337,219,ApplicationBudget,13024
glyph16:U+0027,glyph16,127,classical,shuffled(3),Timeout,143,17056,6,217.061,223,223,223,215,194,184,174,143,ApplicationBudget,13389
glyph16:U+0028,glyph16,1855,classical,production,ClassCap,3051,10896,5,68.210,3541,3541,3501,3501,3317,3253,3243,3039,ApplicationBudget,12812
glyph16:U+0028,glyph16,1855,classical,numeric-first,ClassCap,2987,8221,5,57.459,3301,3261,3165,3181,3029,2981,2981,2977,Quiesced,8323
glyph16:U+0028,glyph16,1855,classical,shuffled(1),ClassCap,3030,11977,6,65.916,3447,3447,3447,3447,3413,3213,2985,2927,Quiesced,11085
glyph16:U+0028,glyph16,1855,classical,shuffled(2),ClassCap,3072,10670,6,64.342,3367,3367,3367,3367,3271,3139,3029,3033,Quiesced,11413
glyph16:U+0028,glyph16,1855,classical,shuffled(3),ClassCap,3078,14907,6,87.737,3447,3447,3447,3447,3427,3401,3277,3254,ApplicationBudget,12816
glyph16:U+0029,glyph16,1855,classical,production,ClassCap,3051,10902,5,68.231,3541,3541,3501,3501,3317,3253,3243,3033,ApplicationBudget,12808
glyph16:U+0029,glyph16,1855,classical,numeric-first,ClassCap,2987,8220,5,57.649,3301,3261,3165,3181,3029,2981,2981,2977,Quiesced,8323
glyph16:U+0029,glyph16,1855,classical,shuffled(1),ClassCap,3040,11763,6,66.046,3447,3447,3447,3447,3413,3213,2985,2908,Quiesced,11057
glyph16:U+0029,glyph16,1855,classical,shuffled(2),ClassCap,3072,10643,6,64.416,3367,3367,3367,3367,3271,3139,3029,3033,Quiesced,11403
glyph16:U+0029,glyph16,1855,classical,shuffled(3),ClassCap,3078,14648,6,87.569,3447,3447,3447,3447,3427,3401,3277,3269,ApplicationBudget,12840
glyph16:U+002A,glyph16,559,classical,production,Timeout,1003,15357,5,277.727,1335,1265,1223,1153,1012,842,786,737,ApplicationBudget,13287
glyph16:U+002A,glyph16,559,classical,numeric-first,Timeout,793,20605,6,200.481,1319,1249,1403,1333,1263,1053,997,747,ApplicationBudget,13840
glyph16:U+002A,glyph16,559,classical,shuffled(1),Timeout,785,21816,6,214.559,1335,1335,1335,1265,1203,1117,1033,785,ApplicationBudget,13045
glyph16:U+002A,glyph16,559,classical,shuffled(2),Timeout,806,17784,8,225.359,1294,1294,1294,1294,1272,1255,1143,1073,ApplicationBudget,12997
glyph16:U+002A,glyph16,559,classical,shuffled(3),Timeout,994,17818,5,383.586,1325,1325,1325,1325,1260,1177,1135,1065,ApplicationBudget,13400
glyph16:U+002B,glyph16,247,classical,production,ClassCap,319,27850,7,74.936,393,388,373,337,345,329,316,319,ApplicationBudget,12985
glyph16:U+002B,glyph16,247,classical,numeric-first,ClassCap,319,28164,7,85.170,396,461,446,442,442,329,320,344,ApplicationBudget,13344
glyph16:U+002B,glyph16,247,classical,shuffled(1),Quiesced,320,27693,11,47.581,392,371,352,343,338,338,338,338,ApplicationBudget,12991
glyph16:U+002B,glyph16,247,classical,shuffled(2),ClassCap,319,22647,7,40.037,369,361,361,376,372,372,328,319,ApplicationBudget,12998
glyph16:U+002B,glyph16,247,classical,shuffled(3),Timeout,319,18881,6,569.522,392,392,387,357,320,320,320,320,ApplicationBudget,13026
glyph16:U+002C,glyph16,1694,classical,production,ClassCap,2770,12649,7,125.399,3264,3264,3224,3221,2991,2984,2949,2715,ApplicationBudget,12808
glyph16:U+002C,glyph16,1694,classical,numeric-first,ClassCap,2701,8670,5,58.538,3024,2984,2897,2906,2747,2676,2672,2699,Quiesced,9007
glyph16:U+002C,glyph16,1694,classical,shuffled(1),ClassCap,2698,15944,8,91.357,3183,3183,3183,3183,3152,3036,2972,2654,ApplicationBudget,12816
glyph16:U+002C,glyph16,1694,classical,shuffled(2),ClassCap,2767,12667,8,86.945,3083,3083,3083,3083,2994,2840,2784,2705,Quiesced,10447
glyph16:U+002C,glyph16,1694,classical,shuffled(3),ClassCap,2785,21236,8,130.958,3183,3183,3183,3183,3104,3104,3025,3037,ApplicationBudget,13412
glyph16:U+002D,glyph16,119,classical,production,Quiesced,133,15080,7,34.986,189,180,153,149,149,137,131,131,ApplicationBudget,12967
glyph16:U+002D,glyph16,119,classical,numeric-first,Quiesced,133,19137,8,47.537,185,172,153,142,142,142,142,148,ApplicationBudget,13439
glyph16:U+002D,glyph16,119,classical,shuffled(1),Quiesced,136,8267,8,15.165,177,174,155,142,146,146,146,135,ApplicationBudget,13300
glyph16:U+002D,glyph16,119,classical,shuffled(2),Quiesced,138,12307,7,20.747,177,206,177,238,226,226,209,170,ApplicationBudget,12919
glyph16:U+002D,glyph16,119,classical,shuffled(3),Timeout,135,16125,6,389.782,173,173,173,158,140,135,135,135,ApplicationBudget,12982
glyph16:U+002E,glyph16,1855,classical,production,ClassCap,2877,10563,5,83.020,3340,3340,3315,3315,3131,3067,3062,2877,ApplicationBudget,13150
glyph16:U+002E,glyph16,1855,classical,numeric-first,ClassCap,2811,8825,5,58.331,3100,3075,3075,2979,2863,2795,2795,2820,Quiesced,8485
glyph16:U+002E,glyph16,1855,classical,shuffled(1),ClassCap,2835,11508,6,66.253,3225,3225,3225,3225,3212,3072,3027,2773,Quiesced,12461
glyph16:U+002E,glyph16,1855,classical,shuffled(2),ClassCap,2897,10608,6,64.122,3145,3145,3145,3145,3049,2917,2869,2811,Quiesced,10219
glyph16:U+002E,glyph16,1855,classical,shuffled(3),ClassCap,2902,14590,6,87.615,3225,3225,3225,3225,3155,3155,3101,3137,ApplicationBudget,13118
glyph16:U+002F,glyph16,127,classical,production,Timeout,166,17350,5,205.759,233,206,196,186,166,132,128,128,ApplicationBudget,12936
glyph16:U+002F,glyph16,127,classical,numeric-first,Timeout,134,22131,7,279.039,232,214,204,187,177,147,143,137,ApplicationBudget,13997
glyph16:U+002F,glyph16,127,classical,shuffled(1),Timeout,124,18588,7,209.922,224,228,242,186,176,166,136,128,ApplicationBudget,13089
glyph16:U+002F,glyph16,127,classical,shuffled(2),Timeout,138,17653,7,244.707,221,211,268,260,260,314,274,202,ApplicationBudget,13023
glyph16:U+002F,glyph16,127,classical,shuffled(3),Timeout,162,12370,5,211.677,207,207,202,197,186,176,162,132,ApplicationBudget,13287
glyph16:U+0030,glyph16,5402,classical,production,ClassCap,9922,2818,4,49.775,10562,10562,10412,10292,10280,10260,9701,9701,Quiesced,6390
glyph16:U+0030,glyph16,5402,classical,numeric-first,ClassCap,9438,2138,2,25.665,10412,10292,10280,9572,9276,8855,8677,8677,Quiesced,4668
glyph16:U+0030,glyph16,5402,classical,shuffled(1),ClassCap,9998,2477,3,36.693,10102,10102,10102,10102,10102,10044,9698,9698,Quiesced,5737
glyph16:U+0030,glyph16,5402,classical,shuffled(2),ClassCap,9520,2582,3,35.886,9874,9874,9874,9874,9874,9588,9467,9467,Quiesced,4066
glyph16:U+0030,glyph16,5402,classical,shuffled(3),ClassCap,9933,2981,3,39.192,10102,10102,10102,10102,10102,10082,9912,9912,Quiesced,6247
glyph16:U+0031,glyph16,1452,classical,production,ClassCap,2420,18583,8,193.753,2823,2823,2768,2738,2558,2512,2432,2304,ApplicationBudget,13109
glyph16:U+0031,glyph16,1452,classical,numeric-first,ClassCap,2505,10869,5,74.575,2695,2640,2562,2455,2386,2516,2496,2307,Quiesced,12540
glyph16:U+0031,glyph16,1452,classical,shuffled(1),ClassCap,2296,22939,8,87.799,2793,2793,2793,2793,2759,2604,2458,2382,ApplicationBudget,12947
glyph16:U+0031,glyph16,1452,classical,shuffled(2),ClassCap,2357,22208,8,85.381,2745,2745,2745,2697,2611,2587,2587,2427,ApplicationBudget,12840
glyph16:U+0031,glyph16,1452,classical,shuffled(3),ClassCap,2387,17416,6,159.544,2793,2793,2793,2793,2723,2639,2611,2599,ApplicationBudget,12837
glyph16:U+0032,glyph16,3891,classical,production,ClassCap,6961,3851,4,49.699,7641,7641,7514,7514,7414,6900,6892,6855,Quiesced,11608
glyph16:U+0032,glyph16,3891,classical,numeric-first,ClassCap,6747,3382,3,34.198,7514,7414,7390,6683,6700,6327,6176,6176,Quiesced,5964
glyph16:U+0032,glyph16,3891,classical,shuffled(1),ClassCap,6925,3668,4,45.250,7321,7321,7321,7321,7321,7258,6838,6622,Quiesced,8196
glyph16:U+0032,glyph16,3891,classical,shuffled(2),ClassCap,6759,4044,4,45.466,7145,7145,7145,7145,6938,6630,6484,6484,Quiesced,5049
glyph16:U+0032,glyph16,3891,classical,shuffled(3),ClassCap,7024,5474,4,51.273,7321,7321,7321,7321,7321,7296,7273,7029,Quiesced,9470
glyph16:U+0033,glyph16,6993,classical,production,ClassCap,12785,2015,4,51.043,13651,13651,13651,13426,13266,13248,12597,12597,Quiesced,6085
glyph16:U+0033,glyph16,6993,classical,numeric-first,ClassCap,12149,1478,2,26.918,13426,13266,13248,12327,11962,11998,11998,11998,Quiesced,3132
glyph16:U+0033,glyph16,6993,classical,shuffled(1),ClassCap,12905,2075,3,38.540,13051,13051,13051,13051,13051,13051,12905,12905,Quiesced,6029
glyph16:U+0033,glyph16,6993,classical,shuffled(2),ClassCap,12160,1585,3,38.854,12739,12739,12739,12739,12739,12341,12341,12341,Quiesced,2838
glyph16:U+0033,glyph16,6993,classical,shuffled(3),ClassCap,13005,1835,2,26.726,13051,13051,13051,13051,13051,13051,13005,13005,Quiesced,5789
glyph16:U+0034,glyph16,1637,classical,production,ClassCap,2680,17523,8,157.328,3105,3105,3060,3039,2878,2812,2570,2586,ApplicationBudget,13222
glyph16:U+0034,glyph16,1637,classical,numeric-first,ClassCap,2669,9943,5,69.762,2945,2900,2819,2707,2645,2615,2815,2636,Quiesced,9071
glyph16:U+0034,glyph16,1637,classical,shuffled(1),ClassCap,2626,15681,8,86.864,3062,3062,3062,3082,3025,2860,2789,2627,Quiesced,12240
glyph16:U+0034,glyph16,1637,classical,shuffled(2),ClassCap,2755,14646,8,86.748,3002,3002,3002,2922,2834,2802,2802,2663,Quiesced,11728
glyph16:U+0034,glyph16,1637,classical,shuffled(3),Timeout,2648,18859,8,200.143,3062,3062,3062,3037,2985,2906,2905,2856,ApplicationBudget,12926
glyph16:U+0035,glyph16,4546,classical,production,ClassCap,8102,3268,4,48.598,8826,8826,8685,8575,8551,8152,7989,7912,Quiesced,10692
glyph16:U+0035,glyph16,4546,classical,numeric-first,ClassCap,7969,2913,3,35.398,8685,8575,8551,7940,7697,7316,7154,7154,Quiesced,5438
glyph16:U+0035,glyph16,4546,classical,shuffled(1),ClassCap,8260,3016,4,47.121,8446,8446,8446,8446,8446,8522,8361,8297,Quiesced,6896
glyph16:U+0035,glyph16,4546,classical,shuffled(2),ClassCap,7862,3408,4,46.659,8234,8234,8234,8234,8234,7996,7839,7839,Quiesced,4640
glyph16:U+0035,glyph16,4546,classical,shuffled(3),ClassCap,8239,4168,4,49.935,8446,8446,8446,8446,8446,8421,8264,8204,Quiesced,7984
glyph16:U+0036,glyph16,8067,classical,production,ClassCap,15249,1394,2,27.282,15754,15754,15754,15503,15328,15068,15068,15068,Quiesced,2722
glyph16:U+0036,glyph16,8067,classical,numeric-first,ClassCap,14024,1085,2,27.645,15503,15503,15328,14242,14238,13815,13815,13815,Quiesced,2910
glyph16:U+0036,glyph16,8067,classical,shuffled(1),ClassCap,14927,1851,3,39.819,15069,15069,15069,15069,15069,15206,14927,14927,Quiesced,4499
glyph16:U+0036,glyph16,8067,classical,shuffled(2),ClassCap,14260,1101,3,41.363,14694,14694,14694,14694,14694,14337,14337,14337,Quiesced,2507
glyph16:U+0036,glyph16,8067,classical,shuffled(3),ClassCap,15018,1558,2,27.977,15069,15069,15069,15069,15069,15044,15018,15018,Quiesced,3298
glyph16:U+0037,glyph16,191,classical,production,Timeout,278,18864,5,217.362,361,333,312,290,275,240,232,232,ApplicationBudget,13081
glyph16:U+0037,glyph16,191,classical,numeric-first,Timeout,240,25515,7,297.365,382,419,398,384,250,253,240,228,ApplicationBudget,13013
glyph16:U+0037,glyph16,191,classical,shuffled(1),Quiesced,228,13769,8,31.061,378,334,309,290,280,236,228,228,ApplicationBudget,12846
glyph16:U+0037,glyph16,191,classical,shuffled(2),Timeout,240,29656,8,200.139,348,339,434,336,302,290,276,266,ApplicationBudget,12892
glyph16:U+0037,glyph16,191,classical,shuffled(3),Timeout,266,13981,5,284.385,378,378,378,325,311,288,266,236,ApplicationBudget,13071
glyph16:U+0038,glyph16,9774,classical,production,ClassCap,18500,585,2,28.919,18766,18766,18766,18504,18320,18320,18320,18320,Quiesced,1305
glyph16:U+0038,glyph16,9774,classical,numeric-first,ClassCap,17316,667,2,28.160,18504,18504,18324,17260,17256,17256,17256,17256,Quiesced,1108
glyph16:U+0038,glyph16,9774,classical,shuffled(1),ClassCap,18149,1098,2,27.989,18101,18101,18101,18101,18149,18149,18149,18149,Quiesced,1364
glyph16:U+0038,glyph16,9774,classical,shuffled(2),ClassCap,17322,696,2,29.045,17502,17502,17502,17502,17322,17322,17322,17322,Quiesced,1644
glyph16:U+0038,glyph16,9774,classical,shuffled(3),ClassCap,18065,1096,2,28.693,18101,18101,18101,18101,18065,18065,18065,18065,Quiesced,1362
glyph16:U+0039,glyph16,8267,classical,production,ClassCap,15698,1262,2,27.512,16134,16134,16134,15867,15682,15523,15523,15523,Quiesced,2398
glyph16:U+0039,glyph16,8267,classical,numeric-first,ClassCap,14331,1017,2,27.976,15867,15867,15682,14563,14559,14123,14123,14123,Quiesced,2924
glyph16:U+0039,glyph16,8267,classical,shuffled(1),ClassCap,15282,1764,3,39.820,15414,15414,15414,15414,15414,15291,15231,15231,Quiesced,3490
glyph16:U+0039,glyph16,8267,classical,shuffled(2),ClassCap,14588,1042,3,41.029,15030,15030,15030,15030,14598,14554,14554,14554,Quiesced,2305
glyph16:U+0039,glyph16,8267,classical,shuffled(3),ClassCap,15373,1501,2,27.710,15414,15414,15414,15414,15414,15373,15373,15373,Quiesced,3025
glyph16:U+003A,glyph16,3655,classical,production,ClassCap,6131,4612,4,48.324,6760,6760,6680,6630,6630,6286,6169,6090,Quiesced,9888
glyph16:U+003A,glyph16,3655,classical,numeric-first,ClassCap,6064,4001,4,45.525,6680,6630,6166,5974,6006,5722,5622,5622,Quiesced,6194
glyph16:U+003A,glyph16,3655,classical,shuffled(1),ClassCap,6134,4076,5,54.960,6440,6440,6440,6440,6440,6424,6054,5975,Quiesced,7770
glyph16:U+003A,glyph16,3655,classical,shuffled(2),ClassCap,5994,4243,4,43.773,6296,6296,6296,6296,6296,6104,5996,5996,Quiesced,5838
glyph16:U+003A,glyph16,3655,classical,shuffled(3),ClassCap,6245,8075,5,66.335,6440,6440,6440,6440,6440,6340,6286,6308,Quiesced,10020
glyph16:U+003B,glyph16,3494,classical,production,ClassCap,5957,4286,3,36.599,6511,6511,6446,6443,6438,6133,5999,5902,Quiesced,10046
glyph16:U+003B,glyph16,3494,classical,numeric-first,ClassCap,5913,4074,4,45.062,6511,6446,5979,5794,5819,5518,5401,5401,Quiesced,6274
glyph16:U+003B,glyph16,3494,classical,shuffled(1),ClassCap,5978,4141,5,54.707,6305,6305,6305,6305,6305,6271,5906,5819,Quiesced,7904
glyph16:U+003B,glyph16,3494,classical,shuffled(2),ClassCap,5843,4243,4,44.056,6141,6141,6141,6141,6141,5956,5801,5801,Quiesced,5865
glyph16:U+003B,glyph16,3494,classical,shuffled(3),ClassCap,6053,7220,4,52.126,6305,6305,6305,6305,6305,6191,6122,6137,Quiesced,10016
glyph16:U+003C,glyph16,295,classical,production,ClassCap,394,40606,8,189.254,637,612,585,517,481,421,394,394,ApplicationBudget,12902
glyph16:U+003C,glyph16,295,classical,numeric-first,Timeout,394,35087,8,203.504,621,596,666,642,622,562,404,423,ApplicationBudget,13342
glyph16:U+003C,glyph16,295,classical,shuffled(1),ClassCap,392,39616,10,98.425,617,617,576,545,511,491,408,392,ApplicationBudget,12871
glyph16:U+003C,glyph16,295,classical,shuffled(2),ClassCap,399,35557,8,96.045,589,581,581,556,529,532,468,422,ApplicationBudget,12992
glyph16:U+003C,glyph16,295,classical,shuffled(3),Timeout,467,14513,5,233.029,627,627,627,577,542,512,487,467,ApplicationBudget,13148
glyph16:U+003D,glyph16,183,classical,production,Quiesced,231,21429,7,48.581,285,280,265,245,232,235,227,227,ApplicationBudget,12836
glyph16:U+003D,glyph16,183,classical,numeric-first,Quiesced,231,22719,7,55.289,303,350,335,331,241,248,252,248,ApplicationBudget,13176
glyph16:U+003D,glyph16,183,classical,shuffled(1),Quiesced,232,11483,8,20.432,299,278,259,255,250,245,232,232,ApplicationBudget,13198
glyph16:U+003D,glyph16,183,classical,shuffled(2),Quiesced,231,17397,7,29.136,273,273,309,305,305,312,269,231,ApplicationBudget,13258
glyph16:U+003D,glyph16,183,classical,shuffled(3),Timeout,231,17574,6,447.601,299,299,299,264,244,235,235,235,ApplicationBudget,13095
glyph16:U+003E,glyph16,295,classical,production,Timeout,399,39398,8,200.059,637,612,585,522,486,426,399,399,ApplicationBudget,12943
glyph16:U+003E,glyph16,295,classical,numeric-first,Timeout,399,35159,8,213.457,621,596,666,642,622,562,409,428,ApplicationBudget,13330
glyph16:U+003E,glyph16,295,classical,shuffled(1),ClassCap,397,39675,10,101.886,617,617,576,545,511,491,413,397,ApplicationBudget,12869
glyph16:U+003E,glyph16,295,classical,shuffled(2),ClassCap,404,35531,8,100.116,594,586,561,534,510,545,429,396,ApplicationBudget,13002
glyph16:U+003E,glyph16,295,classical,shuffled(3),Timeout,472,14532,5,245.814,627,627,627,582,547,517,492,472,ApplicationBudget,13142
glyph16:U+003F,glyph16,6716,classical,production,ClassCap,12160,2094,4,50.322,12970,12970,12970,12780,12645,12627,12011,11999,Quiesced,6488
glyph16:U+003F,glyph16,6716,classical,numeric-first,ClassCap,11563,1647,2,27.113,12780,12645,12627,11754,11401,11444,11375,11375,Quiesced,3765
glyph16:U+003F,glyph16,6716,classical,shuffled(1),ClassCap,12275,2156,3,38.057,12390,12390,12390,12390,12390,12390,12275,12275,Quiesced,5882
glyph16:U+003F,glyph16,6716,classical,shuffled(2),ClassCap,11559,1834,3,38.783,12106,12106,12106,12106,12106,11667,11667,11667,Quiesced,3045
glyph16:U+003F,glyph16,6716,classical,shuffled(3),ClassCap,12344,1950,2,26.566,12390,12390,12390,12390,12390,12390,12344,12344,Quiesced,5676
glyph16:U+0040,glyph16,12056,classical,production,ClassCap,23527,0,0,0.001,23527,23527,23527,23527,23527,23527,23527,23527,ClassCap,0
glyph16:U+0040,glyph16,12056,classical,numeric-first,ClassCap,23527,0,0,0.000,23527,23527,23527,23527,23527,23527,23527,23527,ClassCap,0
glyph16:U+0040,glyph16,12056,classical,shuffled(1),ClassCap,23527,0,0,0.000,23527,23527,23527,23527,23527,23527,23527,23527,ClassCap,0
glyph16:U+0040,glyph16,12056,classical,shuffled(2),ClassCap,23527,0,0,0.000,23527,23527,23527,23527,23527,23527,23527,23527,ClassCap,0
glyph16:U+0040,glyph16,12056,classical,shuffled(3),ClassCap,23527,0,0,0.000,23527,23527,23527,23527,23527,23527,23527,23527,ClassCap,0
glyph16:U+0041,glyph16,1605,classical,production,ClassCap,2588,17426,8,182.112,3058,3058,3003,2985,2773,2732,2633,2495,ApplicationBudget,13092
glyph16:U+0041,glyph16,1605,classical,numeric-first,ClassCap,2565,13601,8,126.307,2882,2827,2749,2729,2569,2439,2599,2430,Quiesced,10003
glyph16:U+0041,glyph16,1605,classical,shuffled(1),ClassCap,2417,17819,8,96.836,3003,3003,3003,3023,2978,2803,2595,2567,ApplicationBudget,12829
glyph16:U+0041,glyph16,1605,classical,shuffled(2),ClassCap,2495,17385,9,111.026,2927,2927,2927,2852,2742,2702,2702,2564,Quiesced,11657
glyph16:U+0041,glyph16,1605,classical,shuffled(3),Timeout,2505,20163,8,220.533,3003,3003,3003,2983,2983,3028,2873,2839,ApplicationBudget,13068
glyph16:U+0042,glyph16,4470,classical,production,ClassCap,7956,3416,4,48.805,8694,8694,8546,8546,8446,8051,7891,7861,Quiesced,10855
glyph16:U+0042,glyph16,4470,classical,numeric-first,ClassCap,7715,2983,3,35.843,8546,8446,8431,7639,7677,7307,7160,7160,Quiesced,5524
glyph16:U+0042,glyph16,4470,classical,shuffled(1),ClassCap,8100,3149,4,46.931,8314,8314,8314,8314,8314,8390,8222,8056,Quiesced,7346
glyph16:U+0042,glyph16,4470,classical,shuffled(2),ClassCap,7722,3520,4,46.384,8134,8134,8134,8134,7906,7626,7473,7473,Quiesced,4515
glyph16:U+0042,glyph16,4470,classical,shuffled(3),ClassCap,8087,4344,4,50.600,8314,8314,8314,8314,8314,8289,8198,8061,Quiesced,7909
glyph16:U+0043,glyph16,5129,classical,production,ClassCap,9423,3012,4,49.761,10039,10039,9870,9750,9732,9283,9104,9171,Quiesced,10328
glyph16:U+0043,glyph16,5129,classical,numeric-first,ClassCap,8908,2312,2,25.281,9870,9750,9732,9035,8766,8355,8177,8177,Quiesced,4956
glyph16:U+0043,glyph16,5129,classical,shuffled(1),ClassCap,9472,2601,3,36.164,9599,9599,9599,9599,9599,9599,9498,9472,Quiesced,6566
glyph16:U+0043,glyph16,5129,classical,shuffled(2),ClassCap,9068,2741,3,35.639,9351,9351,9351,9351,9351,9077,8940,8940,Quiesced,4251
glyph16:U+0043,glyph16,5129,classical,shuffled(3),ClassCap,9422,3196,3,38.815,9599,9599,9599,9599,9599,9599,9427,9407,Quiesced,7213
glyph16:U+0044,glyph16,2606,classical,production,ClassCap,4559,6656,4,52.329,4990,4930,4915,4911,4911,4593,4572,4592,ApplicationBudget,13152
glyph16:U+0044,glyph16,2606,classical,numeric-first,ClassCap,4327,5794,4,46.288,4654,4594,4579,4443,4267,4155,4155,4138,Quiesced,7426
glyph16:U+0044,glyph16,2606,classical,shuffled(1),ClassCap,4525,7174,5,54.780,4862,4862,4862,4862,4862,4814,4534,4352,Quiesced,9594
glyph16:U+0044,glyph16,2606,classical,shuffled(2),ClassCap,4279,6221,5,53.986,4746,4746,4746,4746,4609,4609,4362,4337,Quiesced,6878
glyph16:U+0044,glyph16,2606,classical,shuffled(3),ClassCap,4594,10934,5,78.843,4862,4862,4862,4862,4862,4794,4535,4485,ApplicationBudget,12803
glyph16:U+0045,glyph16,247,classical,production,Timeout,335,26083,6,375.615,420,415,360,335,335,330,325,335,ApplicationBudget,13697
glyph16:U+0045,glyph16,247,classical,numeric-first,Timeout,335,26672,7,254.595,416,493,478,474,474,335,356,346,ApplicationBudget,13506
glyph16:U+0045,glyph16,247,classical,shuffled(1),Quiesced,321,26824,11,44.348,412,383,359,350,350,321,321,321,ApplicationBudget,12866
glyph16:U+0045,glyph16,247,classical,shuffled(2),Timeout,335,31321,9,211.839,367,368,385,353,339,321,321,321,ApplicationBudget,13056
glyph16:U+0045,glyph16,247,classical,shuffled(3),Timeout,321,21622,6,474.857,412,412,412,379,335,335,335,335,ApplicationBudget,13453
glyph16:U+0046,glyph16,215,classical,production,Timeout,285,25694,6,406.029,346,341,306,306,306,272,272,272,ApplicationBudget,12801
glyph16:U+0046,glyph16,215,classical,numeric-first,Timeout,285,25044,7,222.154,362,424,409,405,286,302,281,272,ApplicationBudget,12858
glyph16:U+0046,glyph16,215,classical,shuffled(1),Quiesced,272,13193,8,23.513,358,329,305,296,296,296,272,272,ApplicationBudget,13745
glyph16:U+0046,glyph16,215,classical,shuffled(2),Timeout,285,28622,9,213.341,318,319,314,320,316,276,272,272,ApplicationBudget,12926
glyph16:U+0046,glyph16,215,classical,shuffled(3),Timeout,272,21077,6,468.705,358,358,358,305,285,276,276,272,ApplicationBudget,13320
glyph16:U+0047,glyph16,4563,classical,production,ClassCap,8219,3251,4,48.256,8959,8959,8806,8696,8667,8268,8116,8069,Quiesced,11042
glyph16:U+0047,glyph16,4563,classical,numeric-first,ClassCap,7957,2696,3,35.466,8806,8696,8067,8053,7819,7469,7315,7315,Quiesced,5550
glyph16:U+0047,glyph16,4563,classical,shuffled(1),ClassCap,8389,2956,4,46.517,8574,8574,8574,8574,8574,8651,8478,8429,Quiesced,6785
glyph16:U+0047,glyph16,4563,classical,shuffled(2),ClassCap,7975,3311,4,46.182,8359,8359,8359,8359,8359,8120,7951,7951,Quiesced,4618
glyph16:U+0047,glyph16,4563,classical,shuffled(3),ClassCap,8345,4069,4,50.402,8574,8574,8574,8574,8574,8549,8365,8315,Quiesced,7863
glyph16:U+0048,glyph16,247,classical,production,Timeout,328,26063,6,225.528,376,371,356,325,335,310,314,314,ApplicationBudget,12859
glyph16:U+0048,glyph16,247,classical,numeric-first,Timeout,314,26026,7,232.743,387,452,437,433,433,316,339,319,ApplicationBudget,13522
glyph16:U+0048,glyph16,247,classical,shuffled(1),Quiesced,302,26176,11,47.118,383,354,330,326,321,302,302,302,ApplicationBudget,12955
glyph16:U+0048,glyph16,247,classical,shuffled(2),Timeout,314,31341,9,275.308,348,349,344,354,350,306,302,302,ApplicationBudget,13037
glyph16:U+0048,glyph16,247,classical,shuffled(3),Timeout,302,17900,6,200.686,383,383,383,335,315,306,302,302,ApplicationBudget,12888
glyph16:U+0049,glyph16,391,classical,production,Timeout,582,20353,5,351.687,751,726,699,623,582,522,501,506,ApplicationBudget,13036
glyph16:U+0049,glyph16,391,classical,numeric-first,Timeout,522,22865,6,307.296,735,710,801,777,757,697,681,503,ApplicationBudget,14210
glyph16:U+0049,glyph16,391,classical,shuffled(1),ClassCap,492,42825,10,117.020,731,715,677,646,617,597,537,521,ApplicationBudget,13092
glyph16:U+0049,glyph16,391,classical,shuffled(2),Timeout,522,25244,7,201.250,710,710,710,661,621,602,568,508,ApplicationBudget,13829
glyph16:U+0049,glyph16,391,classical,shuffled(3),Timeout,568,16517,5,337.144,741,741,741,731,694,626,602,582,ApplicationBudget,13006
glyph16:U+004A,glyph16,2425,classical,production,ClassCap,4052,8164,5,62.666,4640,4585,4570,4566,4366,4257,4256,4145,Quiesced,11707
glyph16:U+004A,glyph16,2425,classical,numeric-first,ClassCap,4010,7061,5,58.259,4320,4265,4250,4126,3948,3856,3856,3847,Quiesced,7416
glyph16:U+004A,glyph16,2425,classical,shuffled(1),ClassCap,4247,7289,5,54.381,4525,4525,4525,4525,4525,4480,4225,4055,Quiesced,9573
glyph16:U+004A,glyph16,2425,classical,shuffled(2),ClassCap,3976,6325,5,52.887,4405,4405,4405,4405,4280,4280,4018,3994,Quiesced,7394
glyph16:U+004A,glyph16,2425,classical,shuffled(3),ClassCap,4279,12326,6,87.311,4525,4525,4525,4525,4525,4435,4210,4226,ApplicationBudget,12800
glyph16:U+004B,glyph16,617,classical,production,Timeout,898,18249,6,231.438,1293,1253,1212,1153,1071,932,912,951,ApplicationBudget,12871
glyph16:U+004B,glyph16,617,classical,numeric-first,Timeout,893,22763,7,211.764,1224,1320,1256,1210,1185,1110,1083,892,ApplicationBudget,12856
glyph16:U+004B,glyph16,617,classical,shuffled(1),ClassCap,940,25616,8,119.047,1273,1273,1273,1233,1157,1073,1048,942,ApplicationBudget,13346
glyph16:U+004B,glyph16,617,classical,shuffled(2),ClassCap,878,21470,8,148.215,1226,1226,1224,1212,1212,1199,1199,1146,ApplicationBudget,12861
glyph16:U+004B,glyph16,617,classical,shuffled(3),Timeout,1025,14413,5,200.371,1270,1270,1270,1253,1203,1124,1096,1021,ApplicationBudget,12925
glyph16:U+004C,glyph16,151,classical,production,Timeout,185,23521,6,400.524,233,215,200,188,178,178,178,178,ApplicationBudget,13496
glyph16:U+004C,glyph16,151,classical,numeric-first,Timeout,185,28052,8,304.738,254,286,271,253,188,190,198,187,ApplicationBudget,12941
glyph16:U+004C,glyph16,151,classical,shuffled(1),Quiesced,174,8952,8,16.758,224,221,195,178,178,174,174,174,Quiesced,8063
glyph16:U+004C,glyph16,151,classical,shuffled(2),Timeout,185,30187,10,323.575,221,216,248,244,244,255,207,178,ApplicationBudget,12870
glyph16:U+004C,glyph16,151,classical,shuffled(3),Timeout,174,19952,6,462.995,212,212,212,202,195,174,174,174,ApplicationBudget,13616
glyph16:U+004D,glyph16,2345,classical,production,ClassCap,4118,7201,4,55.437,4547,4547,4477,4428,4304,4207,4107,3954,Quiesced,11307
glyph16:U+004D,glyph16,2345,classical,numeric-first,ClassCap,4117,7265,5,61.675,4391,4321,4272,4188,3987,3880,3859,3822,Quiesced,7836
glyph16:U+004D,glyph16,2345,classical,shuffled(1),ClassCap,4160,8342,5,55.751,4531,4531,4531,4531,4475,4215,4029,3934,Quiesced,10391
glyph16:U+004D,glyph16,2345,classical,shuffled(2),ClassCap,4043,7095,5,54.058,4465,4465,4465,4465,4390,4343,4132,4028,Quiesced,8598
glyph16:U+004D,glyph16,2345,classical,shuffled(3),ClassCap,4220,10480,5,86.077,4531,4531,4531,4531,4506,4506,4460,4310,Quiesced,11308
glyph16:U+004E,glyph16,1399,classical,production,ClassCap,2379,15269,8,151.336,2796,2796,2756,2724,2501,2482,2447,2489,ApplicationBudget,12831
glyph16:U+004E,glyph16,1399,classical,numeric-first,ClassCap,2356,10127,5,67.382,2620,2580,2496,2479,2361,2501,2493,2291,ApplicationBudget,12800
glyph16:U+004E,glyph16,1399,classical,shuffled(1),ClassCap,2299,16995,8,87.880,2744,2744,2744,2744,2716,2576,2397,2236,Quiesced,12487
glyph16:U+004E,glyph16,1399,classical,shuffled(2),ClassCap,2345,16096,8,86.186,2668,2668,2668,2581,2581,2518,2470,2349,Quiesced,12692
glyph16:U+004E,glyph16,1399,classical,shuffled(3),ClassCap,2305,17267,8,136.732,2744,2744,2744,2744,2676,2612,2616,2539,ApplicationBudget,12886
glyph16:U+004F,glyph16,5945,classical,production,ClassCap,10741,2587,4,50.745,11428,11428,11271,11166,11166,11166,10589,10589,Quiesced,6359
glyph16:U+004F,glyph16,5945,classical,numeric-first,ClassCap,10175,1982,2,25.808,11271,11166,11166,10382,10070,9769,9633,9633,Quiesced,4543
glyph16:U+004F,glyph16,5945,classical,shuffled(1),ClassCap,10819,2315,3,37.432,10908,10908,10908,10908,10908,11012,10819,10819,Quiesced,6355
glyph16:U+004F,glyph16,5945,classical,shuffled(2),ClassCap,10214,2339,3,37.065,10644,10644,10644,10644,10332,10068,9965,9965,Quiesced,3683
glyph16:U+004F,glyph16,5945,classical,shuffled(3),ClassCap,10722,2559,3,38.608,10908,10908,10908,10908,10908,10888,10762,10762,Quiesced,5725
glyph16:U+0050,glyph16,2409,classical,production,ClassCap,3971,8446,5,69.200,4601,4546,4531,4527,4327,4230,4204,3978,ApplicationBudget,12809
glyph16:U+0050,glyph16,2409,classical,numeric-first,ClassCap,3999,6837,5,61.120,4297,4242,4227,4103,3947,3843,4060,4036,Quiesced,7509
glyph16:U+0050,glyph16,2409,classical,shuffled(1),ClassCap,4101,8018,5,54.958,4486,4486,4486,4486,4486,4421,4137,4022,Quiesced,10911
glyph16:U+0050,glyph16,2409,classical,shuffled(2),ClassCap,3934,7044,5,53.837,4382,4382,4382,4382,4252,4252,3998,3949,Quiesced,7780
glyph16:U+0050,glyph16,2409,classical,shuffled(3),ClassCap,4227,11844,5,82.396,4486,4486,4486,4486,4486,4383,4143,4166,ApplicationBudget,12850
glyph16:U+0051,glyph16,6053,classical,production,ClassCap,10729,2553,4,50.914,11416,11416,11259,11139,11130,11115,10528,10528,Quiesced,6472
glyph16:U+0051,glyph16,6053,classical,numeric-first,ClassCap,10158,1943,2,25.970,11259,11139,11130,10331,10004,9659,9510,9510,Quiesced,4509
glyph16:U+0051,glyph16,6053,classical,shuffled(1),ClassCap,10802,2290,3,37.653,10896,10896,10896,10896,10896,11000,10823,10746,Quiesced,6763
glyph16:U+0051,glyph16,6053,classical,shuffled(2),ClassCap,10192,2321,3,37.302,10632,10632,10632,10632,10320,10050,9958,9958,Quiesced,3680
glyph16:U+0051,glyph16,6053,classical,shuffled(3),ClassCap,10724,2491,3,38.671,10896,10896,10896,10896,10896,10876,10757,10757,Quiesced,5652
glyph16:U+0052,glyph16,2710,classical,production,ClassCap,4771,6141,4,52.160,5209,5139,5118,5104,5094,4736,4702,4513,ApplicationBudget,12886
glyph16:U+0052,glyph16,2710,classical,numeric-first,ClassCap,4540,5619,4,46.387,4873,4803,4782,4636,4648,4400,4320,4293,Quiesced,7012
glyph16:U+0052,glyph16,2710,classical,shuffled(1),ClassCap,4736,7003,5,56.214,5081,5081,5081,5081,5081,5033,4743,4549,Quiesced,9430
glyph16:U+0052,glyph16,2710,classical,shuffled(2),ClassCap,4495,5656,5,53.218,4965,4965,4965,4965,4818,4620,4450,4450,Quiesced,6392
glyph16:U+0052,glyph16,2710,classical,shuffled(3),ClassCap,4803,10301,5,75.901,5081,5081,5081,5081,5081,4969,4939,4819,Quiesced,12573
glyph16:U+0053,glyph16,7616,classical,production,ClassCap,14050,1712,3,40.533,14779,14779,14779,14540,14370,13932,13923,13923,Quiesced,3280
glyph16:U+0053,glyph16,7616,classical,numeric-first,ClassCap,13131,1234,2,27.734,14540,14540,14370,13344,13335,12925,12925,12925,Quiesced,2989
glyph16:U+0053,glyph16,7616,classical,shuffled(1),ClassCap,13971,1956,3,39.794,14119,14119,14119,14119,14119,14251,13971,13971,Quiesced,5378
glyph16:U+0053,glyph16,7616,classical,shuffled(2),ClassCap,13325,1242,2,27.666,13771,13771,13771,13771,13771,13360,13360,13360,Quiesced,2570
glyph16:U+0053,glyph16,7616,classical,shuffled(3),ClassCap,14073,1683,2,27.155,14119,14119,14119,14119,14119,14094,14073,14073,Quiesced,5191
glyph16:U+0054,glyph16,183,classical,production,Timeout,227,24640,6,418.124,275,257,242,230,230,225,220,227,ApplicationBudget,13356
glyph16:U+0054,glyph16,183,classical,numeric-first,Timeout,227,22512,7,202.118,296,337,322,318,230,240,227,216,ApplicationBudget,12946
glyph16:U+0054,glyph16,183,classical,shuffled(1),Quiesced,216,10476,8,19.705,292,263,239,235,230,216,216,216,Quiesced,9849
glyph16:U+0054,glyph16,183,classical,shuffled(2),Timeout,227,25610,9,218.098,263,258,287,283,283,290,260,220,ApplicationBudget,13027
glyph16:U+0054,glyph16,183,classical,shuffled(3),Timeout,216,20469,6,510.664,282,282,282,249,229,227,216,216,ApplicationBudget,13053
glyph16:U+0055,glyph16,2899,classical,production,ClassCap,5080,6574,5,62.375,5528,5528,5463,5448,5444,5098,5077,4943,Quiesced,11884
glyph16:U+0055,glyph16,2899,classical,numeric-first,ClassCap,4861,5726,5,57.689,5160,5160,5095,4936,4956,4716,4636,4622,Quiesced,6825
glyph16:U+0055,glyph16,2899,classical,shuffled(1),ClassCap,5083,5592,4,43.216,5387,5387,5387,5387,5435,5336,5031,4723,Quiesced,9679
glyph16:U+0055,glyph16,2899,classical,shuffled(2),ClassCap,4900,4521,4,42.189,5259,5259,5259,5259,5115,4885,4709,4709,Quiesced,6106
glyph16:U+0055,glyph16,2899,classical,shuffled(3),ClassCap,5139,9332,5,67.845,5387,5387,5387,5387,5362,5362,5328,5142,Quiesced,10656
glyph16:U+0056,glyph16,1573,classical,production,ClassCap,2586,16634,8,159.195,3072,3072,3027,3015,2790,2761,2696,2654,ApplicationBudget,12825
glyph16:U+0056,glyph16,1573,classical,numeric-first,ClassCap,2541,12321,8,112.474,2864,2819,2735,2727,2575,2467,2451,2471,Quiesced,9133
glyph16:U+0056,glyph16,1573,classical,shuffled(1),ClassCap,2459,17149,8,95.272,2997,2997,2997,3021,2976,2876,2811,2513,Quiesced,12476
glyph16:U+0056,glyph16,1573,classical,shuffled(2),ClassCap,2568,12854,8,90.621,2909,2909,2909,2837,2695,2647,2614,2536,Quiesced,9658
glyph16:U+0056,glyph16,1573,classical,shuffled(3),Timeout,2598,19383,8,200.891,2997,2997,2997,2977,2932,2853,2901,2837,ApplicationBudget,12859
glyph16:U+0057,glyph16,7232,classical,production,ClassCap,13478,1940,4,51.259,14271,14271,14271,14055,13875,13360,13278,13278,Quiesced,4242
glyph16:U+0057,glyph16,7232,classical,numeric-first,ClassCap,12755,1332,2,27.207,14055,14055,13875,12899,12854,12448,12448,12448,Quiesced,3042
glyph16:U+0057,glyph16,7232,classical,shuffled(1),ClassCap,13526,1992,3,39.302,13696,13696,13696,13696,13696,13696,13526,13526,Quiesced,5802
glyph16:U+0057,glyph16,7232,classical,shuffled(2),ClassCap,12863,1439,3,39.884,13335,13335,13335,13335,13335,12956,12956,12956,Quiesced,2755
glyph16:U+0057,glyph16,7232,classical,shuffled(3),ClassCap,13627,1771,2,27.230,13696,13696,13696,13696,13696,13696,13627,13627,Quiesced,5581
glyph16:U+0058,glyph16,343,classical,production,Timeout,612,14406,4,213.652,784,744,720,633,572,452,415,420,ApplicationBudget,13228
glyph16:U+0058,glyph16,343,classical,numeric-first,Timeout,452,22453,6,383.276,768,728,804,764,724,424,449,406,ApplicationBudget,13531
glyph16:U+0058,glyph16,343,classical,shuffled(1),Timeout,438,19952,6,272.849,764,748,700,667,622,582,462,406,ApplicationBudget,13564
glyph16:U+0058,glyph16,343,classical,shuffled(2),Timeout,572,16582,6,213.950,748,748,748,684,647,612,558,438,ApplicationBudget,13583
glyph16:U+0058,glyph16,343,classical,shuffled(3),Timeout,558,16998,5,426.782,774,774,774,764,709,652,612,572,ApplicationBudget,12967
glyph16:U+0059,glyph16,263,classical,production,Timeout,393,20560,5,270.965,554,529,502,436,395,331,309,317,ApplicationBudget,13154
glyph16:U+0059,glyph16,263,classical,numeric-first,Timeout,333,21084,6,270.967,538,583,556,532,512,319,338,305,ApplicationBudget,13153
glyph16:U+0059,glyph16,263,classical,shuffled(1),Quiesced,305,39383,11,96.468,534,518,480,449,420,381,305,305,ApplicationBudget,13045
glyph16:U+0059,glyph16,263,classical,shuffled(2),Timeout,317,28507,8,252.284,511,503,478,451,434,395,317,319,ApplicationBudget,13185
glyph16:U+0059,glyph16,263,classical,shuffled(3),Timeout,381,15677,5,359.037,544,544,544,514,464,437,401,381,ApplicationBudget,12992
glyph16:U+005A,glyph16,255,classical,production,Timeout,383,20143,5,257.477,506,491,458,402,404,353,345,345,ApplicationBudget,12851
glyph16:U+005A,glyph16,255,classical,numeric-first,Timeout,353,28226,6,205.087,490,557,536,522,512,345,366,352,ApplicationBudget,12848
glyph16:U+005A,glyph16,255,classical,shuffled(1),Quiesced,331,32158,11,67.621,486,462,442,412,398,388,358,331,ApplicationBudget,12917
glyph16:U+005A,glyph16,255,classical,shuffled(2),Timeout,345,26449,8,229.017,463,455,455,440,430,397,383,344,ApplicationBudget,12887
glyph16:U+005A,glyph16,255,classical,shuffled(3),Timeout,369,15017,5,335.661,496,496,496,468,428,407,393,383,ApplicationBudget,13137
glyph16:U+005B,glyph16,183,classical,production,Quiesced,234,21494,7,47.482,288,283,252,248,240,239,230,230,ApplicationBudget,12809
glyph16:U+005B,glyph16,183,classical,numeric-first,Quiesced,234,22796,7,54.635,311,358,343,339,244,252,234,234,ApplicationBudget,13690
glyph16:U+005B,glyph16,183,classical,shuffled(1),Quiesced,235,11550,8,20.500,307,286,267,263,258,253,235,235,ApplicationBudget,12819
glyph16:U+005B,glyph16,183,classical,shuffled(2),Quiesced,234,17456,7,29.092,276,276,312,308,308,315,272,234,ApplicationBudget,13297
glyph16:U+005B,glyph16,183,classical,shuffled(3),Timeout,234,17606,6,406.084,307,307,307,267,247,238,238,238,ApplicationBudget,13121
glyph16:U+005C,glyph16,127,classical,production,Timeout,166,17350,5,205.072,233,206,196,186,166,132,128,128,ApplicationBudget,12936
glyph16:U+005C,glyph16,127,classical,numeric-first,Timeout,134,22131,7,277.462,232,214,204,187,177,147,143,137,ApplicationBudget,13997
glyph16:U+005C,glyph16,127,classical,shuffled(1),Timeout,124,18588,7,210.653,224,228,242,186,176,166,136,128,ApplicationBudget,13089
glyph16:U+005C,glyph16,127,classical,shuffled(2),Timeout,138,17653,7,244.360,221,211,268,260,260,314,274,202,ApplicationBudget,13023
glyph16:U+005C,glyph16,127,classical,shuffled(3),Timeout,162,12370,5,210.752,207,207,202,197,186,176,162,132,ApplicationBudget,13287
glyph16:U+005D,glyph16,183,classical,production,Quiesced,244,21364,7,47.938,298,293,278,258,250,249,240,240,ApplicationBudget,13284
glyph16:U+005D,glyph16,183,classical,numeric-first,Quiesced,244,22642,7,55.136,311,358,343,339,254,261,265,261,ApplicationBudget,13058
glyph16:U+005D,glyph16,183,classical,shuffled(1),Quiesced,245,11416,8,20.126,307,286,267,263,258,253,245,245,ApplicationBudget,13158
glyph16:U+005D,glyph16,183,classical,shuffled(2),Quiesced,244,17338,7,29.322,286,286,310,318,318,306,282,248,ApplicationBudget,13144
glyph16:U+005D,glyph16,183,classical,shuffled(3),Timeout,244,17527,6,448.049,307,307,307,277,257,248,248,248,ApplicationBudget,13063
glyph16:U+005E,glyph16,199,classical,production,Timeout,299,18351,5,209.708,402,382,370,334,306,245,220,220,ApplicationBudget,12927
glyph16:U+005E,glyph16,199,classical,numeric-first,Timeout,223,25578,7,251.754,420,446,434,414,249,242,223,223,ApplicationBudget,12919
glyph16:U+005E,glyph16,199,classical,shuffled(1),Timeout,225,20749,7,263.464,416,400,380,364,334,314,254,238,ApplicationBudget,12825
glyph16:U+005E,glyph16,199,classical,shuffled(2),Timeout,239,21757,7,327.121,398,390,416,514,514,552,557,369,ApplicationBudget,13121
glyph16:U+005E,glyph16,199,classical,shuffled(3),Timeout,240,19286,6,297.676,416,416,416,366,344,324,301,240,ApplicationBudget,13483
glyph16:U+005F,glyph16,119,classical,production,Timeout,129,22600,6,297.338,190,172,149,145,140,127,127,127,ApplicationBudget,13363
glyph16:U+005F,glyph16,119,classical,numeric-first,Timeout,129,23363,7,276.408,185,196,173,158,142,158,145,129,ApplicationBudget,13041
glyph16:U+005F,glyph16,119,classical,shuffled(1),Quiesced,132,6316,7,12.065,177,161,142,138,142,142,131,131,ApplicationBudget,13088
glyph16:U+005F,glyph16,119,classical,shuffled(2),Timeout,134,15832,7,228.827,172,193,173,188,188,188,162,136,ApplicationBudget,13172
glyph16:U+005F,glyph16,119,classical,shuffled(3),Timeout,131,19430,7,274.548,169,169,164,139,135,135,135,131,ApplicationBudget,13722
glyph16:U+0060,glyph16,1722,classical,production,ClassCap,2822,11627,5,63.835,3305,3305,3265,3250,3077,3019,3014,3015,ApplicationBudget,12810
glyph16:U+0060,glyph16,1722,classical,numeric-first,ClassCap,2735,9181,5,56.147,3065,3025,2926,2936,2782,2726,2726,2717,Quiesced,8745
glyph16:U+0060,glyph16,1722,classical,shuffled(1),ClassCap,2767,14851,7,75.570,3229,3229,3229,3229,3193,3013,2732,2646,Quiesced,11512
glyph16:U+0060,glyph16,1722,classical,shuffled(2),ClassCap,2808,9737,5,50.962,3129,3129,3129,3129,3040,2886,2830,2751,Quiesced,10479
glyph16:U+0060,glyph16,1722,classical,shuffled(3),ClassCap,2843,15565,6,88.464,3229,3229,3229,3229,3145,3066,3047,2983,ApplicationBudget,13212
glyph16:U+0061,glyph16,5743,classical,production,ClassCap,10588,2589,4,50.266,11260,11260,11084,10944,10917,10893,10325,10325,Quiesced,6491
glyph16:U+0061,glyph16,5743,classical,numeric-first,ClassCap,10050,1984,2,25.710,11084,10944,10917,10157,9849,9837,9619,9619,Quiesced,4454
glyph16:U+0061,glyph16,5743,classical,shuffled(1),ClassCap,10654,2304,3,36.993,10780,10780,10780,10780,10780,10876,10680,10654,Quiesced,6481
glyph16:U+0061,glyph16,5743,classical,shuffled(2),ClassCap,10077,2343,3,36.694,10524,10524,10524,10524,10524,10226,10131,10131,Quiesced,3826
glyph16:U+0061,glyph16,5743,classical,shuffled(3),ClassCap,10565,2514,3,38.540,10780,10780,10780,10780,10780,10755,10611,10611,Quiesced,5666
glyph16:U+0062,glyph16,5129,classical,production,ClassCap,9394,3026,4,49.340,10015,10015,9846,9726,9708,9259,9080,9153,Quiesced,10282
glyph16:U+0062,glyph16,5129,classical,numeric-first,ClassCap,8916,2334,2,24.901,9846,9726,9708,9043,8774,8407,8245,8245,Quiesced,4960
glyph16:U+0062,glyph16,5129,classical,shuffled(1),ClassCap,9448,2601,3,35.808,9575,9575,9575,9575,9575,9575,9474,9442,Quiesced,6535
glyph16:U+0062,glyph16,5129,classical,shuffled(2),ClassCap,9100,2759,3,35.382,9359,9359,9359,9359,9359,9085,8948,8948,Quiesced,4250
glyph16:U+0062,glyph16,5129,classical,shuffled(3),ClassCap,9417,3286,3,38.362,9575,9575,9575,9575,9575,9575,9422,9397,Quiesced,7226
glyph16:U+0063,glyph16,4671,classical,production,ClassCap,8385,3252,4,48.543,9133,9133,8985,8985,8880,8462,8299,8262,Quiesced,10554
glyph16:U+0063,glyph16,4671,classical,numeric-first,ClassCap,8111,2628,2,24.290,8985,8880,8862,8229,7984,7613,7451,7451,Quiesced,5309
glyph16:U+0063,glyph16,4671,classical,shuffled(1),ClassCap,8569,2918,4,46.533,8733,8733,8733,8733,8733,8733,8570,8569,Quiesced,6604
glyph16:U+0063,glyph16,4671,classical,shuffled(2),ClassCap,8125,3228,4,46.117,8509,8509,8509,8509,8509,8259,8095,8095,Quiesced,4571
glyph16:U+0063,glyph16,4671,classical,shuffled(3),ClassCap,8520,4016,4,49.763,8733,8733,8733,8733,8733,8733,8540,8500,Quiesced,7782
glyph16:U+0064,glyph16,5864,classical,production,ClassCap,10743,2542,4,50.114,11434,11434,11251,11121,11103,11094,10529,10529,Quiesced,6469
glyph16:U+0064,glyph16,5864,classical,numeric-first,ClassCap,10178,1947,2,25.649,11251,11121,11103,10326,10021,10056,9834,9834,Quiesced,4400
glyph16:U+0064,glyph16,5864,classical,shuffled(1),ClassCap,10810,2300,3,37.027,10934,10934,10934,10934,10934,11034,10810,10810,Quiesced,6335
glyph16:U+0064,glyph16,5864,classical,shuffled(2),ClassCap,10205,2286,3,36.762,10666,10666,10666,10666,10366,10097,9994,9994,Quiesced,3800
glyph16:U+0064,glyph16,5864,classical,shuffled(3),ClassCap,10713,2439,3,38.022,10934,10934,10934,10934,10934,10909,10812,10812,Quiesced,5652
glyph16:U+0065,glyph16,4872,classical,production,ClassCap,8737,3176,4,48.816,9487,9487,9332,9227,9212,8808,8744,8716,Quiesced,10425
glyph16:U+0065,glyph16,4872,classical,numeric-first,ClassCap,8442,2509,2,24.627,9332,9227,8572,8568,8328,7930,7764,7764,Quiesced,5340
glyph16:U+0065,glyph16,4872,classical,shuffled(1),ClassCap,8941,2748,4,46.986,9087,9087,9087,9087,9087,9087,8941,8941,Quiesced,6432
glyph16:U+0065,glyph16,4872,classical,shuffled(2),ClassCap,8452,2894,3,35.111,8847,8847,8847,8847,8847,8597,8455,8455,Quiesced,4401
glyph16:U+0065,glyph16,4872,classical,shuffled(3),ClassCap,8892,3542,3,38.306,9087,9087,9087,9087,9087,9087,8902,8872,Quiesced,7302
glyph16:U+0066,glyph16,2364,classical,production,ClassCap,3925,8613,5,69.804,4520,4460,4439,4425,4415,4104,3771,3854,ApplicationBudget,12876
glyph16:U+0066,glyph16,2364,classical,numeric-first,ClassCap,3938,7138,5,61.848,4232,4172,4151,4029,3861,3747,4001,3776,Quiesced,10861
glyph16:U+0066,glyph16,2364,classical,shuffled(1),ClassCap,3959,11502,8,88.985,4418,4418,4418,4418,4454,4376,4136,3894,Quiesced,10923
glyph16:U+0066,glyph16,2364,classical,shuffled(2),ClassCap,3859,7919,6,64.267,4310,4310,4310,4310,4182,4182,3922,3889,Quiesced,7585
glyph16:U+0066,glyph16,2364,classical,shuffled(3),ClassCap,4127,17223,8,156.618,4418,4418,4418,4418,4393,4308,4058,4087,ApplicationBudget,12826
glyph16:U+0067,glyph16,7009,classical,production,ClassCap,12787,2009,4,50.998,13639,13639,13639,13428,13278,13260,12609,12609,Quiesced,6023
glyph16:U+0067,glyph16,7009,classical,numeric-first,ClassCap,12167,1479,2,27.018,13428,13278,13260,12355,12350,11966,11966,11966,Quiesced,3167
glyph16:U+0067,glyph16,7009,classical,shuffled(1),ClassCap,12907,2065,3,38.513,13039,13039,13039,13039,13039,13039,12907,12907,Quiesced,5989
glyph16:U+0067,glyph16,7009,classical,shuffled(2),ClassCap,12167,1593,3,39.073,12743,12743,12743,12743,12743,12350,12350,12350,Quiesced,2843
glyph16:U+0067,glyph16,7009,classical,shuffled(3),ClassCap,12993,1844,2,26.756,13039,13039,13039,13039,13039,13039,12993,12993,Quiesced,5768
glyph16:U+0068,glyph16,2931,classical,production,ClassCap,5114,5491,4,51.784,5571,5571,5511,5496,5492,5138,5112,5005,ApplicationBudget,12811
glyph16:U+0068,glyph16,2931,classical,numeric-first,ClassCap,4900,5369,4,45.662,5203,5203,5143,4984,4784,4664,4664,4637,Quiesced,7183
glyph16:U+0068,glyph16,2931,classical,shuffled(1),ClassCap,5118,6394,5,55.730,5423,5423,5423,5423,5471,5379,5079,4777,Quiesced,9661
glyph16:U+0068,glyph16,2931,classical,shuffled(2),ClassCap,4952,4876,6,64.079,5295,5295,5295,5295,5151,4916,4740,4740,Quiesced,6135
glyph16:U+0068,glyph16,2931,classical,shuffled(3),ClassCap,5178,9518,5,71.668,5423,5423,5423,5423,5398,5398,5366,5216,Quiesced,10492
glyph16:U+0069,glyph16,2123,classical,production,ClassCap,3395,15272,8,123.186,3964,3964,3924,3900,3674,3595,3540,3302,ApplicationBudget,12848
glyph16:U+0069,glyph16,2123,classical,numeric-first,ClassCap,3465,8556,5,63.168,3724,3684,3564,3561,3394,3301,3289,3262,Quiesced,8276
glyph16:U+0069,glyph16,2123,classical,shuffled(1),ClassCap,3407,15845,8,90.643,3847,3847,3847,3847,3836,3636,3384,3291,Quiesced,10817
glyph16:U+0069,glyph16,2123,classical,shuffled(2),ClassCap,3350,11527,8,86.962,3767,3767,3767,3767,3656,3524,3437,3424,Quiesced,10403
glyph16:U+0069,glyph16,2123,classical,shuffled(3),ClassCap,3424,18542,8,158.108,3847,3847,3847,3847,3822,3819,3705,3642,ApplicationBudget,12854
glyph16:U+006A,glyph16,4293,classical,production,ClassCap,7463,3427,4,47.846,8152,8152,8032,8032,7947,7540,7502,7473,Quiesced,11031
glyph16:U+006A,glyph16,4293,classical,numeric-first,ClassCap,7247,3153,3,34.980,8032,7947,7929,7160,7191,6816,6683,6683,Quiesced,5757
glyph16:U+006A,glyph16,4293,classical,shuffled(1),ClassCap,7556,3269,4,45.675,7792,7792,7792,7792,7792,7744,7299,7121,Quiesced,7689
glyph16:U+006A,glyph16,4293,classical,shuffled(2),ClassCap,7257,3882,4,45.832,7608,7608,7608,7608,7392,7079,6954,6954,Quiesced,4804
glyph16:U+006A,glyph16,4293,classical,shuffled(3),ClassCap,7580,4536,4,51.239,7792,7792,7792,7792,7792,7767,7652,7565,Quiesced,9503
glyph16:U+006B,glyph16,1460,classical,production,ClassCap,2430,18239,8,171.462,2873,2873,2818,2788,2567,2526,2259,2299,ApplicationBudget,12967
glyph16:U+006B,glyph16,1460,classical,numeric-first,ClassCap,2439,10387,5,67.731,2713,2658,2568,2549,2426,2319,2495,2308,Quiesced,12727
glyph16:U+006B,glyph16,1460,classical,shuffled(1),ClassCap,2289,22413,8,86.145,2823,2823,2823,2793,2793,2638,2456,2378,ApplicationBudget,12867
glyph16:U+006B,glyph16,1460,classical,shuffled(2),ClassCap,2336,18889,8,84.915,2763,2763,2763,2678,2678,2590,2558,2449,Quiesced,12484
glyph16:U+006B,glyph16,1460,classical,shuffled(3),ClassCap,2380,17385,6,155.991,2823,2823,2823,2798,2798,2838,2693,2640,ApplicationBudget,13009
glyph16:U+006C,glyph16,323,classical,production,Timeout,488,20597,5,336.124,629,609,585,524,488,443,426,417,ApplicationBudget,12832
glyph16:U+006C,glyph16,323,classical,numeric-first,Timeout,443,21940,6,255.282,613,593,669,650,635,590,435,431,ApplicationBudget,12969
glyph16:U+006C,glyph16,323,classical,shuffled(1),ClassCap,417,28280,8,65.272,609,609,560,532,508,474,417,417,ApplicationBudget,14136
glyph16:U+006C,glyph16,323,classical,shuffled(2),Timeout,431,28380,8,311.049,586,578,558,534,515,515,443,417,ApplicationBudget,12945
glyph16:U+006C,glyph16,323,classical,shuffled(3),Timeout,474,16012,5,231.146,619,619,619,566,536,522,489,474,ApplicationBudget,13079
glyph16:U+006D,glyph16,5289,classical,production,ClassCap,9615,2968,4,49.322,10268,10268,10099,9979,9961,9952,9430,9430,Quiesced,6551
glyph16:U+006D,glyph16,5289,classical,numeric-first,ClassCap,9127,2234,2,25.047,10099,9979,9961,9264,8995,8584,8388,8388,Quiesced,4818
glyph16:U+006D,glyph16,5289,classical,shuffled(1),ClassCap,9683,2531,3,36.092,9828,9828,9828,9828,9828,9828,9727,9683,Quiesced,6475
glyph16:U+006D,glyph16,5289,classical,shuffled(2),ClassCap,9248,2667,3,35.531,9580,9580,9580,9580,9580,9296,9173,9173,Quiesced,4175
glyph16:U+006D,glyph16,5289,classical,shuffled(3),ClassCap,9626,3317,4,50.237,9828,9828,9828,9828,9828,9828,9636,9616,Quiesced,7411
glyph16:U+006E,glyph16,2264,classical,production,ClassCap,3708,12175,8,117.815,4329,4329,4274,4274,4076,3971,3940,3798,Quiesced,11451
glyph16:U+006E,glyph16,2264,classical,numeric-first,ClassCap,3746,7361,5,60.807,4041,3986,3968,3851,3688,3589,3585,3558,Quiesced,7499
glyph16:U+006E,glyph16,2264,classical,shuffled(1),ClassCap,3747,11561,8,88.563,4227,4227,4227,4227,4263,4185,3950,3664,Quiesced,11182
glyph16:U+006E,glyph16,2264,classical,shuffled(2),ClassCap,3663,9776,8,86.776,4119,4119,4119,4119,3996,3996,3736,3673,Quiesced,8099
glyph16:U+006E,glyph16,2264,classical,shuffled(3),ClassCap,3932,18318,8,150.941,4227,4227,4227,4227,4202,4085,3980,3929,ApplicationBudget,12904
glyph16:U+006F,glyph16,5716,classical,production,ClassCap,10218,2702,4,49.915,10888,10888,10738,10638,10638,10638,10068,10068,Quiesced,6319
glyph16:U+006F,glyph16,5716,classical,numeric-first,ClassCap,9686,2075,2,25.883,10738,10638,10638,9886,9586,9229,9077,9077,Quiesced,4614
glyph16:U+006F,glyph16,5716,classical,shuffled(1),ClassCap,10302,2387,3,36.947,10388,10388,10388,10388,10388,10338,10238,10218,Quiesced,6798
glyph16:U+006F,glyph16,5716,classical,shuffled(2),ClassCap,9720,2481,3,37.039,10136,10136,10136,10136,9836,9549,9436,9436,Quiesced,3948
glyph16:U+006F,glyph16,5716,classical,shuffled(3),ClassCap,10216,2820,3,38.840,10388,10388,10388,10388,10388,10368,10200,10200,Quiesced,5851
glyph16:U+0070,glyph16,5406,classical,production,ClassCap,9879,2841,4,49.861,10540,10540,10371,10251,10233,10224,9683,9683,Quiesced,6517
glyph16:U+0070,glyph16,5406,classical,numeric-first,ClassCap,9376,2159,2,25.491,10371,10251,10233,9520,9239,8852,8677,8677,Quiesced,4766
glyph16:U+0070,glyph16,5406,classical,shuffled(1),ClassCap,9952,2451,3,36.616,10080,10080,10080,10080,10080,10003,9662,9662,Quiesced,5734
glyph16:U+0070,glyph16,5406,classical,shuffled(2),ClassCap,9451,2578,3,35.939,9836,9836,9836,9836,9836,9545,9436,9436,Quiesced,4056
glyph16:U+0070,glyph16,5406,classical,shuffled(3),ClassCap,9888,2974,3,39.319,10080,10080,10080,10080,10080,10055,9860,9860,Quiesced,5955
glyph16:U+0071,glyph16,5046,classical,production,ClassCap,9156,3104,4,49.879,9712,9712,9561,9451,9411,8962,8780,8856,Quiesced,10352
glyph16:U+0071,glyph16,5046,classical,numeric-first,ClassCap,8662,2422,2,25.143,9561,9451,9411,8752,8493,8148,7989,7989,Quiesced,5118
glyph16:U+0071,glyph16,5046,classical,shuffled(1),ClassCap,9175,2685,3,36.012,9282,9282,9282,9282,9282,9282,9175,9175,Quiesced,6317
glyph16:U+0071,glyph16,5046,classical,shuffled(2),ClassCap,8761,2866,3,35.586,9072,9072,9072,9072,9072,8813,8662,8662,Quiesced,4421
glyph16:U+0071,glyph16,5046,classical,shuffled(3),ClassCap,9128,3460,3,38.814,9282,9282,9282,9282,9282,9282,9138,9113,Quiesced,7118
glyph16:U+0072,glyph16,2456,classical,production,ClassCap,4152,7671,5,67.614,4771,4771,4696,4666,4637,4326,4230,4235,ApplicationBudget,12804
glyph16:U+0072,glyph16,2456,classical,numeric-first,ClassCap,4135,6916,5,60.631,4467,4392,4362,4225,4020,3873,3853,3816,Quiesced,7285
glyph16:U+0072,glyph16,2456,classical,shuffled(1),ClassCap,4231,10285,8,88.853,4669,4669,4669,4669,4669,4607,4323,4152,Quiesced,10625
glyph16:U+0072,glyph16,2456,classical,shuffled(2),ClassCap,4076,6807,5,53.934,4545,4545,4545,4545,4412,4412,4131,4107,Quiesced,7299
glyph16:U+0072,glyph16,2456,classical,shuffled(3),ClassCap,4396,11259,5,87.299,4669,4669,4669,4669,4669,4554,4304,4262,ApplicationBudget,12801
glyph16:U+0073,glyph16,6929,classical,production,ClassCap,12668,2041,4,51.484,13519,13519,13519,13308,13158,13140,12489,12489,Quiesced,6277
glyph16:U+0073,glyph16,6929,classical,numeric-first,ClassCap,12031,1533,2,27.397,13308,13158,13140,12219,12214,11830,11830,11830,Quiesced,3208
glyph16:U+0073,glyph16,6929,classical,shuffled(1),ClassCap,12787,2098,3,38.966,12919,12919,12919,12919,12919,12919,12787,12787,Quiesced,6028
glyph16:U+0073,glyph16,6929,classical,shuffled(2),ClassCap,12032,1643,3,39.303,12607,12607,12607,12607,12607,12207,12207,12207,Quiesced,2885
glyph16:U+0073,glyph16,6929,classical,shuffled(3),ClassCap,12873,1870,2,27.504,12919,12919,12919,12919,12919,12919,12873,12873,Quiesced,5800
glyph16:U+0074,glyph16,2421,classical,production,ClassCap,4088,7907,5,62.919,4685,4685,4620,4588,4569,4277,4231,4191,ApplicationBudget,13146
glyph16:U+0074,glyph16,2421,classical,numeric-first,ClassCap,4100,7204,5,58.010,4389,4324,4292,4164,3997,3878,4153,4129,Quiesced,7342
glyph16:U+0074,glyph16,2421,classical,shuffled(1),ClassCap,4274,7456,5,54.812,4583,4583,4583,4583,4620,4537,4287,4079,Quiesced,10393
glyph16:U+0074,glyph16,2421,classical,shuffled(2),ClassCap,4046,6620,5,53.995,4472,4472,4472,4472,4343,4343,4082,4037,Quiesced,7512
glyph16:U+0074,glyph16,2421,classical,shuffled(3),ClassCap,4248,15111,8,126.508,4583,4583,4583,4583,4583,4477,4247,4224,ApplicationBudget,12877
glyph16:U+0075,glyph16,2493,classical,production,ClassCap,4135,7957,5,62.383,4772,4712,4694,4685,4680,4371,4009,4026,ApplicationBudget,12871
glyph16:U+0075,glyph16,2493,classical,numeric-first,ClassCap,4141,6942,5,58.283,4452,4392,4374,4245,4062,3955,3951,3937,Quiesced,7267
glyph16:U+0075,glyph16,2493,classical,shuffled(1),ClassCap,4373,7317,5,54.482,4657,4657,4657,4657,4657,4612,4352,4192,Quiesced,9643
glyph16:U+0075,glyph16,2493,classical,shuffled(2),ClassCap,4114,6357,5,53.087,4537,4537,4537,4537,4407,4407,4146,4127,Quiesced,7302
glyph16:U+0075,glyph16,2493,classical,shuffled(3),ClassCap,4391,12352,6,91.400,4657,4657,4657,4657,4657,4562,4322,4322,ApplicationBudget,12825
glyph16:U+0076,glyph16,1115,classical,production,Timeout,1625,19266,8,211.281,2095,2060,2048,1948,1867,1781,1580,1564,ApplicationBudget,13181
glyph16:U+0076,glyph16,1115,classical,numeric-first,ClassCap,1632,19423,8,190.118,1903,1876,1864,1756,1704,1762,1738,1577,ApplicationBudget,12808
glyph16:U+0076,glyph16,1115,classical,shuffled(1),ClassCap,1566,22940,8,92.699,2046,2046,2046,2031,1916,1752,1732,1678,ApplicationBudget,12965
glyph16:U+0076,glyph16,1115,classical,shuffled(2),ClassCap,1631,21703,8,111.585,1982,1982,1982,1924,1836,1804,1804,1728,ApplicationBudget,12842
glyph16:U+0076,glyph16,1115,classical,shuffled(3),Timeout,1553,18574,6,253.798,2046,2046,2046,2026,2010,1941,1933,1897,ApplicationBudget,12816
glyph16:U+0077,glyph16,3663,classical,production,ClassCap,6577,3978,4,50.290,7235,7235,7131,7131,7021,6521,6480,6403,Quiesced,11583
glyph16:U+0077,glyph16,3663,classical,numeric-first,ClassCap,6367,3631,3,35.002,7131,7021,6495,6445,6235,5837,5646,5646,Quiesced,5969
glyph16:U+0077,glyph16,3663,classical,shuffled(1),ClassCap,6608,3700,5,55.323,6945,6945,6945,6945,6945,6899,6499,6251,Quiesced,8344
glyph16:U+0077,glyph16,3663,classical,shuffled(2),ClassCap,6366,4372,6,66.944,6755,6755,6755,6755,6560,6560,6388,6388,Quiesced,5368
glyph16:U+0077,glyph16,3663,classical,shuffled(3),ClassCap,6624,5932,4,51.484,6945,6945,6945,6945,6945,6821,6714,6604,Quiesced,9293
glyph16:U+0078,glyph16,343,classical,production,Timeout,599,14396,4,209.304,772,732,708,621,560,432,403,407,ApplicationBudget,13277
glyph16:U+0078,glyph16,343,classical,numeric-first,Timeout,559,16566,5,200.605,756,716,786,746,706,578,408,407,ApplicationBudget,13016
glyph16:U+0078,glyph16,343,classical,shuffled(1),Timeout,418,19766,6,353.031,752,736,688,655,610,570,442,418,ApplicationBudget,12875
glyph16:U+0078,glyph16,343,classical,shuffled(2),Timeout,559,16577,5,200.117,736,736,736,672,635,599,546,418,ApplicationBudget,13641
glyph16:U+0078,glyph16,343,classical,shuffled(3),Timeout,586,9983,4,236.248,762,762,762,752,696,639,599,559,ApplicationBudget,12950
glyph16:U+0079,glyph16,3530,classical,production,ClassCap,6260,4251,4,67.451,6937,6937,6826,6726,6685,6215,6203,6097,Quiesced,11496
glyph16:U+0079,glyph16,3530,classical,numeric-first,ClassCap,6114,3875,4,94.708,6826,6726,6213,6179,5985,5631,5475,5475,Quiesced,6020
glyph16:U+0079,glyph16,3530,classical,shuffled(1),ClassCap,6269,3749,4,92.762,6652,6652,6652,6652,6652,6598,6213,6089,Quiesced,7286
glyph16:U+0079,glyph16,3530,classical,shuffled(2),ClassCap,6126,4163,4,66.163,6465,6465,6465,6465,6465,6281,6113,6113,Quiesced,5774
glyph16:U+0079,glyph16,3530,classical,shuffled(3),ClassCap,6343,6239,4,115.060,6652,6652,6652,6652,6652,6521,6417,6370,Quiesced,9478
glyph16:U+007A,glyph16,255,classical,production,Timeout,393,14117,5,200.559,506,491,458,402,404,353,345,345,ApplicationBudget,12851
glyph16:U+007A,glyph16,255,classical,numeric-first,Timeout,353,20351,6,373.308,490,557,536,522,512,345,366,352,ApplicationBudget,12846
glyph16:U+007A,glyph16,255,classical,shuffled(1),Quiesced,331,32158,11,90.303,486,462,442,412,398,388,358,331,ApplicationBudget,12917
glyph16:U+007A,glyph16,255,classical,shuffled(2),Timeout,345,26453,8,295.754,463,455,455,440,430,397,383,344,ApplicationBudget,12887
glyph16:U+007A,glyph16,255,classical,shuffled(3),Timeout,369,15017,5,308.094,496,496,496,468,428,407,393,383,ApplicationBudget,13135
glyph16:U+007B,glyph16,4598,classical,production,ClassCap,8171,3293,4,49.900,8901,8901,8760,8665,8650,8266,8103,8071,Quiesced,11100
glyph16:U+007B,glyph16,4598,classical,numeric-first,ClassCap,7947,2665,2,24.699,8760,8665,8090,8086,7858,7566,7417,7417,Quiesced,5491
glyph16:U+007B,glyph16,4598,classical,shuffled(1),ClassCap,8340,2987,4,46.207,8521,8521,8521,8521,8521,8597,8416,8347,Quiesced,6844
glyph16:U+007B,glyph16,4598,classical,shuffled(2),ClassCap,7954,3399,4,46.536,8341,8341,8341,8341,8113,7834,7688,7688,Quiesced,4464
glyph16:U+007B,glyph16,4598,classical,shuffled(3),ClassCap,8314,3892,3,38.698,8521,8521,8521,8521,8521,8496,8339,8284,Quiesced,7946
glyph16:U+007C,glyph16,119,classical,production,Quiesced,133,15325,7,38.333,189,180,153,149,149,137,131,131,ApplicationBudget,12958
glyph16:U+007C,glyph16,119,classical,numeric-first,Quiesced,133,16006,7,41.862,185,172,153,142,142,142,142,148,ApplicationBudget,13071
glyph16:U+007C,glyph16,119,classical,shuffled(1),Quiesced,136,8413,8,15.617,177,174,155,142,146,146,146,146,ApplicationBudget,13213
glyph16:U+007C,glyph16,119,classical,shuffled(2),Quiesced,133,12301,7,21.118,177,206,177,238,226,226,209,170,ApplicationBudget,12919
glyph16:U+007C,glyph16,119,classical,shuffled(3),Timeout,135,16239,6,280.996,173,173,173,158,140,135,135,135,ApplicationBudget,13114
glyph16:U+007D,glyph16,4598,classical,production,ClassCap,8172,3294,4,48.647,8901,8901,8760,8665,8650,8266,8113,8081,Quiesced,11087
glyph16:U+007D,glyph16,4598,classical,numeric-first,ClassCap,7957,2690,2,24.571,8760,8665,8090,8086,7858,7566,7427,7427,Quiesced,5539
glyph16:U+007D,glyph16,4598,classical,shuffled(1),ClassCap,8346,3007,4,46.315,8521,8521,8521,8521,8521,8597,8416,8357,Quiesced,6876
glyph16:U+007D,glyph16,4598,classical,shuffled(2),ClassCap,7964,3391,4,47.032,8341,8341,8341,8341,8113,7844,7698,7698,Quiesced,4469
glyph16:U+007D,glyph16,4598,classical,shuffled(3),ClassCap,8328,3894,3,38.751,8521,8521,8521,8521,8521,8496,8353,8303,Quiesced,7960
glyph16:U+007E,glyph16,5093,classical,production,ClassCap,9338,3002,4,54.757,9925,9925,9768,9663,9663,9223,9051,9146,Quiesced,10076
glyph16:U+007E,glyph16,5093,classical,numeric-first,ClassCap,8784,2343,2,25.524,9768,9663,8943,8943,8679,8239,8059,8059,Quiesced,4930
glyph16:U+007E,glyph16,5093,classical,shuffled(1),ClassCap,9380,2595,3,37.781,9485,9485,9485,9485,9485,9485,9396,9374,Quiesced,6609
glyph16:U+007E,glyph16,5093,classical,shuffled(2),ClassCap,8955,2751,3,35.593,9205,9205,9205,9205,9205,8941,8805,8805,Quiesced,4293
glyph16:U+007E,glyph16,5093,classical,shuffled(3),ClassCap,9323,3244,3,38.981,9485,9485,9485,9485,9485,9485,9376,9322,Quiesced,7594
glyph32:U+0020,glyph32,1,blitz,production,Quiesced,0,0,1,0.007,0,0,0,0,0,0,0,0,Quiesced,0
glyph32:U+0020,glyph32,1,blitz,numeric-first,Quiesced,0,0,1,0.005,0,0,0,0,0,0,0,0,Quiesced,0
glyph32:U+0020,glyph32,1,blitz,shuffled(1),Quiesced,0,0,1,0.005,0,0,0,0,0,0,0,0,Quiesced,0
glyph32:U+0020,glyph32,1,blitz,shuffled(2),Quiesced,0,0,1,0.005,0,0,0,0,0,0,0,0,Quiesced,0
glyph32:U+0020,glyph32,1,blitz,shuffled(3),Quiesced,0,0,1,0.005,0,0,0,0,0,0,0,0,Quiesced,0
glyph32:U+0021,glyph32,1927,classical,production,ClassCap,3063,16081,8,114.304,3613,3613,3573,3567,3397,3310,3032,3052,ApplicationBudget,12823
glyph32:U+0021,glyph32,1927,classical,numeric-first,ClassCap,3026,9636,7,85.306,3373,3333,3231,3237,3075,2997,2989,2980,Quiesced,8305
glyph32:U+0021,glyph32,1927,classical,shuffled(1),ClassCap,3041,14664,8,93.708,3505,3505,3505,3505,3485,3285,3051,2993,Quiesced,11071
glyph32:U+0021,glyph32,1927,classical,shuffled(2),ClassCap,3092,12885,9,100.879,3425,3425,3425,3425,3324,3192,3144,3047,Quiesced,11191
glyph32:U+0021,glyph32,1927,classical,shuffled(3),ClassCap,3094,18532,8,131.727,3505,3505,3505,3505,3485,3468,3354,3333,ApplicationBudget,12870
glyph32:U+0022,glyph32,199,classical,production,Timeout,290,18218,5,207.789,394,374,362,326,297,216,212,212,ApplicationBudget,13491
glyph32:U+0022,glyph32,199,classical,numeric-first,Timeout,214,25416,7,362.855,412,432,420,400,240,234,214,212,ApplicationBudget,12802
glyph32:U+0022,glyph32,199,classical,shuffled(1),Timeout,217,20648,7,290.419,408,372,356,336,306,234,230,217,ApplicationBudget,13765
glyph32:U+0022,glyph32,199,classical,shuffled(2),Timeout,223,21608,7,308.063,390,382,404,502,502,540,545,360,ApplicationBudget,13116
glyph32:U+0022,glyph32,199,classical,shuffled(3),Timeout,292,17250,6,202.390,408,408,408,358,356,313,293,233,ApplicationBudget,13732
glyph32:U+0023,glyph32,615,classical,production,Timeout,965,13625,4,200.205,1194,1144,1102,986,920,776,744,739,ApplicationBudget,12819
glyph32:U+0023,glyph32,615,classical,numeric-first,Timeout,785,20947,6,265.916,1178,1300,1258,1209,1164,1025,993,749,ApplicationBudget,13101
glyph32:U+0023,glyph32,615,classical,shuffled(1),Timeout,735,37838,9,208.533,1194,1194,1194,1144,1098,995,950,811,ApplicationBudget,12936
glyph32:U+0023,glyph32,615,classical,shuffled(2),Timeout,763,23089,8,216.842,1153,1153,1153,1153,1115,1115,1014,951,ApplicationBudget,13686
glyph32:U+0023,glyph32,615,classical,shuffled(3),Timeout,920,17991,5,440.822,1184,1184,1184,1184,1171,1056,1014,965,ApplicationBudget,13715
glyph32:U+0024,glyph32,7185,classical,production,ClassCap,13115,1962,4,52.028,13957,13957,13957,13739,13584,13031,12957,12957,Quiesced,4407
glyph32:U+0024,glyph32,7185,classical,numeric-first,ClassCap,12442,1367,2,27.366,13739,13739,13584,12654,12645,12251,12251,12251,Quiesced,3039
glyph32:U+0024,glyph32,7185,classical,shuffled(1),ClassCap,13198,2035,3,39.450,13357,13357,13357,13357,13357,13357,13198,13198,Quiesced,5983
glyph32:U+0024,glyph32,7185,classical,shuffled(2),ClassCap,12510,1482,3,40.074,13045,13045,13045,13045,13045,12641,12641,12641,Quiesced,2778
glyph32:U+0024,glyph32,7185,classical,shuffled(3),ClassCap,13291,1790,2,27.405,13357,13357,13357,13357,13357,13357,13291,13291,Quiesced,5738
glyph32:U+0025,glyph32,7327,classical,production,ClassCap,12619,2081,4,51.288,13438,13438,13438,13302,13207,13204,12514,12514,Quiesced,6341
glyph32:U+0025,glyph32,7327,classical,numeric-first,ClassCap,12001,1545,2,27.465,13302,13207,13204,12287,11898,11934,11934,11934,Quiesced,3171
glyph32:U+0025,glyph32,7327,classical,shuffled(1),ClassCap,12745,2108,3,38.990,12798,12798,12798,12798,12798,12798,12745,12745,Quiesced,5840
glyph32:U+0025,glyph32,7327,classical,shuffled(2),ClassCap,11988,1761,3,39.251,12526,12526,12526,12526,12526,12074,12074,12074,Quiesced,3044
glyph32:U+0025,glyph32,7327,classical,shuffled(3),ClassCap,12753,1917,2,26.929,12798,12798,12798,12798,12798,12798,12753,12753,Quiesced,5649
glyph32:U+0026,glyph32,9420,classical,production,ClassCap,17979,698,2,28.488,18264,18264,18264,17988,17779,17779,17779,17779,Quiesced,1502
glyph32:U+0026,glyph32,9420,classical,numeric-first,ClassCap,16661,743,2,27.771,17988,17988,17788,17782,16489,16489,16489,16489,Quiesced,1569
glyph32:U+0026,glyph32,9420,classical,shuffled(1),ClassCap,17553,1246,3,41.379,17529,17529,17529,17529,17553,17553,17553,17553,Quiesced,1540
glyph32:U+0026,glyph32,9420,classical,shuffled(2),ClassCap,16804,765,2,28.822,17032,17032,17032,17032,16809,16804,16804,16804,Quiesced,1689
glyph32:U+0026,glyph32,9420,classical,shuffled(3),ClassCap,17488,1222,2,28.562,17529,17529,17529,17529,17488,17488,17488,17488,Quiesced,1516
glyph32:U+0027,glyph32,127,classical,production,Timeout,137,22050,6,383.311,239,225,207,197,182,135,131,131,ApplicationBudget,13255
glyph32:U+0027,glyph32,127,classical,numeric-first,Timeout,133,21540,7,267.314,235,217,207,190,180,146,142,144,ApplicationBudget,13091
glyph32:U+0027,glyph32,127,classical,shuffled(1),Timeout,136,18787,7,209.911,227,238,219,204,194,184,139,135,ApplicationBudget,13414
glyph32:U+0027,glyph32,127,classical,shuffled(2),Timeout,137,19424,7,239.452,227,227,291,283,283,337,337,219,ApplicationBudget,13024
glyph32:U+0027,glyph32,127,classical,shuffled(3),Timeout,143,17056,6,219.813,223,223,223,215,194,184,174,143,ApplicationBudget,13389
glyph32:U+0028,glyph32,1855,classical,production,ClassCap,3051,10896,5,69.090,3541,3541,3501,3501,3317,3253,3243,3039,ApplicationBudget,12812
glyph32:U+0028,glyph32,1855,classical,numeric-first,ClassCap,2987,8221,5,57.499,3301,3261,3165,3181,3029,2981,2981,2977,Quiesced,8323
glyph32:U+0028,glyph32,1855,classical,shuffled(1),ClassCap,3030,11977,6,66.867,3447,3447,3447,3447,3413,3213,2985,2927,Quiesced,11085
glyph32:U+0028,glyph32,1855,classical,shuffled(2),ClassCap,3072,10670,6,64.885,3367,3367,3367,3367,3271,3139,3029,3033,Quiesced,11413
glyph32:U+0028,glyph32,1855,classical,shuffled(3),ClassCap,3078,14907,6,88.360,3447,3447,3447,3447,3427,3401,3277,3254,ApplicationBudget,12816
glyph32:U+0029,glyph32,1855,classical,production,ClassCap,3051,10902,5,68.807,3541,3541,3501,3501,3317,3253,3243,3033,ApplicationBudget,12808
glyph32:U+0029,glyph32,1855,classical,numeric-first,ClassCap,2987,8220,5,57.714,3301,3261,3165,3181,3029,2981,2981,2977,Quiesced,8323
glyph32:U+0029,glyph32,1855,classical,shuffled(1),ClassCap,3040,11763,6,66.956,3447,3447,3447,3447,3413,3213,2985,2908,Quiesced,11057
glyph32:U+0029,glyph32,1855,classical,shuffled(2),ClassCap,3072,10643,6,64.786,3367,3367,3367,3367,3271,3139,3029,3033,Quiesced,11403
glyph32:U+0029,glyph32,1855,classical,shuffled(3),ClassCap,3078,14648,6,88.322,3447,3447,3447,3447,3427,3401,3277,3269,ApplicationBudget,12840
glyph32:U+002A,glyph32,559,classical,production,Timeout,1003,15357,5,280.416,1335,1265,1223,1153,1012,842,786,737,ApplicationBudget,13287
glyph32:U+002A,glyph32,559,classical,numeric-first,Timeout,793,20605,6,201.062,1319,1249,1403,1333,1263,1053,997,747,ApplicationBudget,13840
glyph32:U+002A,glyph32,559,classical,shuffled(1),Timeout,785,21816,6,216.976,1335,1335,1335,1265,1203,1117,1033,785,ApplicationBudget,13045
glyph32:U+002A,glyph32,559,classical,shuffled(2),Timeout,806,17784,8,227.438,1294,1294,1294,1294,1272,1255,1143,1073,ApplicationBudget,12997
glyph32:U+002A,glyph32,559,classical,shuffled(3),Timeout,994,17818,5,385.550,1325,1325,1325,1325,1260,1177,1135,1065,ApplicationBudget,13400
glyph32:U+002B,glyph32,247,classical,production,ClassCap,319,27850,7,75.010,393,388,373,337,345,329,316,319,ApplicationBudget,12985
glyph32:U+002B,glyph32,247,classical,numeric-first,ClassCap,319,28164,7,86.079,396,461,446,442,442,329,320,344,ApplicationBudget,13344
glyph32:U+002B,glyph32,247,classical,shuffled(1),Quiesced,320,27693,11,48.421,392,371,352,343,338,338,338,338,ApplicationBudget,12991
glyph32:U+002B,glyph32,247,classical,shuffled(2),ClassCap,319,22647,7,40.710,369,361,361,376,372,372,328,319,ApplicationBudget,12998
glyph32:U+002B,glyph32,247,classical,shuffled(3),Timeout,319,18881,6,575.179,392,392,387,357,320,320,320,320,ApplicationBudget,13026
glyph32:U+002C,glyph32,1694,classical,production,ClassCap,2770,12649,7,126.812,3264,3264,3224,3221,2991,2984,2949,2715,ApplicationBudget,12808
glyph32:U+002C,glyph32,1694,classical,numeric-first,ClassCap,2701,8670,5,58.585,3024,2984,2897,2906,2747,2676,2672,2699,Quiesced,9007
glyph32:U+002C,glyph32,1694,classical,shuffled(1),ClassCap,2698,15944,8,91.996,3183,3183,3183,3183,3152,3036,2972,2654,ApplicationBudget,12816
glyph32:U+002C,glyph32,1694,classical,shuffled(2),ClassCap,2767,12667,8,88.818,3083,3083,3083,3083,2994,2840,2784,2705,Quiesced,10447
glyph32:U+002C,glyph32,1694,classical,shuffled(3),ClassCap,2785,21236,8,131.612,3183,3183,3183,3183,3104,3104,3025,3037,ApplicationBudget,13412
glyph32:U+002D,glyph32,119,classical,production,Quiesced,133,15080,7,35.402,189,180,153,149,149,137,131,131,ApplicationBudget,12967
glyph32:U+002D,glyph32,119,classical,numeric-first,Quiesced,133,19137,8,47.963,185,172,153,142,142,142,142,148,ApplicationBudget,13439
glyph32:U+002D,glyph32,119,classical,shuffled(1),Quiesced,136,8267,8,15.209,177,174,155,142,146,146,146,135,ApplicationBudget,13300
glyph32:U+002D,glyph32,119,classical,shuffled(2),Quiesced,138,12307,7,21.214,177,206,177,238,226,226,209,170,ApplicationBudget,12919
glyph32:U+002D,glyph32,119,classical,shuffled(3),Timeout,135,16126,6,393.545,173,173,173,158,140,135,135,135,ApplicationBudget,12982
glyph32:U+002E,glyph32,1855,classical,production,ClassCap,2877,10563,5,83.753,3340,3340,3315,3315,3131,3067,3062,2877,ApplicationBudget,13150
glyph32:U+002E,glyph32,1855,classical,numeric-first,ClassCap,2811,8825,5,58.931,3100,3075,3075,2979,2863,2795,2795,2820,Quiesced,8485
glyph32:U+002E,glyph32,1855,classical,shuffled(1),ClassCap,2835,11508,6,66.071,3225,3225,3225,3225,3212,3072,3027,2773,Quiesced,12461
glyph32:U+002E,glyph32,1855,classical,shuffled(2),ClassCap,2897,10608,6,63.952,3145,3145,3145,3145,3049,2917,2869,2811,Quiesced,10219
glyph32:U+002E,glyph32,1855,classical,shuffled(3),ClassCap,2902,14590,6,88.368,3225,3225,3225,3225,3155,3155,3101,3137,ApplicationBudget,13118
glyph32:U+002F,glyph32,127,classical,production,Timeout,166,17350,5,207.298,233,206,196,186,166,132,128,128,ApplicationBudget,12936
glyph32:U+002F,glyph32,127,classical,numeric-first,Timeout,134,22131,7,278.206,232,214,204,187,177,147,143,137,ApplicationBudget,13997
glyph32:U+002F,glyph32,127,classical,shuffled(1),Timeout,124,18588,7,212.364,224,228,242,186,176,166,136,128,ApplicationBudget,13089
glyph32:U+002F,glyph32,127,classical,shuffled(2),Timeout,138,17653,7,246.812,221,211,268,260,260,314,274,202,ApplicationBudget,13023
glyph32:U+002F,glyph32,127,classical,shuffled(3),Timeout,162,12370,5,211.824,207,207,202,197,186,176,162,132,ApplicationBudget,13287
glyph32:U+0030,glyph32,5402,classical,production,ClassCap,9922,2818,4,50.057,10562,10562,10412,10292,10280,10260,9701,9701,Quiesced,6390
glyph32:U+0030,glyph32,5402,classical,numeric-first,ClassCap,9438,2138,2,25.642,10412,10292,10280,9572,9276,8855,8677,8677,Quiesced,4668
glyph32:U+0030,glyph32,5402,classical,shuffled(1),ClassCap,9998,2477,3,36.685,10102,10102,10102,10102,10102,10044,9698,9698,Quiesced,5737
glyph32:U+0030,glyph32,5402,classical,shuffled(2),ClassCap,9520,2582,3,36.106,9874,9874,9874,9874,9874,9588,9467,9467,Quiesced,4066
glyph32:U+0030,glyph32,5402,classical,shuffled(3),ClassCap,9933,2981,3,38.186,10102,10102,10102,10102,10102,10082,9912,9912,Quiesced,6247
glyph32:U+0031,glyph32,1452,classical,production,Timeout,2420,18438,8,213.457,2823,2823,2768,2738,2558,2512,2432,2304,ApplicationBudget,13109
glyph32:U+0031,glyph32,1452,classical,numeric-first,ClassCap,2505,10869,5,75.960,2695,2640,2562,2455,2386,2516,2496,2307,Quiesced,12570
glyph32:U+0031,glyph32,1452,classical,shuffled(1),ClassCap,2296,22965,8,88.251,2793,2793,2793,2793,2759,2604,2458,2382,ApplicationBudget,12950
glyph32:U+0031,glyph32,1452,classical,shuffled(2),ClassCap,2357,22208,8,86.514,2745,2745,2745,2697,2611,2587,2587,2427,ApplicationBudget,12840
glyph32:U+0031,glyph32,1452,classical,shuffled(3),ClassCap,2387,17416,6,160.561,2793,2793,2793,2793,2723,2639,2611,2599,ApplicationBudget,12837
glyph32:U+0032,glyph32,3891,classical,production,ClassCap,6961,3851,4,49.605,7641,7641,7514,7514,7414,6900,6892,6855,Quiesced,11607
glyph32:U+0032,glyph32,3891,classical,numeric-first,ClassCap,6747,3382,3,35.400,7514,7414,7390,6683,6700,6327,6176,6176,Quiesced,5963
glyph32:U+0032,glyph32,3891,classical,shuffled(1),ClassCap,6925,3668,4,45.758,7321,7321,7321,7321,7321,7258,6838,6622,Quiesced,8196
glyph32:U+0032,glyph32,3891,classical,shuffled(2),ClassCap,6759,4044,4,45.476,7145,7145,7145,7145,6938,6630,6484,6484,Quiesced,5049
glyph32:U+0032,glyph32,3891,classical,shuffled(3),ClassCap,7024,5474,4,51.819,7321,7321,7321,7321,7321,7296,7273,7029,Quiesced,9470
glyph32:U+0033,glyph32,6993,classical,production,ClassCap,12785,2015,4,51.102,13651,13651,13651,13426,13266,13248,12597,12597,Quiesced,6085
glyph32:U+0033,glyph32,6993,classical,numeric-first,ClassCap,12149,1478,2,27.181,13426,13266,13248,12327,11962,11998,11998,11998,Quiesced,3132
glyph32:U+0033,glyph32,6993,classical,shuffled(1),ClassCap,12905,2075,3,38.884,13051,13051,13051,13051,13051,13051,12905,12905,Quiesced,6029
glyph32:U+0033,glyph32,6993,classical,shuffled(2),ClassCap,12160,1585,3,39.587,12739,12739,12739,12739,12739,12341,12341,12341,Quiesced,2838
glyph32:U+0033,glyph32,6993,classical,shuffled(3),ClassCap,13005,1835,2,28.231,13051,13051,13051,13051,13051,13051,13005,13005,Quiesced,5789
glyph32:U+0034,glyph32,1637,classical,production,ClassCap,2680,17562,8,158.830,3105,3105,3060,3039,2878,2812,2570,2586,ApplicationBudget,13223
glyph32:U+0034,glyph32,1637,classical,numeric-first,ClassCap,2669,9957,5,69.326,2945,2900,2819,2707,2645,2615,2815,2636,Quiesced,9074
glyph32:U+0034,glyph32,1637,classical,shuffled(1),ClassCap,2626,15628,8,89.018,3062,3062,3062,3082,3025,2860,2789,2627,Quiesced,12259
glyph32:U+0034,glyph32,1637,classical,shuffled(2),ClassCap,2755,14682,8,87.058,3002,3002,3002,2922,2834,2802,2802,2663,Quiesced,11728
glyph32:U+0034,glyph32,1637,classical,shuffled(3),ClassCap,2648,18852,8,169.126,3062,3062,3062,3037,2985,2906,2905,2856,ApplicationBudget,12926
glyph32:U+0035,glyph32,4546,classical,production,ClassCap,8102,3268,4,48.799,8826,8826,8685,8575,8551,8152,7989,7912,Quiesced,10692
glyph32:U+0035,glyph32,4546,classical,numeric-first,ClassCap,7969,2913,3,35.698,8685,8575,8551,7940,7697,7316,7154,7154,Quiesced,5436
glyph32:U+0035,glyph32,4546,classical,shuffled(1),ClassCap,8260,3016,4,46.727,8446,8446,8446,8446,8446,8522,8361,8297,Quiesced,6896
glyph32:U+0035,glyph32,4546,classical,shuffled(2),ClassCap,7862,3408,4,46.534,8234,8234,8234,8234,8234,7996,7839,7839,Quiesced,4640
glyph32:U+0035,glyph32,4546,classical,shuffled(3),ClassCap,8239,4168,4,50.222,8446,8446,8446,8446,8446,8421,8264,8204,Quiesced,7984
glyph32:U+0036,glyph32,8067,classical,production,ClassCap,15249,1394,2,27.672,15754,15754,15754,15503,15328,15068,15068,15068,Quiesced,2722
glyph32:U+0036,glyph32,8067,classical,numeric-first,ClassCap,14024,1085,2,27.630,15503,15503,15328,14242,14238,13815,13815,13815,Quiesced,2910
glyph32:U+0036,glyph32,8067,classical,shuffled(1),ClassCap,14927,1851,3,40.036,15069,15069,15069,15069,15069,15206,14927,14927,Quiesced,4499
glyph32:U+0036,glyph32,8067,classical,shuffled(2),ClassCap,14260,1101,3,41.569,14694,14694,14694,14694,14694,14337,14337,14337,Quiesced,2507
glyph32:U+0036,glyph32,8067,classical,shuffled(3),ClassCap,15018,1558,2,27.800,15069,15069,15069,15069,15069,15044,15018,15018,Quiesced,3298
glyph32:U+0037,glyph32,191,classical,production,Timeout,278,18863,5,219.719,361,333,312,290,275,240,232,232,ApplicationBudget,13081
glyph32:U+0037,glyph32,191,classical,numeric-first,Timeout,240,25517,7,298.955,382,419,398,384,250,253,240,228,ApplicationBudget,13013
glyph32:U+0037,glyph32,191,classical,shuffled(1),Quiesced,228,13769,8,31.130,378,334,309,290,280,236,228,228,ApplicationBudget,12846
glyph32:U+0037,glyph32,191,classical,shuffled(2),Timeout,240,29657,8,201.604,348,339,434,336,302,290,276,266,ApplicationBudget,12892
glyph32:U+0037,glyph32,191,classical,shuffled(3),Timeout,266,13984,5,285.579,378,378,378,325,311,288,266,236,ApplicationBudget,13072
glyph32:U+0038,glyph32,9774,classical,production,ClassCap,18500,585,2,29.959,18766,18766,18766,18504,18320,18320,18320,18320,Quiesced,1305
glyph32:U+0038,glyph32,9774,classical,numeric-first,ClassCap,17316,667,2,28.739,18504,18504,18324,17260,17256,17256,17256,17256,Quiesced,1108
glyph32:U+0038,glyph32,9774,classical,shuffled(1),ClassCap,18149,1098,2,28.353,18101,18101,18101,18101,18149,18149,18149,18149,Quiesced,1364
glyph32:U+0038,glyph32,9774,classical,shuffled(2),ClassCap,17322,696,2,29.078,17502,17502,17502,17502,17322,17322,17322,17322,Quiesced,1644
glyph32:U+0038,glyph32,9774,classical,shuffled(3),ClassCap,18065,1096,2,28.664,18101,18101,18101,18101,18065,18065,18065,18065,Quiesced,1362
glyph32:U+0039,glyph32,8267,classical,production,ClassCap,15698,1262,2,27.413,16134,16134,16134,15867,15682,15523,15523,15523,Quiesced,2398
glyph32:U+0039,glyph32,8267,classical,numeric-first,ClassCap,14331,1017,2,27.401,15867,15867,15682,14563,14559,14123,14123,14123,Quiesced,2924
glyph32:U+0039,glyph32,8267,classical,shuffled(1),ClassCap,15282,1764,3,39.883,15414,15414,15414,15414,15414,15291,15231,15231,Quiesced,3490
glyph32:U+0039,glyph32,8267,classical,shuffled(2),ClassCap,14588,1042,3,41.759,15030,15030,15030,15030,14598,14554,14554,14554,Quiesced,2305
glyph32:U+0039,glyph32,8267,classical,shuffled(3),ClassCap,15373,1501,2,29.103,15414,15414,15414,15414,15414,15373,15373,15373,Quiesced,3025
glyph32:U+003A,glyph32,3655,classical,production,ClassCap,6131,4612,4,48.511,6760,6760,6680,6630,6630,6286,6169,6090,Quiesced,9888
glyph32:U+003A,glyph32,3655,classical,numeric-first,ClassCap,6064,4001,4,45.393,6680,6630,6166,5974,6006,5722,5622,5622,Quiesced,6194
glyph32:U+003A,glyph32,3655,classical,shuffled(1),ClassCap,6134,4076,5,55.108,6440,6440,6440,6440,6440,6424,6054,5975,Quiesced,7770
glyph32:U+003A,glyph32,3655,classical,shuffled(2),ClassCap,5994,4243,4,44.434,6296,6296,6296,6296,6296,6104,5996,5996,Quiesced,5838
glyph32:U+003A,glyph32,3655,classical,shuffled(3),ClassCap,6245,8075,5,66.779,6440,6440,6440,6440,6440,6340,6286,6308,Quiesced,10020
glyph32:U+003B,glyph32,3494,classical,production,ClassCap,5957,4286,3,36.892,6511,6511,6446,6443,6438,6133,5999,5902,Quiesced,10046
glyph32:U+003B,glyph32,3494,classical,numeric-first,ClassCap,5913,4074,4,44.943,6511,6446,5979,5794,5819,5518,5401,5401,Quiesced,6274
glyph32:U+003B,glyph32,3494,classical,shuffled(1),ClassCap,5978,4141,5,55.261,6305,6305,6305,6305,6305,6271,5906,5819,Quiesced,7904
glyph32:U+003B,glyph32,3494,classical,shuffled(2),ClassCap,5843,4243,4,44.060,6141,6141,6141,6141,6141,5956,5801,5801,Quiesced,5865
glyph32:U+003B,glyph32,3494,classical,shuffled(3),ClassCap,6053,7220,4,52.530,6305,6305,6305,6305,6305,6191,6122,6137,Quiesced,10016
glyph32:U+003C,glyph32,295,classical,production,ClassCap,394,40605,8,191.430,637,612,585,517,481,421,394,394,ApplicationBudget,12902
glyph32:U+003C,glyph32,295,classical,numeric-first,Timeout,394,35085,8,205.837,621,596,666,642,622,562,404,423,ApplicationBudget,13340
glyph32:U+003C,glyph32,295,classical,shuffled(1),ClassCap,392,39612,10,99.282,617,617,576,545,511,491,408,392,ApplicationBudget,12871
glyph32:U+003C,glyph32,295,classical,shuffled(2),ClassCap,399,35549,8,97.736,589,581,581,556,529,532,468,422,ApplicationBudget,12991
glyph32:U+003C,glyph32,295,classical,shuffled(3),Timeout,467,14513,5,231.103,627,627,627,577,542,512,487,467,ApplicationBudget,13148
glyph32:U+003D,glyph32,183,classical,production,Quiesced,231,21429,7,47.926,285,280,265,245,232,235,227,227,ApplicationBudget,12836
glyph32:U+003D,glyph32,183,classical,numeric-first,Quiesced,231,22719,7,55.000,303,350,335,331,241,248,252,248,ApplicationBudget,13176
glyph32:U+003D,glyph32,183,classical,shuffled(1),Quiesced,232,11483,8,20.773,299,278,259,255,250,245,232,232,ApplicationBudget,13198
glyph32:U+003D,glyph32,183,classical,shuffled(2),Quiesced,231,17397,7,29.546,273,273,309,305,305,312,269,231,ApplicationBudget,13258
glyph32:U+003D,glyph32,183,classical,shuffled(3),Timeout,231,17574,6,449.997,299,299,299,264,244,235,235,235,ApplicationBudget,13095
glyph32:U+003E,glyph32,295,classical,production,Timeout,399,39391,8,201.238,637,612,585,522,486,426,399,399,ApplicationBudget,12943
glyph32:U+003E,glyph32,295,classical,numeric-first,Timeout,399,35156,8,215.899,621,596,666,642,622,562,409,428,ApplicationBudget,13330
glyph32:U+003E,glyph32,295,classical,shuffled(1),ClassCap,397,39672,10,102.438,617,617,576,545,511,491,413,397,ApplicationBudget,12869
glyph32:U+003E,glyph32,295,classical,shuffled(2),ClassCap,404,35525,8,100.579,594,586,561,534,510,545,429,396,ApplicationBudget,13002
glyph32:U+003E,glyph32,295,classical,shuffled(3),Timeout,472,14529,5,242.028,627,627,627,582,547,517,492,472,ApplicationBudget,13140
glyph32:U+003F,glyph32,6716,classical,production,ClassCap,12160,2094,4,51.341,12970,12970,12970,12780,12645,12627,12011,11999,Quiesced,6488
glyph32:U+003F,glyph32,6716,classical,numeric-first,ClassCap,11563,1647,2,26.918,12780,12645,12627,11754,11401,11444,11375,11375,Quiesced,3765
glyph32:U+003F,glyph32,6716,classical,shuffled(1),ClassCap,12275,2156,3,38.551,12390,12390,12390,12390,12390,12390,12275,12275,Quiesced,5882
glyph32:U+003F,glyph32,6716,classical,shuffled(2),ClassCap,11559,1834,3,38.625,12106,12106,12106,12106,12106,11667,11667,11667,Quiesced,3045
glyph32:U+003F,glyph32,6716,classical,shuffled(3),ClassCap,12344,1950,2,26.986,12390,12390,12390,12390,12390,12390,12344,12344,Quiesced,5676
glyph32:U+0040,glyph32,12056,classical,production,ClassCap,23527,0,0,0.003,23527,23527,23527,23527,23527,23527,23527,23527,ClassCap,0
glyph32:U+0040,glyph32,12056,classical,numeric-first,ClassCap,23527,0,0,0.000,23527,23527,23527,23527,23527,23527,23527,23527,ClassCap,0
glyph32:U+0040,glyph32,12056,classical,shuffled(1),ClassCap,23527,0,0,0.000,23527,23527,23527,23527,23527,23527,23527,23527,ClassCap,0
glyph32:U+0040,glyph32,12056,classical,shuffled(2),ClassCap,23527,0,0,0.000,23527,23527,23527,23527,23527,23527,23527,23527,ClassCap,0
glyph32:U+0040,glyph32,12056,classical,shuffled(3),ClassCap,23527,0,0,0.000,23527,23527,23527,23527,23527,23527,23527,23527,ClassCap,0
glyph32:U+0041,glyph32,1605,classical,production,ClassCap,2588,17426,8,184.579,3058,3058,3003,2985,2773,2732,2633,2495,ApplicationBudget,13092
glyph32:U+0041,glyph32,1605,classical,numeric-first,ClassCap,2565,13601,8,126.913,2882,2827,2749,2729,2569,2439,2599,2430,Quiesced,10003
glyph32:U+0041,glyph32,1605,classical,shuffled(1),ClassCap,2417,17819,8,96.849,3003,3003,3003,3023,2978,2803,2595,2567,ApplicationBudget,12829
glyph32:U+0041,glyph32,1605,classical,shuffled(2),ClassCap,2495,17385,9,111.027,2927,2927,2927,2852,2742,2702,2702,2564,Quiesced,11657
glyph32:U+0041,glyph32,1605,classical,shuffled(3),Timeout,2505,20163,8,220.329,3003,3003,3003,2983,2983,3028,2873,2839,ApplicationBudget,13068
glyph32:U+0042,glyph32,4470,classical,production,ClassCap,7956,3416,4,48.703,8694,8694,8546,8546,8446,8051,7891,7861,Quiesced,10857
glyph32:U+0042,glyph32,4470,classical,numeric-first,ClassCap,7715,2983,3,35.437,8546,8446,8431,7639,7677,7307,7160,7160,Quiesced,5523
glyph32:U+0042,glyph32,4470,classical,shuffled(1),ClassCap,8100,3149,4,46.795,8314,8314,8314,8314,8314,8390,8222,8056,Quiesced,7346
glyph32:U+0042,glyph32,4470,classical,shuffled(2),ClassCap,7722,3520,4,46.295,8134,8134,8134,8134,7906,7626,7473,7473,Quiesced,4515
glyph32:U+0042,glyph32,4470,classical,shuffled(3),ClassCap,8087,4344,4,50.576,8314,8314,8314,8314,8314,8289,8198,8061,Quiesced,7909
glyph32:U+0043,glyph32,5129,classical,production,ClassCap,9423,3012,4,49.273,10039,10039,9870,9750,9732,9283,9104,9171,Quiesced,10328
glyph32:U+0043,glyph32,5129,classical,numeric-first,ClassCap,8908,2312,2,25.154,9870,9750,9732,9035,8766,8355,8177,8177,Quiesced,4956
glyph32:U+0043,glyph32,5129,classical,shuffled(1),ClassCap,9472,2601,3,35.884,9599,9599,9599,9599,9599,9599,9498,9472,Quiesced,6566
glyph32:U+0043,glyph32,5129,classical,shuffled(2),ClassCap,9068,2741,3,35.638,9351,9351,9351,9351,9351,9077,8940,8940,Quiesced,4251
glyph32:U+0043,glyph32,5129,classical,shuffled(3),ClassCap,9422,3196,3,38.785,9599,9599,9599,9599,9599,9599,9427,9407,Quiesced,7213
glyph32:U+0044,glyph32,2606,classical,production,ClassCap,4559,6656,4,52.326,4990,4930,4915,4911,4911,4593,4572,4592,ApplicationBudget,13153
glyph32:U+0044,glyph32,2606,classical,numeric-first,ClassCap,4327,5794,4,46.019,4654,4594,4579,4443,4267,4155,4155,4138,Quiesced,7427
glyph32:U+0044,glyph32,2606,classical,shuffled(1),ClassCap,4525,7199,5,55.376,4862,4862,4862,4862,4862,4814,4534,4352,Quiesced,9594
glyph32:U+0044,glyph32,2606,classical,shuffled(2),ClassCap,4279,6221,5,53.527,4746,4746,4746,4746,4609,4609,4362,4337,Quiesced,6878
glyph32:U+0044,glyph32,2606,classical,shuffled(3),ClassCap,4594,10940,5,78.461,4862,4862,4862,4862,4862,4794,4535,4485,ApplicationBudget,12815
glyph32:U+0045,glyph32,247,classical,production,Timeout,335,26087,6,373.244,420,415,360,335,335,330,325,335,ApplicationBudget,13697
glyph32:U+0045,glyph32,247,classical,numeric-first,Timeout,335,26673,7,254.824,416,493,478,474,474,335,356,346,ApplicationBudget,13506
glyph32:U+0045,glyph32,247,classical,shuffled(1),Quiesced,321,26824,11,44.419,412,383,359,350,350,321,321,321,ApplicationBudget,12866
glyph32:U+0045,glyph32,247,classical,shuffled(2),Timeout,335,31325,9,211.087,367,368,385,353,339,321,321,321,ApplicationBudget,13056
glyph32:U+0045,glyph32,247,classical,shuffled(3),Timeout,321,21626,6,474.301,412,412,412,379,335,335,335,335,ApplicationBudget,13453
glyph32:U+0046,glyph32,215,classical,production,Timeout,285,25696,6,405.457,346,341,306,306,306,272,272,272,ApplicationBudget,12801
glyph32:U+0046,glyph32,215,classical,numeric-first,Timeout,285,25045,7,224.043,362,424,409,405,286,302,281,272,ApplicationBudget,12858
glyph32:U+0046,glyph32,215,classical,shuffled(1),Quiesced,272,13193,8,23.360,358,329,305,296,296,296,272,272,ApplicationBudget,13745
glyph32:U+0046,glyph32,215,classical,shuffled(2),Timeout,285,28623,9,215.987,318,319,314,320,316,276,272,272,ApplicationBudget,12926
glyph32:U+0046,glyph32,215,classical,shuffled(3),Timeout,272,21084,6,471.144,358,358,358,305,285,276,276,272,ApplicationBudget,13320
glyph32:U+0047,glyph32,4563,classical,production,ClassCap,8219,3251,4,48.930,8959,8959,8806,8696,8667,8268,8116,8069,Quiesced,11042
glyph32:U+0047,glyph32,4563,classical,numeric-first,ClassCap,7957,2696,3,35.878,8806,8696,8067,8053,7819,7469,7315,7315,Quiesced,5550
glyph32:U+0047,glyph32,4563,classical,shuffled(1),ClassCap,8389,2956,4,47.309,8574,8574,8574,8574,8574,8651,8478,8429,Quiesced,6785
glyph32:U+0047,glyph32,4563,classical,shuffled(2),ClassCap,7975,3311,4,46.766,8359,8359,8359,8359,8359,8120,7951,7951,Quiesced,4618
glyph32:U+0047,glyph32,4563,classical,shuffled(3),ClassCap,8345,4069,4,50.229,8574,8574,8574,8574,8574,8549,8365,8315,Quiesced,7863
glyph32:U+0048,glyph32,247,classical,production,Timeout,328,26069,6,228.127,376,371,356,325,335,310,314,314,ApplicationBudget,12860
glyph32:U+0048,glyph32,247,classical,numeric-first,Timeout,314,26030,7,234.497,387,452,437,433,433,316,339,319,ApplicationBudget,13523
glyph32:U+0048,glyph32,247,classical,shuffled(1),Quiesced,302,26176,11,46.803,383,354,330,326,321,302,302,302,ApplicationBudget,12955
glyph32:U+0048,glyph32,247,classical,shuffled(2),Timeout,314,31345,9,276.409,348,349,344,354,350,306,302,302,ApplicationBudget,13037
glyph32:U+0048,glyph32,247,classical,shuffled(3),Timeout,302,17902,6,201.461,383,383,383,335,315,306,302,302,ApplicationBudget,12889
glyph32:U+0049,glyph32,391,classical,production,Timeout,582,20358,5,355.393,751,726,699,623,582,522,501,506,ApplicationBudget,13036
glyph32:U+0049,glyph32,391,classical,numeric-first,Timeout,522,22870,6,308.525,735,710,801,777,757,697,681,503,ApplicationBudget,14212
glyph32:U+0049,glyph32,391,classical,shuffled(1),ClassCap,492,42831,10,118.060,731,715,677,646,617,597,537,521,ApplicationBudget,13092
glyph32:U+0049,glyph32,391,classical,shuffled(2),Timeout,522,25248,7,201.807,710,710,710,661,621,602,568,508,ApplicationBudget,13829
glyph32:U+0049,glyph32,391,classical,shuffled(3),Timeout,568,16509,5,339.763,741,741,741,731,694,626,602,582,ApplicationBudget,13006
glyph32:U+004A,glyph32,2425,classical,production,ClassCap,4052,8164,5,62.263,4640,4585,4570,4566,4366,4257,4256,4145,Quiesced,11707
glyph32:U+004A,glyph32,2425,classical,numeric-first,ClassCap,4010,7061,5,58.321,4320,4265,4250,4126,3948,3856,3856,3847,Quiesced,7413
glyph32:U+004A,glyph32,2425,classical,shuffled(1),ClassCap,4247,7289,5,54.571,4525,4525,4525,4525,4525,4480,4225,4055,Quiesced,9573
glyph32:U+004A,glyph32,2425,classical,shuffled(2),ClassCap,3976,6325,5,52.692,4405,4405,4405,4405,4280,4280,4018,3994,Quiesced,7394
glyph32:U+004A,glyph32,2425,classical,shuffled(3),ClassCap,4279,12326,6,86.724,4525,4525,4525,4525,4525,4435,4210,4226,ApplicationBudget,12849
glyph32:U+004B,glyph32,617,classical,production,Timeout,898,18267,6,230.652,1293,1253,1212,1153,1071,932,912,951,ApplicationBudget,12871
glyph32:U+004B,glyph32,617,classical,numeric-first,Timeout,893,22775,7,211.386,1224,1320,1256,1210,1185,1110,1083,892,ApplicationBudget,12857
glyph32:U+004B,glyph32,617,classical,shuffled(1),ClassCap,940,25638,8,119.356,1273,1273,1273,1233,1157,1073,1048,942,ApplicationBudget,13346
glyph32:U+004B,glyph32,617,classical,shuffled(2),ClassCap,878,21447,8,148.486,1226,1226,1224,1212,1212,1199,1199,1146,ApplicationBudget,12861
glyph32:U+004B,glyph32,617,classical,shuffled(3),Timeout,1025,14417,5,202.036,1270,1270,1270,1253,1203,1124,1096,1021,ApplicationBudget,12927
glyph32:U+004C,glyph32,151,classical,production,Timeout,185,23522,6,398.693,233,215,200,188,178,178,178,178,ApplicationBudget,13496
glyph32:U+004C,glyph32,151,classical,numeric-first,Timeout,185,28053,8,304.275,254,286,271,253,188,190,198,187,ApplicationBudget,12941
glyph32:U+004C,glyph32,151,classical,shuffled(1),Quiesced,174,8952,8,16.714,224,221,195,178,178,174,174,174,Quiesced,8063
glyph32:U+004C,glyph32,151,classical,shuffled(2),Timeout,185,30191,10,315.217,221,216,248,244,244,255,207,178,ApplicationBudget,12870
glyph32:U+004C,glyph32,151,classical,shuffled(3),Timeout,174,19952,6,464.421,212,212,212,202,195,174,174,174,ApplicationBudget,13619
glyph32:U+004D,glyph32,2345,classical,production,ClassCap,4118,7201,4,55.370,4547,4547,4477,4428,4304,4207,4107,3954,Quiesced,11309
glyph32:U+004D,glyph32,2345,classical,numeric-first,ClassCap,4117,7265,5,62.298,4391,4321,4272,4188,3987,3880,3859,3822,Quiesced,7837
glyph32:U+004D,glyph32,2345,classical,shuffled(1),ClassCap,4160,8349,5,55.575,4531,4531,4531,4531,4475,4215,4029,3934,Quiesced,10391
glyph32:U+004D,glyph32,2345,classical,shuffled(2),ClassCap,4043,7095,5,54.181,4465,4465,4465,4465,4390,4343,4132,4028,Quiesced,8598
glyph32:U+004D,glyph32,2345,classical,shuffled(3),ClassCap,4220,10480,5,86.734,4531,4531,4531,4531,4506,4506,4460,4310,Quiesced,11308
glyph32:U+004E,glyph32,1399,classical,production,ClassCap,2379,15308,8,151.865,2796,2796,2756,2724,2501,2482,2447,2489,ApplicationBudget,12832
glyph32:U+004E,glyph32,1399,classical,numeric-first,ClassCap,2356,10106,5,67.712,2620,2580,2496,2479,2361,2501,2493,2291,ApplicationBudget,12805
glyph32:U+004E,glyph32,1399,classical,shuffled(1),ClassCap,2299,17034,8,88.135,2744,2744,2744,2744,2716,2576,2397,2236,Quiesced,12520
glyph32:U+004E,glyph32,1399,classical,shuffled(2),ClassCap,2345,16126,8,86.120,2668,2668,2668,2581,2581,2518,2470,2349,Quiesced,12692
glyph32:U+004E,glyph32,1399,classical,shuffled(3),ClassCap,2305,17297,8,136.044,2744,2744,2744,2744,2676,2612,2616,2539,ApplicationBudget,12886
glyph32:U+004F,glyph32,5945,classical,production,ClassCap,10741,2587,4,50.626,11428,11428,11271,11166,11166,11166,10589,10589,Quiesced,6359
glyph32:U+004F,glyph32,5945,classical,numeric-first,ClassCap,10175,1982,2,25.752,11271,11166,11166,10382,10070,9769,9633,9633,Quiesced,4543
glyph32:U+004F,glyph32,5945,classical,shuffled(1),ClassCap,10819,2315,3,37.412,10908,10908,10908,10908,10908,11012,10819,10819,Quiesced,6355
glyph32:U+004F,glyph32,5945,classical,shuffled(2),ClassCap,10214,2339,3,37.187,10644,10644,10644,10644,10332,10068,9965,9965,Quiesced,3683
glyph32:U+004F,glyph32,5945,classical,shuffled(3),ClassCap,10722,2559,3,38.914,10908,10908,10908,10908,10908,10888,10762,10762,Quiesced,5725
glyph32:U+0050,glyph32,2409,classical,production,ClassCap,3971,8446,5,69.171,4601,4546,4531,4527,4327,4230,4204,3978,ApplicationBudget,12824
glyph32:U+0050,glyph32,2409,classical,numeric-first,ClassCap,3999,6837,5,61.148,4297,4242,4227,4103,3947,3843,4060,4036,Quiesced,7510
glyph32:U+0050,glyph32,2409,classical,shuffled(1),ClassCap,4101,8041,5,55.313,4486,4486,4486,4486,4486,4421,4137,4022,Quiesced,10911
glyph32:U+0050,glyph32,2409,classical,shuffled(2),ClassCap,3934,7044,5,53.741,4382,4382,4382,4382,4252,4252,3998,3949,Quiesced,7780
glyph32:U+0050,glyph32,2409,classical,shuffled(3),ClassCap,4227,11864,5,83.105,4486,4486,4486,4486,4486,4383,4143,4166,ApplicationBudget,12854
glyph32:U+0051,glyph32,6053,classical,production,ClassCap,10729,2553,4,50.736,11416,11416,11259,11139,11130,11115,10528,10528,Quiesced,6472
glyph32:U+0051,glyph32,6053,classical,numeric-first,ClassCap,10158,1943,2,26.000,11259,11139,11130,10331,10004,9659,9510,9510,Quiesced,4509
glyph32:U+0051,glyph32,6053,classical,shuffled(1),ClassCap,10802,2290,3,37.536,10896,10896,10896,10896,10896,11000,10823,10746,Quiesced,6763
glyph32:U+0051,glyph32,6053,classical,shuffled(2),ClassCap,10192,2321,3,37.090,10632,10632,10632,10632,10320,10050,9958,9958,Quiesced,3680
glyph32:U+0051,glyph32,6053,classical,shuffled(3),ClassCap,10724,2491,3,38.473,10896,10896,10896,10896,10896,10876,10757,10757,Quiesced,5652
glyph32:U+0052,glyph32,2710,classical,production,ClassCap,4771,6141,4,52.636,5209,5139,5118,5104,5094,4736,4702,4513,ApplicationBudget,12808
glyph32:U+0052,glyph32,2710,classical,numeric-first,ClassCap,4540,5619,4,46.562,4873,4803,4782,4636,4648,4400,4320,4293,Quiesced,7026
glyph32:U+0052,glyph32,2710,classical,shuffled(1),ClassCap,4736,7003,5,55.289,5081,5081,5081,5081,5081,5033,4743,4549,Quiesced,9430
glyph32:U+0052,glyph32,2710,classical,shuffled(2),ClassCap,4495,5656,5,54.036,4965,4965,4965,4965,4818,4620,4450,4450,Quiesced,6392
glyph32:U+0052,glyph32,2710,classical,shuffled(3),ClassCap,4803,10322,5,75.359,5081,5081,5081,5081,5081,4969,4939,4819,Quiesced,12601
glyph32:U+0053,glyph32,7616,classical,production,ClassCap,14050,1712,3,40.090,14779,14779,14779,14540,14370,13932,13923,13923,Quiesced,3280
glyph32:U+0053,glyph32,7616,classical,numeric-first,ClassCap,13131,1234,2,27.843,14540,14540,14370,13344,13335,12925,12925,12925,Quiesced,2989
glyph32:U+0053,glyph32,7616,classical,shuffled(1),ClassCap,13971,1956,3,40.225,14119,14119,14119,14119,14119,14251,13971,13971,Quiesced,5378
glyph32:U+0053,glyph32,7616,classical,shuffled(2),ClassCap,13325,1242,2,27.587,13771,13771,13771,13771,13771,13360,13360,13360,Quiesced,2570
glyph32:U+0053,glyph32,7616,classical,shuffled(3),ClassCap,14073,1683,2,27.805,14119,14119,14119,14119,14119,14094,14073,14073,Quiesced,5191
glyph32:U+0054,glyph32,183,classical,production,Timeout,227,24645,6,418.199,275,257,242,230,230,225,220,227,ApplicationBudget,13356
glyph32:U+0054,glyph32,183,classical,numeric-first,Timeout,227,22512,7,201.780,296,337,322,318,230,240,227,216,ApplicationBudget,12946
glyph32:U+0054,glyph32,183,classical,shuffled(1),Quiesced,216,10476,8,19.584,292,263,239,235,230,216,216,216,Quiesced,9849
glyph32:U+0054,glyph32,183,classical,shuffled(2),Timeout,227,25611,9,217.299,263,258,287,283,283,290,260,220,ApplicationBudget,13027
glyph32:U+0054,glyph32,183,classical,shuffled(3),Timeout,216,20475,6,510.242,282,282,282,249,229,227,216,216,ApplicationBudget,13053
glyph32:U+0055,glyph32,2899,classical,production,ClassCap,5080,6574,5,62.823,5528,5528,5463,5448,5444,5098,5077,4943,Quiesced,11884
glyph32:U+0055,glyph32,2899,classical,numeric-first,ClassCap,4861,5726,5,57.012,5160,5160,5095,4936,4956,4716,4636,4622,Quiesced,6824
glyph32:U+0055,glyph32,2899,classical,shuffled(1),ClassCap,5083,5592,4,43.700,5387,5387,5387,5387,5435,5336,5031,4723,Quiesced,9679
glyph32:U+0055,glyph32,2899,classical,shuffled(2),ClassCap,4900,4521,4,42.509,5259,5259,5259,5259,5115,4885,4709,4709,Quiesced,6106
glyph32:U+0055,glyph32,2899,classical,shuffled(3),ClassCap,5139,9332,5,68.381,5387,5387,5387,5387,5362,5362,5328,5142,Quiesced,10656
glyph32:U+0056,glyph32,1573,classical,production,ClassCap,2586,16634,8,160.337,3072,3072,3027,3015,2790,2761,2696,2654,ApplicationBudget,12825
glyph32:U+0056,glyph32,1573,classical,numeric-first,ClassCap,2541,12321,8,112.891,2864,2819,2735,2727,2575,2467,2451,2471,Quiesced,9133
glyph32:U+0056,glyph32,1573,classical,shuffled(1),ClassCap,2459,17149,8,94.943,2997,2997,2997,3021,2976,2876,2811,2513,Quiesced,12476
glyph32:U+0056,glyph32,1573,classical,shuffled(2),ClassCap,2568,12854,8,90.938,2909,2909,2909,2837,2695,2647,2614,2536,Quiesced,9658
glyph32:U+0056,glyph32,1573,classical,shuffled(3),Timeout,2598,19383,8,201.986,2997,2997,2997,2977,2932,2853,2901,2837,ApplicationBudget,12859
glyph32:U+0057,glyph32,7232,classical,production,ClassCap,13478,1940,4,51.870,14271,14271,14271,14055,13875,13360,13278,13278,Quiesced,4242
glyph32:U+0057,glyph32,7232,classical,numeric-first,ClassCap,12755,1332,2,27.464,14055,14055,13875,12899,12854,12448,12448,12448,Quiesced,3042
glyph32:U+0057,glyph32,7232,classical,shuffled(1),ClassCap,13526,1992,3,39.927,13696,13696,13696,13696,13696,13696,13526,13526,Quiesced,5802
glyph32:U+0057,glyph32,7232,classical,shuffled(2),ClassCap,12863,1439,3,40.505,13335,13335,13335,13335,13335,12956,12956,12956,Quiesced,2755
glyph32:U+0057,glyph32,7232,classical,shuffled(3),ClassCap,13627,1771,2,27.359,13696,13696,13696,13696,13696,13696,13627,13627,Quiesced,5581
glyph32:U+0058,glyph32,343,classical,production,Timeout,612,14406,4,215.481,784,744,720,633,572,452,415,420,ApplicationBudget,13228
glyph32:U+0058,glyph32,343,classical,numeric-first,Timeout,452,22453,6,386.095,768,728,804,764,724,424,449,406,ApplicationBudget,13531
glyph32:U+0058,glyph32,343,classical,shuffled(1),Timeout,438,19952,6,275.203,764,748,700,667,622,582,462,406,ApplicationBudget,13564
glyph32:U+0058,glyph32,343,classical,shuffled(2),Timeout,572,16582,6,215.552,748,748,748,684,647,612,558,438,ApplicationBudget,13583
glyph32:U+0058,glyph32,343,classical,shuffled(3),Timeout,558,16998,5,429.975,774,774,774,764,709,652,612,572,ApplicationBudget,12967
glyph32:U+0059,glyph32,263,classical,production,Timeout,393,20563,5,351.108,554,529,502,436,395,331,309,317,ApplicationBudget,13154
glyph32:U+0059,glyph32,263,classical,numeric-first,Timeout,333,21085,6,273.358,538,583,556,532,512,319,338,305,ApplicationBudget,13153
glyph32:U+0059,glyph32,263,classical,shuffled(1),Quiesced,305,39383,11,97.792,534,518,480,449,420,381,305,305,ApplicationBudget,13045
glyph32:U+0059,glyph32,263,classical,shuffled(2),Timeout,317,28511,8,254.446,511,503,478,451,434,395,317,319,ApplicationBudget,13185
glyph32:U+0059,glyph32,263,classical,shuffled(3),Timeout,381,15677,5,360.309,544,544,544,514,464,437,401,381,ApplicationBudget,12994
glyph32:U+005A,glyph32,255,classical,production,Timeout,383,20145,5,260.417,506,491,458,402,404,353,345,345,ApplicationBudget,12852
glyph32:U+005A,glyph32,255,classical,numeric-first,Timeout,353,28230,6,206.404,490,557,536,522,512,345,366,352,ApplicationBudget,12848
glyph32:U+005A,glyph32,255,classical,shuffled(1),Quiesced,331,32158,11,68.339,486,462,442,412,398,388,358,331,ApplicationBudget,12917
glyph32:U+005A,glyph32,255,classical,shuffled(2),Timeout,345,26450,8,230.744,463,455,455,440,430,397,383,344,ApplicationBudget,12887
glyph32:U+005A,glyph32,255,classical,shuffled(3),Timeout,369,15018,5,309.743,496,496,496,468,428,407,393,383,ApplicationBudget,13137
glyph32:U+005B,glyph32,183,classical,production,Quiesced,234,21494,7,48.125,288,283,252,248,240,239,230,230,ApplicationBudget,12809
glyph32:U+005B,glyph32,183,classical,numeric-first,Quiesced,234,22796,7,55.165,311,358,343,339,244,252,234,234,ApplicationBudget,13690
glyph32:U+005B,glyph32,183,classical,shuffled(1),Quiesced,235,11550,8,20.765,307,286,267,263,258,253,235,235,ApplicationBudget,12819
glyph32:U+005B,glyph32,183,classical,shuffled(2),Quiesced,234,17456,7,29.602,276,276,312,308,308,315,272,234,ApplicationBudget,13297
glyph32:U+005B,glyph32,183,classical,shuffled(3),Timeout,234,17606,6,456.826,307,307,307,267,247,238,238,238,ApplicationBudget,13121
glyph32:U+005C,glyph32,127,classical,production,Timeout,166,17350,5,209.408,233,206,196,186,166,132,128,128,ApplicationBudget,12936
glyph32:U+005C,glyph32,127,classical,numeric-first,Timeout,134,22131,7,282.811,232,214,204,187,177,147,143,137,ApplicationBudget,13997
glyph32:U+005C,glyph32,127,classical,shuffled(1),Timeout,124,18588,7,213.672,224,228,242,186,176,166,136,128,ApplicationBudget,13089
glyph32:U+005C,glyph32,127,classical,shuffled(2),Timeout,138,17653,7,296.107,221,211,268,260,260,314,274,202,ApplicationBudget,13023
glyph32:U+005C,glyph32,127,classical,shuffled(3),Timeout,162,12370,5,219.645,207,207,202,197,186,176,162,132,ApplicationBudget,13287
glyph32:U+005D,glyph32,183,classical,production,Quiesced,244,21364,7,48.453,298,293,278,258,250,249,240,240,ApplicationBudget,13284
glyph32:U+005D,glyph32,183,classical,numeric-first,Quiesced,244,22642,7,54.913,311,358,343,339,254,261,265,261,ApplicationBudget,13058
glyph32:U+005D,glyph32,183,classical,shuffled(1),Quiesced,245,11416,8,20.592,307,286,267,263,258,253,245,245,ApplicationBudget,13158
glyph32:U+005D,glyph32,183,classical,shuffled(2),Quiesced,244,17338,7,29.501,286,286,310,318,318,306,282,248,ApplicationBudget,13144
glyph32:U+005D,glyph32,183,classical,shuffled(3),Timeout,244,17527,6,452.028,307,307,307,277,257,248,248,248,ApplicationBudget,13063
glyph32:U+005E,glyph32,199,classical,production,Timeout,299,18351,5,208.843,402,382,370,334,306,245,220,220,ApplicationBudget,12927
glyph32:U+005E,glyph32,199,classical,numeric-first,Timeout,223,25578,7,254.763,420,446,434,414,249,242,223,223,ApplicationBudget,12919
glyph32:U+005E,glyph32,199,classical,shuffled(1),Timeout,225,20749,7,265.803,416,400,380,364,334,314,254,238,ApplicationBudget,12825
glyph32:U+005E,glyph32,199,classical,shuffled(2),Timeout,239,21757,7,330.624,398,390,416,514,514,552,557,369,ApplicationBudget,13121
glyph32:U+005E,glyph32,199,classical,shuffled(3),Timeout,240,19286,6,297.697,416,416,416,366,344,324,301,240,ApplicationBudget,13483
glyph32:U+005F,glyph32,119,classical,production,Timeout,129,22600,6,331.485,190,172,149,145,140,127,127,127,ApplicationBudget,13363
glyph32:U+005F,glyph32,119,classical,numeric-first,Timeout,129,14840,6,284.731,185,196,173,158,142,158,145,129,ApplicationBudget,13041
glyph32:U+005F,glyph32,119,classical,shuffled(1),Quiesced,132,6316,7,12.113,177,161,142,138,142,142,131,131,ApplicationBudget,13088
glyph32:U+005F,glyph32,119,classical,shuffled(2),Timeout,134,15832,7,538.642,172,193,173,188,188,188,162,136,ApplicationBudget,13172
glyph32:U+005F,glyph32,119,classical,shuffled(3),Timeout,131,19430,7,276.401,169,169,164,139,135,135,135,131,ApplicationBudget,13722
glyph32:U+0060,glyph32,1722,classical,production,ClassCap,2822,11627,5,65.407,3305,3305,3265,3250,3077,3019,3014,3015,ApplicationBudget,12810
glyph32:U+0060,glyph32,1722,classical,numeric-first,ClassCap,2735,9181,5,57.649,3065,3025,2926,2936,2782,2726,2726,2717,Quiesced,8745
glyph32:U+0060,glyph32,1722,classical,shuffled(1),ClassCap,2767,14851,7,77.126,3229,3229,3229,3229,3193,3013,2732,2646,Quiesced,11512
glyph32:U+0060,glyph32,1722,classical,shuffled(2),ClassCap,2808,9737,5,51.802,3129,3129,3129,3129,3040,2886,2830,2751,Quiesced,10479
glyph32:U+0060,glyph32,1722,classical,shuffled(3),ClassCap,2843,15565,6,90.100,3229,3229,3229,3229,3145,3066,3047,2983,ApplicationBudget,13212
glyph32:U+0061,glyph32,5743,classical,production,ClassCap,10588,2589,4,50.883,11260,11260,11084,10944,10917,10893,10325,10325,Quiesced,6491
glyph32:U+0061,glyph32,5743,classical,numeric-first,ClassCap,10050,1984,2,26.157,11084,10944,10917,10157,9849,9837,9619,9619,Quiesced,4454
glyph32:U+0061,glyph32,5743,classical,shuffled(1),ClassCap,10654,2304,3,37.452,10780,10780,10780,10780,10780,10876,10680,10654,Quiesced,6481
glyph32:U+0061,glyph32,5743,classical,shuffled(2),ClassCap,10077,2343,3,53.191,10524,10524,10524,10524,10524,10226,10131,10131,Quiesced,3826
glyph32:U+0061,glyph32,5743,classical,shuffled(3),ClassCap,10565,2514,3,45.043,10780,10780,10780,10780,10780,10755,10611,10611,Quiesced,5666
glyph32:U+0062,glyph32,5129,classical,production,ClassCap,9394,3026,4,50.232,10015,10015,9846,9726,9708,9259,9080,9153,Quiesced,10282
glyph32:U+0062,glyph32,5129,classical,numeric-first,ClassCap,8916,2334,2,25.368,9846,9726,9708,9043,8774,8407,8245,8245,Quiesced,4960
glyph32:U+0062,glyph32,5129,classical,shuffled(1),ClassCap,9448,2601,3,59.533,9575,9575,9575,9575,9575,9575,9474,9442,Quiesced,6535
glyph32:U+0062,glyph32,5129,classical,shuffled(2),ClassCap,9100,2759,3,53.055,9359,9359,9359,9359,9359,9085,8948,8948,Quiesced,4250
glyph32:U+0062,glyph32,5129,classical,shuffled(3),ClassCap,9417,3286,3,57.372,9575,9575,9575,9575,9575,9575,9422,9397,Quiesced,7226
glyph32:U+0063,glyph32,4671,classical,production,ClassCap,8385,3252,4,62.107,9133,9133,8985,8985,8880,8462,8299,8262,Quiesced,10554
glyph32:U+0063,glyph32,4671,classical,numeric-first,ClassCap,8111,2628,2,27.855,8985,8880,8862,8229,7984,7613,7451,7451,Quiesced,5309
glyph32:U+0063,glyph32,4671,classical,shuffled(1),ClassCap,8569,2918,4,80.073,8733,8733,8733,8733,8733,8733,8570,8569,Quiesced,6604
glyph32:U+0063,glyph32,4671,classical,shuffled(2),ClassCap,8125,3228,4,83.435,8509,8509,8509,8509,8509,8259,8095,8095,Quiesced,4571
glyph32:U+0063,glyph32,4671,classical,shuffled(3),ClassCap,8520,4016,4,83.082,8733,8733,8733,8733,8733,8733,8540,8500,Quiesced,7782
glyph32:U+0064,glyph32,5864,classical,production,ClassCap,10743,2542,4,99.014,11434,11434,11251,11121,11103,11094,10529,10529,Quiesced,6469
glyph32:U+0064,glyph32,5864,classical,numeric-first,ClassCap,10178,1947,2,64.616,11251,11121,11103,10326,10021,10056,9834,9834,Quiesced,4400
glyph32:U+0064,glyph32,5864,classical,shuffled(1),ClassCap,10810,2300,3,78.649,10934,10934,10934,10934,10934,11034,10810,10810,Quiesced,6335
glyph32:U+0064,glyph32,5864,classical,shuffled(2),ClassCap,10205,2286,3,89.611,10666,10666,10666,10666,10366,10097,9994,9994,Quiesced,3800
glyph32:U+0064,glyph32,5864,classical,shuffled(3),ClassCap,10713,2439,3,39.091,10934,10934,10934,10934,10934,10909,10812,10812,Quiesced,5652
glyph32:U+0065,glyph32,4872,classical,production,ClassCap,8737,3176,4,104.592,9487,9487,9332,9227,9212,8808,8744,8716,Quiesced,10425
glyph32:U+0065,glyph32,4872,classical,numeric-first,ClassCap,8442,2509,2,24.924,9332,9227,8572,8568,8328,7930,7764,7764,Quiesced,5340
glyph32:U+0065,glyph32,4872,classical,shuffled(1),ClassCap,8941,2748,4,125.897,9087,9087,9087,9087,9087,9087,8941,8941,Quiesced,6432
glyph32:U+0065,glyph32,4872,classical,shuffled(2),ClassCap,8452,2894,3,41.633,8847,8847,8847,8847,8847,8597,8455,8455,Quiesced,4401
glyph32:U+0065,glyph32,4872,classical,shuffled(3),ClassCap,8892,3542,3,78.832,9087,9087,9087,9087,9087,9087,8902,8872,Quiesced,7302
glyph32:U+0066,glyph32,2364,classical,production,ClassCap,3925,8613,5,75.959,4520,4460,4439,4425,4415,4104,3771,3854,ApplicationBudget,12871
glyph32:U+0066,glyph32,2364,classical,numeric-first,ClassCap,3938,7138,5,151.450,4232,4172,4151,4029,3861,3747,4001,3776,Quiesced,10857
glyph32:U+0066,glyph32,2364,classical,shuffled(1),ClassCap,3959,11460,8,131.113,4418,4418,4418,4418,4454,4376,4136,3894,Quiesced,10916
glyph32:U+0066,glyph32,2364,classical,shuffled(2),ClassCap,3859,7919,6,68.462,4310,4310,4310,4310,4182,4182,3922,3889,Quiesced,7585
glyph32:U+0066,glyph32,2364,classical,shuffled(3),ClassCap,4127,17193,8,169.673,4418,4418,4418,4418,4393,4308,4058,4087,ApplicationBudget,12825
glyph32:U+0067,glyph32,7009,classical,production,ClassCap,12787,2009,4,51.017,13639,13639,13639,13428,13278,13260,12609,12609,Quiesced,6023
glyph32:U+0067,glyph32,7009,classical,numeric-first,ClassCap,12167,1479,2,27.571,13428,13278,13260,12355,12350,11966,11966,11966,Quiesced,3167
glyph32:U+0067,glyph32,7009,classical,shuffled(1),ClassCap,12907,2065,3,42.655,13039,13039,13039,13039,13039,13039,12907,12907,Quiesced,5989
glyph32:U+0067,glyph32,7009,classical,shuffled(2),ClassCap,12167,1593,3,41.224,12743,12743,12743,12743,12743,12350,12350,12350,Quiesced,2843
glyph32:U+0067,glyph32,7009,classical,shuffled(3),ClassCap,12993,1844,2,26.914,13039,13039,13039,13039,13039,13039,12993,12993,Quiesced,5768
glyph32:U+0068,glyph32,2931,classical,production,ClassCap,5114,5491,4,51.756,5571,5571,5511,5496,5492,5138,5112,5005,ApplicationBudget,12848
glyph32:U+0068,glyph32,2931,classical,numeric-first,ClassCap,4900,5369,4,46.158,5203,5203,5143,4984,4784,4664,4664,4637,Quiesced,7180
glyph32:U+0068,glyph32,2931,classical,shuffled(1),ClassCap,5118,6394,5,55.653,5423,5423,5423,5423,5471,5379,5079,4777,Quiesced,9661
glyph32:U+0068,glyph32,2931,classical,shuffled(2),ClassCap,4952,4876,6,63.848,5295,5295,5295,5295,5151,4916,4740,4740,Quiesced,6135
glyph32:U+0068,glyph32,2931,classical,shuffled(3),ClassCap,5178,9511,5,71.887,5423,5423,5423,5423,5398,5398,5366,5216,Quiesced,10492
glyph32:U+0069,glyph32,2123,classical,production,ClassCap,3395,15217,8,123.915,3964,3964,3924,3900,3674,3595,3540,3302,ApplicationBudget,12847
glyph32:U+0069,glyph32,2123,classical,numeric-first,ClassCap,3465,8534,5,64.812,3724,3684,3564,3561,3394,3301,3289,3262,Quiesced,8275
glyph32:U+0069,glyph32,2123,classical,shuffled(1),ClassCap,3407,15795,8,92.652,3847,3847,3847,3847,3836,3636,3384,3291,Quiesced,10807
glyph32:U+0069,glyph32,2123,classical,shuffled(2),ClassCap,3350,11510,8,89.470,3767,3767,3767,3767,3656,3524,3437,3424,Quiesced,10403
glyph32:U+0069,glyph32,2123,classical,shuffled(3),ClassCap,3424,18521,8,188.751,3847,3847,3847,3847,3822,3819,3705,3642,ApplicationBudget,12854
glyph32:U+006A,glyph32,4293,classical,production,ClassCap,7463,3427,4,71.390,8152,8152,8032,8032,7947,7540,7502,7473,Quiesced,11031
glyph32:U+006A,glyph32,4293,classical,numeric-first,ClassCap,7247,3153,3,35.363,8032,7947,7929,7160,7191,6816,6683,6683,Quiesced,5754
glyph32:U+006A,glyph32,4293,classical,shuffled(1),ClassCap,7556,3269,4,46.264,7792,7792,7792,7792,7792,7744,7299,7121,Quiesced,7689
glyph32:U+006A,glyph32,4293,classical,shuffled(2),ClassCap,7257,3882,4,49.288,7608,7608,7608,7608,7392,7079,6954,6954,Quiesced,4804
glyph32:U+006A,glyph32,4293,classical,shuffled(3),ClassCap,7580,4536,4,50.328,7792,7792,7792,7792,7792,7767,7652,7565,Quiesced,9503
glyph32:U+006B,glyph32,1460,classical,production,ClassCap,2445,18230,8,185.868,2873,2873,2818,2788,2567,2526,2259,2299,ApplicationBudget,12965
glyph32:U+006B,glyph32,1460,classical,numeric-first,ClassCap,2439,10373,5,79.081,2713,2658,2568,2549,2426,2319,2495,2308,Quiesced,12725
glyph32:U+006B,glyph32,1460,classical,shuffled(1),ClassCap,2289,22395,8,112.148,2823,2823,2823,2793,2793,2638,2456,2378,ApplicationBudget,12865
glyph32:U+006B,glyph32,1460,classical,shuffled(2),ClassCap,2336,18859,8,91.462,2763,2763,2763,2678,2678,2590,2558,2449,Quiesced,12484
glyph32:U+006B,glyph32,1460,classical,shuffled(3),Timeout,2380,16712,6,244.070,2823,2823,2823,2798,2798,2838,2693,2640,ApplicationBudget,13009
glyph32:U+006C,glyph32,323,classical,production,Timeout,503,14062,4,226.831,629,609,585,524,488,443,426,417,ApplicationBudget,12832
glyph32:U+006C,glyph32,323,classical,numeric-first,Timeout,488,14223,5,207.036,613,593,669,650,635,590,435,431,ApplicationBudget,12967
glyph32:U+006C,glyph32,323,classical,shuffled(1),ClassCap,417,28274,8,121.967,609,609,560,532,508,474,417,417,ApplicationBudget,14136
glyph32:U+006C,glyph32,323,classical,shuffled(2),Timeout,443,21786,7,287.122,586,578,558,534,515,515,443,417,ApplicationBudget,12944
glyph32:U+006C,glyph32,323,classical,shuffled(3),Timeout,474,16010,5,520.925,619,619,619,566,536,522,489,474,ApplicationBudget,13079
glyph32:U+006D,glyph32,5289,classical,production,ClassCap,9615,2968,4,66.769,10268,10268,10099,9979,9961,9952,9430,9430,Quiesced,6551
glyph32:U+006D,glyph32,5289,classical,numeric-first,ClassCap,9127,2234,2,28.964,10099,9979,9961,9264,8995,8584,8388,8388,Quiesced,4818
glyph32:U+006D,glyph32,5289,classical,shuffled(1),ClassCap,9683,2531,3,39.652,9828,9828,9828,9828,9828,9828,9727,9683,Quiesced,6475
glyph32:U+006D,glyph32,5289,classical,shuffled(2),ClassCap,9248,2667,3,49.797,9580,9580,9580,9580,9580,9296,9173,9173,Quiesced,4175
glyph32:U+006D,glyph32,5289,classical,shuffled(3),ClassCap,9626,3317,4,123.167,9828,9828,9828,9828,9828,9828,9636,9616,Quiesced,7411
glyph32:U+006E,glyph32,2264,classical,production,ClassCap,3708,12175,8,159.570,4329,4329,4274,4274,4076,3971,3940,3798,Quiesced,11451
glyph32:U+006E,glyph32,2264,classical,numeric-first,Timeout,3746,6668,4,200.176,4041,3986,3968,3851,3688,3589,3585,3558,Quiesced,7499
glyph32:U+006E,glyph32,2264,classical,shuffled(1),Timeout,3751,10114,7,200.361,4227,4227,4227,4227,4263,4185,3950,3664,Quiesced,11182
glyph32:U+006E,glyph32,2264,classical,shuffled(2),ClassCap,3663,9776,8,95.562,4119,4119,4119,4119,3996,3996,3736,3673,Quiesced,8099
glyph32:U+006E,glyph32,2264,classical,shuffled(3),ClassCap,3932,18318,8,163.708,4227,4227,4227,4227,4202,4085,3980,3929,ApplicationBudget,12904
glyph32:U+006F,glyph32,5716,classical,production,ClassCap,10218,2702,4,53.054,10888,10888,10738,10638,10638,10638,10068,10068,Quiesced,6319
glyph32:U+006F,glyph32,5716,classical,numeric-first,ClassCap,9686,2075,2,28.767,10738,10638,10638,9886,9586,9229,9077,9077,Quiesced,4614
glyph32:U+006F,glyph32,5716,classical,shuffled(1),ClassCap,10302,2387,3,39.546,10388,10388,10388,10388,10388,10338,10238,10218,Quiesced,6798
glyph32:U+006F,glyph32,5716,classical,shuffled(2),ClassCap,9720,2481,3,36.466,10136,10136,10136,10136,9836,9549,9436,9436,Quiesced,3948
glyph32:U+006F,glyph32,5716,classical,shuffled(3),ClassCap,10216,2820,3,38.920,10388,10388,10388,10388,10388,10368,10200,10200,Quiesced,5851
glyph32:U+0070,glyph32,5406,classical,production,ClassCap,9879,2841,4,50.141,10540,10540,10371,10251,10233,10224,9683,9683,Quiesced,6517
glyph32:U+0070,glyph32,5406,classical,numeric-first,ClassCap,9376,2159,2,25.788,10371,10251,10233,9520,9239,8852,8677,8677,Quiesced,4766
glyph32:U+0070,glyph32,5406,classical,shuffled(1),ClassCap,9952,2451,3,37.210,10080,10080,10080,10080,10080,10003,9662,9662,Quiesced,5734
glyph32:U+0070,glyph32,5406,classical,shuffled(2),ClassCap,9451,2578,3,36.528,9836,9836,9836,9836,9836,9545,9436,9436,Quiesced,4056
glyph32:U+0070,glyph32,5406,classical,shuffled(3),ClassCap,9888,2974,3,39.043,10080,10080,10080,10080,10080,10055,9860,9860,Quiesced,5955
glyph32:U+0071,glyph32,5046,classical,production,ClassCap,9156,3104,4,50.210,9712,9712,9561,9451,9411,8962,8780,8856,Quiesced,10352
glyph32:U+0071,glyph32,5046,classical,numeric-first,ClassCap,8662,2422,2,25.299,9561,9451,9411,8752,8493,8148,7989,7989,Quiesced,5118
glyph32:U+0071,glyph32,5046,classical,shuffled(1),ClassCap,9175,2685,3,37.760,9282,9282,9282,9282,9282,9282,9175,9175,Quiesced,6317
glyph32:U+0071,glyph32,5046,classical,shuffled(2),ClassCap,8761,2866,3,36.494,9072,9072,9072,9072,9072,8813,8662,8662,Quiesced,4421
glyph32:U+0071,glyph32,5046,classical,shuffled(3),ClassCap,9128,3460,3,48.523,9282,9282,9282,9282,9282,9282,9138,9113,Quiesced,7118
glyph32:U+0072,glyph32,2456,classical,production,ClassCap,4152,7671,5,111.547,4771,4771,4696,4666,4637,4326,4230,4235,ApplicationBudget,12804
glyph32:U+0072,glyph32,2456,classical,numeric-first,ClassCap,4135,6916,5,79.651,4467,4392,4362,4225,4020,3873,3853,3816,Quiesced,7285
glyph32:U+0072,glyph32,2456,classical,shuffled(1),ClassCap,4231,10285,8,121.437,4669,4669,4669,4669,4669,4607,4323,4152,Quiesced,10625
glyph32:U+0072,glyph32,2456,classical,shuffled(2),ClassCap,4076,6807,5,89.303,4545,4545,4545,4545,4412,4412,4131,4107,Quiesced,7299
glyph32:U+0072,glyph32,2456,classical,shuffled(3),ClassCap,4396,11259,5,191.735,4669,4669,4669,4669,4669,4554,4304,4262,ApplicationBudget,12801
glyph32:U+0073,glyph32,6929,classical,production,ClassCap,12668,2041,4,102.291,13519,13519,13519,13308,13158,13140,12489,12489,Quiesced,6277
glyph32:U+0073,glyph32,6929,classical,numeric-first,ClassCap,12031,1533,2,41.545,13308,13158,13140,12219,12214,11830,11830,11830,Quiesced,3208
glyph32:U+0073,glyph32,6929,classical,shuffled(1),ClassCap,12787,2098,3,158.041,12919,12919,12919,12919,12919,12919,12787,12787,Quiesced,6028
glyph32:U+0073,glyph32,6929,classical,shuffled(2),ClassCap,12032,1643,3,40.157,12607,12607,12607,12607,12607,12207,12207,12207,Quiesced,2885
glyph32:U+0073,glyph32,6929,classical,shuffled(3),ClassCap,12873,1870,2,37.626,12919,12919,12919,12919,12919,12919,12873,12873,Quiesced,5800
glyph32:U+0074,glyph32,2421,classical,production,ClassCap,4088,7907,5,99.495,4685,4685,4620,4588,4569,4277,4231,4191,ApplicationBudget,13146
glyph32:U+0074,glyph32,2421,classical,numeric-first,ClassCap,4100,7204,5,100.762,4389,4324,4292,4164,3997,3878,4153,4129,Quiesced,7342
glyph32:U+0074,glyph32,2421,classical,shuffled(1),ClassCap,4274,7456,5,182.149,4583,4583,4583,4583,4620,4537,4287,4079,Quiesced,10393
glyph32:U+0074,glyph32,2421,classical,shuffled(2),ClassCap,4046,6620,5,193.983,4472,4472,4472,4472,4343,4343,4082,4037,Quiesced,7512
glyph32:U+0074,glyph32,2421,classical,shuffled(3),Timeout,4286,11263,5,202.817,4583,4583,4583,4583,4583,4477,4247,4224,ApplicationBudget,12877
glyph32:U+0075,glyph32,2493,classical,production,ClassCap,4135,7957,5,108.963,4772,4712,4694,4685,4680,4371,4009,4026,ApplicationBudget,12871
glyph32:U+0075,glyph32,2493,classical,numeric-first,ClassCap,4141,6942,5,117.555,4452,4392,4374,4245,4062,3955,3951,3937,Quiesced,7267
glyph32:U+0075,glyph32,2493,classical,shuffled(1),ClassCap,4373,7317,5,115.108,4657,4657,4657,4657,4657,4612,4352,4192,Quiesced,9643
glyph32:U+0075,glyph32,2493,classical,shuffled(2),ClassCap,4114,6357,5,148.378,4537,4537,4537,4537,4407,4407,4146,4127,Quiesced,7302
glyph32:U+0075,glyph32,2493,classical,shuffled(3),ClassCap,4391,12352,6,199.852,4657,4657,4657,4657,4657,4562,4322,4322,ApplicationBudget,12825
glyph32:U+0076,glyph32,1115,classical,production,Timeout,1637,15236,6,200.318,2095,2060,2048,1948,1867,1781,1580,1564,ApplicationBudget,13181
glyph32:U+0076,glyph32,1115,classical,numeric-first,Timeout,1644,14320,6,202.928,1903,1876,1864,1756,1704,1762,1738,1577,ApplicationBudget,12808
glyph32:U+0076,glyph32,1115,classical,shuffled(1),Timeout,1566,20683,8,200.451,2046,2046,2046,2031,1916,1752,1732,1678,ApplicationBudget,12965
glyph32:U+0076,glyph32,1115,classical,shuffled(2),Timeout,1647,17285,7,200.747,1982,1982,1982,1924,1836,1804,1804,1728,ApplicationBudget,12842
glyph32:U+0076,glyph32,1115,classical,shuffled(3),Timeout,1633,14750,5,200.793,2046,2046,2046,2026,2010,1941,1933,1897,ApplicationBudget,12816
glyph32:U+0077,glyph32,3663,classical,production,ClassCap,6577,3978,4,52.448,7235,7235,7131,7131,7021,6521,6480,6403,Quiesced,11583
glyph32:U+0077,glyph32,3663,classical,numeric-first,ClassCap,6367,3631,3,69.677,7131,7021,6495,6445,6235,5837,5646,5646,Quiesced,5969
glyph32:U+0077,glyph32,3663,classical,shuffled(1),ClassCap,6608,3700,5,147.371,6945,6945,6945,6945,6945,6899,6499,6251,Quiesced,8344
glyph32:U+0077,glyph32,3663,classical,shuffled(2),ClassCap,6366,4372,6,147.760,6755,6755,6755,6755,6560,6560,6388,6388,Quiesced,5368
glyph32:U+0077,glyph32,3663,classical,shuffled(3),ClassCap,6624,5932,4,151.079,6945,6945,6945,6945,6945,6821,6714,6604,Quiesced,9293
glyph32:U+0078,glyph32,343,classical,production,Timeout,599,14396,4,398.347,772,732,708,621,560,432,403,407,ApplicationBudget,13277
glyph32:U+0078,glyph32,343,classical,numeric-first,Timeout,559,15392,5,301.325,756,716,786,746,706,578,408,407,ApplicationBudget,13016
glyph32:U+0078,glyph32,343,classical,shuffled(1),Timeout,418,19766,6,496.058,752,736,688,655,610,570,442,418,ApplicationBudget,12875
glyph32:U+0078,glyph32,343,classical,shuffled(2),Timeout,559,16580,6,495.183,736,736,736,672,635,599,546,418,ApplicationBudget,13641
glyph32:U+0078,glyph32,343,classical,shuffled(3),Timeout,586,9983,4,205.656,762,762,762,752,696,639,599,559,ApplicationBudget,12950
glyph32:U+0079,glyph32,3530,classical,production,ClassCap,6260,4251,4,95.513,6937,6937,6826,6726,6685,6215,6203,6097,Quiesced,11496
glyph32:U+0079,glyph32,3530,classical,numeric-first,ClassCap,6114,3875,4,160.863,6826,6726,6213,6179,5985,5631,5475,5475,Quiesced,6019
glyph32:U+0079,glyph32,3530,classical,shuffled(1),ClassCap,6269,3749,4,44.968,6652,6652,6652,6652,6652,6598,6213,6089,Quiesced,7286
glyph32:U+0079,glyph32,3530,classical,shuffled(2),ClassCap,6126,4163,4,166.807,6465,6465,6465,6465,6465,6281,6113,6113,Quiesced,5774
glyph32:U+0079,glyph32,3530,classical,shuffled(3),ClassCap,6343,6239,4,163.199,6652,6652,6652,6652,6652,6521,6417,6370,Quiesced,9478
glyph32:U+007A,glyph32,255,classical,production,Timeout,383,20143,5,200.160,506,491,458,402,404,353,345,345,ApplicationBudget,12851
glyph32:U+007A,glyph32,255,classical,numeric-first,Timeout,353,20351,6,279.799,490,557,536,522,512,345,366,352,ApplicationBudget,12846
glyph32:U+007A,glyph32,255,classical,shuffled(1),Quiesced,331,32158,11,70.601,486,462,442,412,398,388,358,331,ApplicationBudget,12917
glyph32:U+007A,glyph32,255,classical,shuffled(2),Timeout,345,26453,8,208.063,463,455,455,440,430,397,383,344,ApplicationBudget,12887
glyph32:U+007A,glyph32,255,classical,shuffled(3),Timeout,369,15017,5,318.712,496,496,496,468,428,407,393,383,ApplicationBudget,13135
glyph32:U+007B,glyph32,4598,classical,production,ClassCap,8171,3293,4,48.705,8901,8901,8760,8665,8650,8266,8103,8071,Quiesced,11100
glyph32:U+007B,glyph32,4598,classical,numeric-first,ClassCap,7947,2665,2,24.371,8760,8665,8090,8086,7858,7566,7417,7417,Quiesced,5491
glyph32:U+007B,glyph32,4598,classical,shuffled(1),ClassCap,8340,2987,4,47.473,8521,8521,8521,8521,8521,8597,8416,8347,Quiesced,6844
glyph32:U+007B,glyph32,4598,classical,shuffled(2),ClassCap,7954,3399,4,47.315,8341,8341,8341,8341,8113,7834,7688,7688,Quiesced,4464
glyph32:U+007B,glyph32,4598,classical,shuffled(3),ClassCap,8314,3892,3,37.788,8521,8521,8521,8521,8521,8496,8339,8284,Quiesced,7946
glyph32:U+007C,glyph32,119,classical,production,Quiesced,133,15325,7,38.771,189,180,153,149,149,137,131,131,ApplicationBudget,12958
glyph32:U+007C,glyph32,119,classical,numeric-first,Quiesced,133,16006,7,41.984,185,172,153,142,142,142,142,148,ApplicationBudget,13071
glyph32:U+007C,glyph32,119,classical,shuffled(1),Quiesced,136,8413,8,15.595,177,174,155,142,146,146,146,146,ApplicationBudget,13213
glyph32:U+007C,glyph32,119,classical,shuffled(2),Quiesced,133,12301,7,21.718,177,206,177,238,226,226,209,170,ApplicationBudget,12919
glyph32:U+007C,glyph32,119,classical,shuffled(3),Timeout,135,16240,6,284.822,173,173,173,158,140,135,135,135,ApplicationBudget,13114
glyph32:U+007D,glyph32,4598,classical,production,ClassCap,8172,3294,4,50.225,8901,8901,8760,8665,8650,8266,8113,8081,Quiesced,11087
glyph32:U+007D,glyph32,4598,classical,numeric-first,ClassCap,7957,2690,2,25.319,8760,8665,8090,8086,7858,7566,7427,7427,Quiesced,5539
glyph32:U+007D,glyph32,4598,classical,shuffled(1),ClassCap,8346,3007,4,46.870,8521,8521,8521,8521,8521,8597,8416,8357,Quiesced,6876
glyph32:U+007D,glyph32,4598,classical,shuffled(2),ClassCap,7964,3391,4,46.530,8341,8341,8341,8341,8113,7844,7698,7698,Quiesced,4469
glyph32:U+007D,glyph32,4598,classical,shuffled(3),ClassCap,8328,3894,3,38.819,8521,8521,8521,8521,8521,8496,8353,8303,Quiesced,7960
glyph32:U+007E,glyph32,5093,classical,production,ClassCap,9338,3002,4,51.363,9925,9925,9768,9663,9663,9223,9051,9146,Quiesced,10076
glyph32:U+007E,glyph32,5093,classical,numeric-first,ClassCap,8784,2343,2,25.053,9768,9663,8943,8943,8679,8239,8059,8059,Quiesced,4930
glyph32:U+007E,glyph32,5093,classical,shuffled(1),ClassCap,9380,2595,3,36.341,9485,9485,9485,9485,9485,9485,9396,9374,Quiesced,6609
glyph32:U+007E,glyph32,5093,classical,shuffled(2),ClassCap,8955,2751,3,35.134,9205,9205,9205,9205,9205,8941,8805,8805,Quiesced,4293
glyph32:U+007E,glyph32,5093,classical,shuffled(3),ClassCap,9323,3244,3,38.466,9485,9485,9485,9485,9485,9485,9376,9322,Quiesced,7594
psychedelic,psychedelic,102,classical,production,ClassCap,766,9828,6,52.278,803,806,806,801,801,806,806,798,ApplicationBudget,12861
psychedelic,psychedelic,102,classical,numeric-first,ClassCap,800,7660,5,42.634,772,781,786,785,785,785,785,828,ApplicationBudget,12825
psychedelic,psychedelic,102,classical,shuffled(1),ClassCap,824,10547,6,47.431,808,808,808,806,801,801,801,781,ApplicationBudget,13409
psychedelic,psychedelic,102,classical,shuffled(2),ClassCap,812,9997,6,46.789,792,801,797,797,790,789,789,766,ApplicationBudget,12845
psychedelic,psychedelic,102,classical,shuffled(3),ClassCap,774,10232,7,64.494,813,813,813,813,811,816,816,787,ApplicationBudget,14325
shader:cosine_palette,shader,40,rapid,production,ClassCap,292,4986,8,29.604,300,300,300,300,300,300,296,296,Quiesced,6640
shader:cosine_palette,shader,40,rapid,numeric-first,ClassCap,296,5536,8,27.010,300,296,296,296,296,296,296,296,Quiesced,7959
shader:cosine_palette,shader,40,rapid,shuffled(1),ClassCap,295,4400,7,21.805,308,300,300,299,298,298,294,294,Quiesced,5987
shader:cosine_palette,shader,40,rapid,shuffled(2),ClassCap,296,6478,9,30.273,308,308,299,296,296,296,292,292,Quiesced,6842
shader:cosine_palette,shader,40,rapid,shuffled(3),ClassCap,292,4550,8,26.723,308,308,300,295,295,295,294,294,Quiesced,9176
shader:domain_warp_fbm,shader,84,classical,production,ClassCap,441,8806,7,70.152,489,489,489,489,489,462,454,463,ApplicationBudget,12938
shader:domain_warp_fbm,shader,84,classical,numeric-first,ClassCap,449,11041,11,97.779,462,462,462,461,461,461,452,441,ApplicationBudget,12825
shader:domain_warp_fbm,shader,84,classical,shuffled(1),ClassCap,458,8148,7,55.721,489,489,489,469,464,464,464,457,Quiesced,11785
shader:domain_warp_fbm,shader,84,classical,shuffled(2),ClassCap,468,8892,8,59.648,446,446,446,446,450,448,466,465,ClassCap,10875
shader:domain_warp_fbm,shader,84,classical,shuffled(3),ClassCap,456,9768,8,64.550,462,462,462,462,462,460,457,445,ApplicationBudget,12908
shader:gyroid_slice,shader,44,rapid,production,Quiesced,938,8652,9,14.503,938,938,938,938,938,938,938,938,Quiesced,9702
shader:gyroid_slice,shader,44,rapid,numeric-first,Quiesced,938,9893,10,16.187,938,938,938,938,938,938,938,938,Quiesced,12641
shader:gyroid_slice,shader,44,rapid,shuffled(1),Quiesced,938,12046,11,18.977,938,938,938,938,938,938,938,938,Quiesced,11184
shader:gyroid_slice,shader,44,rapid,shuffled(2),Quiesced,938,11261,11,18.210,938,938,938,938,938,938,938,938,Quiesced,11408
shader:gyroid_slice,shader,44,rapid,shuffled(3),Quiesced,938,11631,11,18.656,938,938,938,938,938,938,938,938,Quiesced,11319
shader:julia_set,shader,122,classical,production,ClassCap,683,19334,10,92.771,660,660,660,660,660,728,676,676,ApplicationBudget,13549
shader:julia_set,shader,122,classical,numeric-first,ClassCap,652,25081,11,100.999,631,611,611,611,611,611,676,659,ApplicationBudget,13444
shader:julia_set,shader,122,classical,shuffled(1),ClassCap,748,24543,11,97.835,660,660,660,660,636,686,676,678,ApplicationBudget,13155
shader:julia_set,shader,122,classical,shuffled(2),ClassCap,690,36056,14,183.924,661,661,661,661,661,701,686,686,ApplicationBudget,13227
shader:julia_set,shader,122,classical,shuffled(3),ClassCap,686,27911,12,137.309,660,660,660,660,686,676,676,670,ApplicationBudget,12967
shader:kaleidoscope_fold,shader,46,rapid,production,Quiesced,554,601,5,2.037,554,554,554,554,554,554,554,554,Quiesced,600
shader:kaleidoscope_fold,shader,46,rapid,numeric-first,Quiesced,554,589,5,2.008,554,554,554,554,554,554,554,554,Quiesced,562
shader:kaleidoscope_fold,shader,46,rapid,shuffled(1),Quiesced,554,592,5,2.038,554,554,554,554,554,554,554,554,Quiesced,589
shader:kaleidoscope_fold,shader,46,rapid,shuffled(2),Quiesced,554,617,5,1.996,554,554,554,554,554,554,554,554,Quiesced,728
shader:kaleidoscope_fold,shader,46,rapid,shuffled(3),Quiesced,554,601,5,2.086,554,554,554,554,554,554,554,554,Quiesced,578
shader:mandelbrot_distance,shader,152,classical,production,Timeout,577,27658,6,253.307,622,614,606,584,576,596,604,604,ApplicationBudget,13197
shader:mandelbrot_distance,shader,152,classical,numeric-first,Timeout,574,26660,7,326.054,573,562,554,554,554,553,537,537,ApplicationBudget,12867
shader:mandelbrot_distance,shader,152,classical,shuffled(1),Timeout,562,25164,6,255.507,638,634,618,628,607,608,607,605,ApplicationBudget,13124
shader:mandelbrot_distance,shader,152,classical,shuffled(2),Timeout,591,17754,6,220.233,608,594,593,589,577,562,604,542,ApplicationBudget,12993
shader:mandelbrot_distance,shader,152,classical,shuffled(3),Timeout,602,31920,7,200.221,651,651,647,629,558,577,576,623,ApplicationBudget,13479
shader:metaballs,shader,62,classical,production,Timeout,202,23264,6,286.185,155,155,151,151,151,151,135,135,ApplicationBudget,12904
shader:metaballs,shader,62,classical,numeric-first,Timeout,195,26696,8,239.082,147,147,143,143,135,135,135,139,ApplicationBudget,12910
shader:metaballs,shader,62,classical,shuffled(1),Timeout,139,24890,8,219.568,147,139,139,139,139,139,154,139,ApplicationBudget,12899
shader:metaballs,shader,62,classical,shuffled(2),Timeout,159,30548,9,226.294,147,147,147,139,139,139,139,139,ApplicationBudget,13866
shader:metaballs,shader,62,classical,shuffled(3),Timeout,135,18468,7,217.792,139,139,139,139,135,135,135,135,ApplicationBudget,13013
shader:plasma,shader,41,rapid,production,ClassCap,363,5584,7,22.746,363,363,363,363,363,363,363,363,Quiesced,8800
shader:plasma,shader,41,rapid,numeric-first,ClassCap,363,7872,7,22.099,363,363,363,363,363,363,363,363,Quiesced,10881
shader:plasma,shader,41,rapid,shuffled(1),ClassCap,363,6975,7,23.219,363,363,363,363,363,363,363,363,Quiesced,10064
shader:plasma,shader,41,rapid,shuffled(2),ClassCap,363,7458,7,20.936,363,363,363,363,363,363,363,363,Quiesced,9172
shader:plasma,shader,41,rapid,shuffled(3),ClassCap,363,7000,7,21.329,363,363,363,363,363,363,363,363,Quiesced,10479
shader:smooth_min_scene,shader,43,rapid,production,Timeout,124,15374,9,50.111,129,124,124,124,134,134,124,124,ApplicationBudget,13241
shader:smooth_min_scene,shader,43,rapid,numeric-first,Timeout,134,20258,12,53.832,128,128,133,128,128,129,139,129,ApplicationBudget,12933
shader:smooth_min_scene,shader,43,rapid,shuffled(1),Timeout,124,16456,11,50.052,128,124,124,129,124,124,124,124,ApplicationBudget,12820
shader:smooth_min_scene,shader,43,rapid,shuffled(2),ClassCap,134,16631,11,46.386,128,128,128,129,128,128,128,128,ApplicationBudget,12828
shader:smooth_min_scene,shader,43,rapid,shuffled(3),Timeout,134,24529,13,50.148,129,129,124,124,124,129,125,124,ApplicationBudget,12897
shader:smoothstep_vignette,shader,64,classical,production,Quiesced,161,1596,5,4.079,162,161,161,161,161,161,161,161,Quiesced,2070
shader:smoothstep_vignette,shader,64,classical,numeric-first,Quiesced,161,1797,6,4.481,162,162,161,161,161,161,161,161,Quiesced,2449
shader:smoothstep_vignette,shader,64,classical,shuffled(1),Quiesced,161,1650,6,4.051,162,162,161,161,161,161,161,161,Quiesced,2026
shader:smoothstep_vignette,shader,64,classical,shuffled(2),Quiesced,161,1768,6,4.412,162,161,161,161,161,161,161,161,Quiesced,2043
shader:smoothstep_vignette,shader,64,classical,shuffled(3),Quiesced,161,1448,5,3.749,162,162,161,161,161,161,161,161,Quiesced,2029
shader:star_sdf,shader,66,classical,production,ClassCap,169,17662,9,75.447,195,185,185,185,185,185,185,169,ApplicationBudget,12871
shader:star_sdf,shader,66,classical,numeric-first,ClassCap,169,21653,10,77.012,168,169,169,169,169,169,169,169,ApplicationBudget,13426
shader:star_sdf,shader,66,classical,shuffled(1),ClassCap,169,18414,10,69.685,178,178,168,169,169,169,169,169,ApplicationBudget,12922
shader:star_sdf,shader,66,classical,shuffled(2),ClassCap,169,21892,10,74.164,168,168,168,168,169,169,169,169,ApplicationBudget,12897
shader:star_sdf,shader,66,classical,shuffled(3),ClassCap,169,19027,9,66.846,178,178,169,169,169,169,169,169,ApplicationBudget,12911
shader:torus_slice,shader,42,rapid,production,ClassCap,141,17411,11,34.936,136,136,136,136,136,136,141,141,ApplicationBudget,12939
shader:torus_slice,shader,42,rapid,numeric-first,ClassCap,141,15822,11,27.082,136,136,136,136,136,141,141,141,ApplicationBudget,13142
shader:torus_slice,shader,42,rapid,shuffled(1),ClassCap,141,15081,11,27.249,136,136,136,136,136,136,141,141,ApplicationBudget,12890
shader:torus_slice,shader,42,rapid,shuffled(2),ClassCap,141,14543,10,24.391,136,136,136,136,136,141,141,141,ApplicationBudget,13415
shader:torus_slice,shader,42,rapid,shuffled(3),ClassCap,141,15877,11,30.573,136,136,136,136,144,141,141,141,ApplicationBudget,12880
